rule_id,scenario_id,family,name,priority,type,stage,status,disposition,can_deny,data_support,data_support_reason,required_canonical_fields,implementation,owner,exclusions,catalogue_trigger,catalogue_disposition,governance_note,rule_fingerprint,run_outcome,signals_this_run,elapsed_ms,data_support_on_this_run,support_basis,support_reason,missing_for_unlock
ANL-01-R01,ANL-01,ANL,Robust peer composite,P1,S,MODEL_MONTHLY,shadow,POSTPAY_AUDIT,False,EXECUTABLE,Fully implemented and fully auditable. This is THE BENCHMARK every model must beat and the system's explainable fallback when every model is switched off. Per-feature contributions are stored in ORIGINAL UNITS so a reviewer can reconstruct the score by hand from the weights in config/parameters.yaml.,,anl_01_r01_robust_composite,analytics,insufficient_peer_evidence; posterior_interval_too_wide; below_minimum_denominator; specialty_setting_size_peer_mismatch,Weighted robust residuals across scenario-aligned features exceed calibrated threshold,Explainable entity lead,,dba73d13ce8e6b44,TRIGGERED,125,218.94,EXECUTABLE,catalogue,Fully implemented and fully auditable. This is THE BENCHMARK every model must beat and the system's explainable fallback when every model is switched off. Per-feature contributions are stored in ORIGINAL UNITS so a reviewer can reconstruct the score by hand from the weights in config/parameters.yaml.,
ANL-01-R02,ANL-01,ANL,Self-history changepoint,P1,S,MODEL_MONTHLY,shadow,POSTPAY_AUDIT,False,EXECUTABLE,"CUSUM and EWMA on monthly normalised provider VALUE and FREQUENCY both run, with cfg.min_history_periods enforced before a change point may be declared, and pre-change mean, post-change mean, change date and confidence stored for every one. MIX and DENIAL behaviour are unavailable (no codes, no remittance) and the signal names which metrics were evaluated.",contract.effective_dates (to segment known structural change),anl_01_r02_self_history_changepoint,analytics,known_tariff_change_segment; contract_change_segment; ownership_change_segment; insufficient_history,"CUSUM/Bayesian changepoint on value, mix, frequency or denial behavior",Entity lead,,ebaa52109e05728f,TRIGGERED,43,4986.55,EXECUTABLE,catalogue,"CUSUM and EWMA on monthly normalised provider VALUE and FREQUENCY both run, with cfg.min_history_periods enforced before a change point may be declared, and pre-change mean, post-change mean, change date and confidence stored for every one. MIX and DENIAL behaviour are unavailable (no codes, no remittance) and the signal names which metrics were evaluated.",
ANL-01-R03,ANL-01,ANL,Unsupervised incremental anomaly,P1,M,MODEL_MONTHLY,shadow,MONITOR_ONLY,False,EXECUTABLE,"Isolation Forest and Local Outlier Factor are trained on a strictly earlier period with entity isolation, scored on a later one, explained with SHAP in original units beside the peer value, and monitored for drift. The disposition is MONITOR_ONLY — the catalogue's own choice — and the safety boundary makes it impossible for this control to be anything else. Whether it adds lift beyond R01/R02 is DECIDED BY THE PROMOTION GATE at run time and reported honestly either way.",,anl_01_r03_unsupervised_incremental,analytics,entity_in_training_period; already_flagged_by_transparent_composite; model_in_shadow_status; drift_breach_active,Benchmarked model flags entity and adds lift beyond R01/R02,Monitor/SIU only,,418bf1d5a1524f53,TRIGGERED,162,6705.59,EXECUTABLE,catalogue,"Isolation Forest and Local Outlier Factor are trained on a strictly earlier period with entity isolation, scored on a later one, explained with SHAP in original units beside the peer value, and monitored for drift. The disposition is MONITOR_ONLY — the catalogue's own choice — and the safety boundary makes it impossible for this control to be anything else. Whether it adds lift beyond R01/R02 is DECIDED BY THE PROMOTION GATE at run time and reported honestly either way.",
ANL-01-R04,ANL-01,ANL,Novel-cluster discovery,P1,M,MODEL_MONTHLY,shadow,MONITOR_ONLY,False,EXECUTABLE,"HDBSCAN over the residual space produces candidate clusters for the quarterly typology review. Disposition is MONITOR_ONLY only, and no production action follows until a human converts a cluster into an authored rule — which itself enters the registry in shadow status and requires a separate approver.",,anl_01_r04_novel_cluster,policy_owner,exploratory_only_no_production_action; below_minimum_cluster_size; noise_points_excluded; requires_analyst_review_before_rule_authoring,Analyst-reviewed cluster exhibits coherent new typology and material exposure,Rule-development candidate,,24575fbdd788e43b,TRIGGERED,3,7.97,EXECUTABLE,catalogue,"HDBSCAN over the residual space produces candidate clusters for the quarterly typology review. Disposition is MONITOR_ONLY only, and no production action follows until a human converts a cluster into an authored rule — which itself enters the registry in shadow status and requires a separate approver.",
CLN-01-R01,CLN-01,CLN,High-level code share,P0,S,MODEL_MONTHLY,shadow,POSTPAY_AUDIT,False,PARTIAL,"There are no code levels to take a share of. The implemented PROXY is the provider's rate of icd_code_matches_procedure = False, shrunk toward the diagnosis-chapter peer mean by empirical Bayes. That measures coding-integrity pressure, not level intensity, and the signal says so on its face; it is a weaker fact than the catalogue control and is classified PARTIAL for that reason.",claim_line.activity_code (code family and level); provider.specialty,cln_01_r01_coding_mismatch_rate,coding_policy,case_mix_difference; specialty_difference; setting_difference; below_minimum_denominator; posterior_interval_too_wide,Highest-paid level share in code family exceeds shrunk peer percentile,Provider coding case,,fcafa535fe780cc6,TRIGGERED,8,221.64,PARTIAL,catalogue,"There are no code levels to take a share of. The implemented PROXY is the provider's rate of icd_code_matches_procedure = False, shrunk toward the diagnosis-chapter peer mean by empirical Bayes. That measures coding-integrity pressure, not level intensity, and the signal says so on its face; it is a weaker fact than the catalogue control and is classified PARTIAL for that reason.",claim_line; activity_code_reference
CLN-01-R02,CLN-01,CLN,Expected-level residual,P0,S/M,POSTPAY_DAILY,shadow,PREPAY_PEND,False,PARTIAL,"Implemented as an interpretable EXPECTED-AMOUNT residual rather than an expected-LEVEL residual: the expectation is built from primary diagnosis, length of stay and policy type (age and setting are unavailable), and the residual is robust (median/MAD). This is the same shape of control against a coarser target, and it is classified PARTIAL because 'level' does not exist in the source.",claim_line.activity_code; member.date_of_birth; encounter.encounter_type,cln_01_r02_expected_level_residual,coding_policy,case_mix_difference; no_document_features_available; los_zero_or_missing; insufficient_peer_evidence,"Billed level exceeds level predicted from diagnoses, age, setting and prior utilization by cfg.delta",Prepay sample,,7b2ae39d564b2b99,TRIGGERED,222,570.04,PARTIAL,catalogue,"Implemented as an interpretable EXPECTED-AMOUNT residual rather than an expected-LEVEL residual: the expectation is built from primary diagnosis, length of stay and policy type (age and setting are unavailable), and the residual is robust (median/MAD). This is the same shape of control against a coarser target, and it is classified PARTIAL because 'level' does not exist in the source.",
CLN-01-R03,CLN-01,CLN,Documentation-level conflict,P0,E/T,PREPAY_ASYNC,shadow,PREPAY_PEND,False,PARTIAL,"Runs ONLY against clearly-labelled SYNTHETIC discharge summaries generated by this artefact (data/synthetic_documents/, every filename and body marked SYNTHETIC). the claim extract contains no documents. Every finding carries a source span, and a finding without a span is discarded by the pipeline rather than shown with a caveat.",observation.attachment_ref; document.text; document.language; real clinical documentation with OCR confidence,cln_01_r03_documentation_level_conflict,clinical_policy,extraction_confidence_below_threshold; no_source_span_finding_discarded; language_not_validated; human_review_required_before_action,Extracted work/severity/time elements do not meet policy for billed level,Coding pend,,ad1d16cff45d03d4,TRIGGERED,12,128.84,PARTIAL,catalogue,"Runs ONLY against clearly-labelled SYNTHETIC discharge summaries generated by this artefact (data/synthetic_documents/, every filename and body marked SYNTHETIC). the claim extract contains no documents. Every finding carries a source span, and a finding without a span is discarded by the pipeline rather than shown with a caveat.",
CLN-01-R04,CLN-01,CLN,Level migration changepoint,P0,S,MODEL_MONTHLY,shadow,POSTPAY_AUDIT,False,NOT_EXECUTABLE_ON_THIS_DATASET,No code levels to migrate between. The analogous self-history changepoint on billed AMOUNT is implemented as ANL-01-R02.,claim_line.activity_code,,analytics,segment_known_structural_changes,Provider abruptly shifts to higher code levels absent case-mix/contract change,Postpay sample audit,,28215e3c7aca3da9,NOT_EXECUTABLE_ON_THIS_DATASET,0,0.03,NOT_EXECUTABLE_ON_THIS_DATASET,catalogue,No code levels to migrate between. The analogous self-history changepoint on billed AMOUNT is implemented as ANL-01-R02.,claim_line; activity_code_reference
CLN-02-R01,CLN-02,CLN,Payment-changing secondary diagnosis,P0,H/E,POSTPAY_DAILY,shadow,POSTPAY_AUDIT,False,NOT_EXECUTABLE_ON_THIS_DATASET,Exactly one principal diagnosis per claim; there are no secondary diagnoses to remove and no DRG grouper.,diagnosis.sequence (secondary codes); drg_grouper.*,,coding_policy,current_grouper; audit_policy,Removing suspect secondary diagnosis lowers DRG/payment and code lacks required supporting evidence,Coding audit candidate,,7c87e92b3312360c,NOT_EXECUTABLE_ON_THIS_DATASET,0,0.19,NOT_EXECUTABLE_ON_THIS_DATASET,catalogue,Exactly one principal diagnosis per claim; there are no secondary diagnoses to remove and no DRG grouper.,drg_grouper
CLN-02-R02,CLN-02,CLN,Comorbidity prevalence outlier,P0,S,MODEL_MONTHLY,shadow,POSTPAY_AUDIT,False,NOT_EXECUTABLE_ON_THIS_DATASET,No secondary or comorbidity codes.,diagnosis.sequence; drg_grouper.*,,analytics,drg; age; transfer; specialty; minimum_volume,Provider's CC/MCC or local severity-code rate exceeds risk-adjusted peers,Provider case,,5b659ed6e7c66d5f,NOT_EXECUTABLE_ON_THIS_DATASET,0,0.01,NOT_EXECUTABLE_ON_THIS_DATASET,catalogue,No secondary or comorbidity codes.,drg_grouper
CLN-02-R03,CLN-02,CLN,Prior-history inconsistency,P0,E/S,POSTPAY_DAILY,shadow,POSTPAY_AUDIT,False,NOT_EXECUTABLE_ON_THIS_DATASET,"A member's longitudinal history here is at most six claims with one code each, which is far too thin to establish a material conflict. The catalogue itself warns that 'absence is weak evidence'; on this data it would be no evidence.",diagnosis.sequence; longitudinal member history across payers,,clinical_policy,new_diagnoses_allowed; absence_is_weak_evidence,Acute/severe diagnosis materially conflicts with longitudinal history and episode evidence,Prioritize record review,,bfd67157ae3adc9b,NOT_EXECUTABLE_ON_THIS_DATASET,0,0.01,NOT_EXECUTABLE_ON_THIS_DATASET,catalogue,"A member's longitudinal history here is at most six claims with one code each, which is far too thin to establish a material conflict. The catalogue itself warns that 'absence is weak evidence'; on this data it would be no evidence.",drg_grouper
CLN-02-R04,CLN-02,CLN,POA/sequencing conflict,P0,H/E,PREPAY_SYNC,shadow,PREPAY_PEND,False,NOT_EXECUTABLE_ON_THIS_DATASET,No present-on-admission indicator and no diagnosis sequence.,diagnosis.present_on_admission; diagnosis.sequence,,coding_policy,transfer; obstetric; newborn_rules,POA or principal/secondary sequence violates effective coding policy,Coding pend,,9886cf962b595c80,NOT_EXECUTABLE_ON_THIS_DATASET,0,0.27,NOT_EXECUTABLE_ON_THIS_DATASET,catalogue,No present-on-admission indicator and no diagnosis sequence.,diagnosis.present_on_admission
CLN-02-R05,CLN-02,CLN,Severity-mix changepoint,P0,S,MODEL_MONTHLY,shadow,POSTPAY_AUDIT,False,NOT_EXECUTABLE_ON_THIS_DATASET,No severity index can be computed without secondary diagnoses.,diagnosis.sequence; drg_grouper.*,,analytics,service_line_expansion_segmentation,"Severity index increases without corresponding procedure, LOS or referral shift",Postpay audit,,7b931910d13b01d1,NOT_EXECUTABLE_ON_THIS_DATASET,0,0.01,NOT_EXECUTABLE_ON_THIS_DATASET,catalogue,No severity index can be computed without secondary diagnoses.,drg_grouper
CLN-03-R01,CLN-03,CLN,Impossible diagnosis-procedure pair,P1,H,PREPAY_SYNC,shadow,PREPAY_PEND,False,PARTIAL,"Runs on icd_code_matches_procedure = False, which is a boolean VERDICT with no procedure behind it: it records that some upstream process judged a mismatch, without the evidence for that judgement. The disposition is therefore DOWNGRADED from the catalogue's first-named REJECT to the pend limb: a denial is permitted only on an objective, effective-dated condition this system can evaluate itself, and another system's undocumented verdict is not one. The same field also feeds CLN-01-R01 as a provider-level rate.",claim_line.activity_code; claim_line.units; claim_line.net_amount; dx_proc_prohibition_table.*,cln_03_r01_dx_procedure_mismatch,coding_policy,only_rules_marked_hard_true_may_reject; upstream_verdict_not_re_derivable; approved_clinical_exception; procedure_detail_unavailable,Pair explicitly prohibited by authoritative rule,Reject/pend,"Disposition downgraded from REJECT to PREPAY_PEND: the trigger is an upstream boolean verdict, not an objective condition this system can re-derive, so it cannot support a denial.",d3c143ddc4420887,TRIGGERED,1382,83.94,PARTIAL,catalogue,"Runs on icd_code_matches_procedure = False, which is a boolean VERDICT with no procedure behind it: it records that some upstream process judged a mismatch, without the evidence for that judgement. The disposition is therefore DOWNGRADED from the catalogue's first-named REJECT to the pend limb: a denial is permitted only on an objective, effective-dated condition this system can evaluate itself, and another system's undocumented verdict is not one. The same field also feeds CLN-01-R01 as a provider-level rate.",
CLN-03-R02,CLN-03,CLN,Unsupported indication,P1,E,PREPAY_ASYNC,shadow,PREPAY_PEND,False,NOT_EXECUTABLE_ON_THIS_DATASET,Requires procedures and a curated indication policy.,claim_line.activity_code; claim_line.units; claim_line.net_amount; indication_policy.*,,clinical_policy,lookback; accepted_indication_groups,No same-episode or lookback indication in curated policy,Clinical review,,4cbf6f780445d2f3,NOT_EXECUTABLE_ON_THIS_DATASET,0,0.04,NOT_EXECUTABLE_ON_THIS_DATASET,catalogue,Requires procedures and a curated indication policy.,claim_line; indication_policy
CLN-03-R03,CLN-03,CLN,Procedure sequence conflict,P1,E,POSTPAY_DAILY,shadow,PREPAY_PEND,False,NOT_EXECUTABLE_ON_THIS_DATASET,No procedures and no results.,claim_line.activity_code; claim_line.units; claim_line.net_amount; observation.*,,clinical_policy,external_services; data_latency,Prerequisite procedure/result absent or service occurs in impossible order,Pend/audit,,f15019ddb2902d9f,NOT_EXECUTABLE_ON_THIS_DATASET,0,0.01,NOT_EXECUTABLE_ON_THIS_DATASET,catalogue,No procedures and no results.,claim_line; care_pathway_policy
CLN-03-R04,CLN-03,CLN,Rare pair/specialty anomaly,P1,S,MODEL_MONTHLY,shadow,MONITOR_ONLY,False,NOT_EXECUTABLE_ON_THIS_DATASET,No procedure pairs and no licensed specialty.,claim_line.activity_code; claim_line.units; claim_line.net_amount; claim_line.rendering_clinician_id; claim_line.ordering_clinician_id; provider.specialty,,analytics,minimum_volume; exploratory_only,Provider's rare combinations exceed specialty peer prevalence,Monitor/policy review,,3b5a9fc8ee48b4db,NOT_EXECUTABLE_ON_THIS_DATASET,0,0.34,NOT_EXECUTABLE_ON_THIS_DATASET,catalogue,No procedure pairs and no licensed specialty.,claim_line; provider.specialty
CLN-04-R01,CLN-04,CLN,Minimum repeat interval,P0,E,PREPAY_SYNC,shadow,PREPAY_PEND,False,PARTIAL,"'Same or equivalent service' is approximated by the same primary diagnosis for the same member, because there are no service codes. The interval test itself runs exactly as specified against cfg.min_repeat_interval_days.",claim_line.activity_code; claim_line.units; claim_line.net_amount; observation.*; repeat_interval_policy.*,cln_04_r01_minimum_repeat_interval,clinical_policy,accepted_clinical_indicator; code_family_permits_repeat; required_observation_present; planned_staged_care; chemotherapy_or_dialysis_pathway,Same/equivalent service repeated inside policy interval without accepted indicator,Clinical pend,,d2e6592fc5892d09,TRIGGERED,563,5984.85,PARTIAL,catalogue,"'Same or equivalent service' is approximated by the same primary diagnosis for the same member, because there are no service codes. The interval test itself runs exactly as specified against cfg.min_repeat_interval_days.",claim_line; repeat_interval_policy
CLN-04-R02,CLN-04,CLN,Episode frequency excess,P0,E/S,POSTPAY_DAILY,shadow,PREPAY_PEND,False,PARTIAL,"Member-level admission counts within the utilisation window are computable and are compared against cfg.member_repeat_service_threshold. Risk adjustment for age is not possible (no demographics), so the peer comparison is diagnosis-based only.",claim_line.activity_code; claim_line.units; claim_line.net_amount; member.date_of_birth; member.sex; care_pathway_policy.*,cln_04_r02_episode_frequency_excess,clinical_policy,chronic_care_pathway; oncology_or_dialysis_pathway; age_risk_adjustment_unavailable; maternity_pathway,Count per episode/member exceeds policy maximum or risk-adjusted peer threshold,Pend/audit,,37d79b744af98164,TRIGGERED,492,8052.87,PARTIAL,catalogue,"Member-level admission counts within the utilisation window are computable and are compared against cfg.member_repeat_service_threshold. Risk adjustment for age is not possible (no demographics), so the peer comparison is diagnosis-based only.",claim_line; activity_code_reference
CLN-04-R03,CLN-04,CLN,No result before repeat,P0,E,PREPAY_ASYNC,shadow,PREPAY_PEND,False,NOT_EXECUTABLE_ON_THIS_DATASET,No results or reports exist.,observation.value; observation.event_time,,clinical_policy,result_latency; failed; inconclusive_test,Repeat diagnostic service occurs while prior result/report is absent or unchanged,Review,,24c8f4467a3a1156,NOT_EXECUTABLE_ON_THIS_DATASET,0,0.06,NOT_EXECUTABLE_ON_THIS_DATASET,catalogue,No results or reports exist.,claim_line; observation; repeat_interval_policy
CLN-04-R04,CLN-04,CLN,Provider utilization outlier,P0,S,MODEL_MONTHLY,shadow,POSTPAY_AUDIT,False,PARTIAL,"Claims per distinct member at a provider is computable and is shrunk toward the peer mean. 'Services' is substituted by 'claims' because there are no service lines, so the intensity of each claim is invisible to this control.",claim_line.activity_code; claim_line.units; claim_line.net_amount; referral.*,cln_04_r04_provider_utilisation_outlier,analytics,case_mix_difference; referral_centre_role; small_denominator; posterior_interval_too_wide,Services per comparable episode/member exceed shrunk peers,Provider case,,f8a5563ba5d64875,TRIGGERED,33,325.52,PARTIAL,catalogue,"Claims per distinct member at a provider is computable and is shrunk toward the peer mean. 'Services' is substituted by 'claims' because there are no service lines, so the intensity of each claim is invisible to this control.",
CLN-04-R05,CLN-04,CLN,Cascade pattern,P0,S/N,NETWORK_WEEKLY,shadow,POSTPAY_AUDIT,False,NOT_EXECUTABLE_ON_THIS_DATASET,Downstream service bundles require claim lines and referral edges; neither exists.,claim_line.activity_code; claim_line.units; claim_line.net_amount; referral.*,,analytics,specialty_pathway; network_structure,Initial low-intensity encounter reliably triggers unusually large downstream test/service bundle,Postpay/network case,,7ed65fd5ac9f4e82,NOT_EXECUTABLE_ON_THIS_DATASET,0,0.06,NOT_EXECUTABLE_ON_THIS_DATASET,catalogue,Downstream service bundles require claim lines and referral edges; neither exists.,referral
CLN-05-R01,CLN-05,CLN,LOS high/low residual,P1,S,POSTPAY_DAILY,shadow,POSTPAY_AUDIT,False,EXECUTABLE,"Runs as specified. Length of stay and primary diagnosis both exist, so the diagnosis-peer robust residual is exactly the control the catalogue describes. Risk adjustment is by diagnosis rather than DRG, which the catalogue permits ('DRG/diagnosis').",drg_grouper.*; encounter.icu_flag; member.death_date,cln_05_r01_los_residual,clinical_policy,transfer_case; death_in_hospital; icu_stay; outlier_payment_case; insufficient_peer_evidence,LOS outside risk-adjusted DRG/diagnosis prediction interval,Utilization review,,c5db9cf80c55ed76,TRIGGERED,609,1274.9,EXECUTABLE,catalogue,"Runs as specified. Length of stay and primary diagnosis both exist, so the diagnosis-peer robust residual is exactly the control the catalogue describes. Risk adjustment is by diagnosis rather than DRG, which the catalogue permits ('DRG/diagnosis').",
CLN-05-R02,CLN-05,CLN,Same/related readmission,P1,E/S,POSTPAY_DAILY,shadow,POSTPAY_AUDIT,False,EXECUTABLE,"Runs as specified: discharge_readmit_gap_days is present for every claim and is compared against cfg.readmit_window_days, with the episode's payment impact attached. The catalogue's own words — 'Episode review, NOT FRAUD LABEL' — are reproduced on the signal so a reviewer sees them.",diagnosis relatedness map (to distinguish related from unrelated readmission),cln_05_r02_related_readmission,clinical_policy,planned_or_staged_care; unrelated_trauma; obstetric_pathway; oncology_treatment_cycle,Related admission inside cfg.readmit_days with payment impact,"Episode review, not fraud label",,19c70d5ef88c294a,TRIGGERED,90,11.59,EXECUTABLE,catalogue,"Runs as specified: discharge_readmit_gap_days is present for every claim and is compared against cfg.readmit_window_days, with the episode's payment impact attached. The catalogue's own words — 'Episode review, NOT FRAUD LABEL' — are reproduced on the signal so a reviewer sees them.",
CLN-05-R03,CLN-05,CLN,Discharge-readmit split,P1,H/E,POSTPAY_DAILY,shadow,PREPAY_PEND,False,PARTIAL,"Multi-claim episodes at the same provider with a short gap are detectable. The disposition is PENDED rather than REPRICED because the correct combined payable amount is not computable without a payment policy or tariff, and reserves REPRICE for the case where it is.",payment_policy.continuous_stay_rule; encounter.transfer_indicator,cln_05_r03_discharge_readmit_split,claims_policy,cross_provider_transfer; genuine_clinical_deterioration; planned_staged_procedure,Two stays likely constitute one continuous episode under payment policy,Reprice/pend,Catalogue says 'Reprice/pend'. The pend limb is used because repricing requires a payment policy this dataset does not contain.,1dfd284b05c7177e,TRIGGERED,61,568.9,PARTIAL,catalogue,"Multi-claim episodes at the same provider with a short gap are detectable. The disposition is PENDED rather than REPRICED because the correct combined payable amount is not computable without a payment policy or tariff, and reserves REPRICE for the case where it is.",
CLN-05-R04,CLN-05,CLN,Admission-rate outlier,P1,S,MODEL_MONTHLY,shadow,POSTPAY_AUDIT,False,NOT_EXECUTABLE_ON_THIS_DATASET,"The denominator — comparable PRESENTATIONS — does not exist. the claim extract contains only admitted inpatient claims, so the admission RATE is 100% for every provider by construction. Computing it anyway would produce a number that means nothing.",encounter.encounter_type (outpatient presentations); encounter.observation_status,,analytics,severity; referral_mix; observation_status,Provider admits unusually high share of comparable presentations,Postpay audit,,378b010623075bd8,NOT_EXECUTABLE_ON_THIS_DATASET,0,0.4,NOT_EXECUTABLE_ON_THIS_DATASET,catalogue,"The denominator — comparable PRESENTATIONS — does not exist. the claim extract contains only admitted inpatient claims, so the admission RATE is 100% for every provider by construction. Computing it anyway would produce a number that means nothing.",encounter.admission_type
CLN-06-R01,CLN-06,CLN,Missing expected order/result trail,P0,E,PREPAY_ASYNC,shadow,PREPAY_PEND,False,NOT_EXECUTABLE_ON_THIS_DATASET,"There is no order or result trail for any claim, so the control would fire on all 5,000 rows. That is a data-completeness finding, which the canonical population report already states, not a detection signal.",observation.*; claim_line.*,,clinical_policy,artifact_latency; service_specific_requirements,"Billed diagnostic/therapy lacks required order, result, Observation or administration evidence",Pend,,9311d54dcab73afa,NOT_EXECUTABLE_ON_THIS_DATASET,0,0.02,NOT_EXECUTABLE_ON_THIS_DATASET,catalogue,"There is no order or result trail for any claim, so the control would fire on all 5,000 rows. That is a data-completeness finding, which the canonical population report already states, not a detection signal.",claim_line; observation; activity_code_reference
CLN-06-R02,CLN-06,CLN,Closed/non-operational facility service,P0,H/S,POSTPAY_DAILY,shadow,SIU_LEAD,False,PARTIAL,"The 'verified operating period' limb cannot run (no operating periods). The 'no credible operating footprint' limb is implemented as a composite of the undated blacklist flag plus a thin, bursty claim footprint, and the signal states which limb fired. SIU_LEAD is the catalogue disposition and is retained — this control never denies.",provider_status_period.valid_from/valid_to (operating periods); provider.facility_type,cln_06_r02_non_operational_facility,siu,24_hour_or_emergency_service; outreach_service; new_provider_onboarding; operating_period_unverifiable,Service occurs outside verified operating period or facility shows no credible operating footprint,SIU lead,,753a841edd91963f,TRIGGERED,158,1244.68,PARTIAL,catalogue,"The 'verified operating period' limb cannot run (no operating periods). The 'no credible operating footprint' limb is implemented as a composite of the undated blacklist flag plus a thin, bursty claim footprint, and the signal states which limb fired. SIU_LEAD is the catalogue disposition and is retained — this control never denies.",
CLN-06-R03,CLN-06,CLN,Repeated synthetic encounter signature,P0,S,POSTPAY_DAILY,shadow,POSTPAY_AUDIT,False,PARTIAL,"Implemented on the signature available: identical (primary diagnosis, length of stay, requested amount) triples recurring across DIFFERENT members at one provider. Codes and notes are unavailable, so the signature is coarser than the catalogue's and can be produced by a genuine standard package — which is why 'standard_package' is a declared exclusion and the disposition is an audit, not a denial.",claim_line.activity_code; claim_line.units; claim_line.net_amount; observation.attachment_ref; document.text; document.language,cln_06_r03_synthetic_encounter_signature,analytics,standard_package_pricing; batch_timestamp_artefact; capitated_arrangement; single_member_repeat,High rate of identical code/time/amount/note patterns across unrelated members,Provider case,,413d3406f7fd0dcf,TRIGGERED,6,9341.14,PARTIAL,catalogue,"Implemented on the signature available: identical (primary diagnosis, length of stay, requested amount) triples recurring across DIFFERENT members at one provider. Codes and notes are unavailable, so the signature is coarser than the catalogue's and can be produced by a genuine standard package — which is why 'standard_package' is a declared exclusion and the disposition is an audit, not a denial.",claim_line
CLN-06-R04,CLN-06,CLN,Member denial/attendance mismatch,P0,S,POSTPAY_DAILY,shadow,SIU_LEAD,False,NOT_EXECUTABLE_ON_THIS_DATASET,No member confirmations or attendance records.,member_confirmation.*; attendance_record.*,,siu,contact; authentication_quality; recall,Reliable member confirmation or attendance record says service not received,High-priority SIU lead,,02f16267deb0c67a,NOT_EXECUTABLE_ON_THIS_DATASET,0,0.06,NOT_EXECUTABLE_ON_THIS_DATASET,catalogue,No member confirmations or attendance records.,member_confirmation; attendance_record
CLN-06-R05,CLN-06,CLN,No longitudinal clinical footprint,P0,S,MODEL_MONTHLY,shadow,MONITOR_ONLY,False,NOT_EXECUTABLE_ON_THIS_DATASET,"Follow-up medication and results are absent for every claim, so 'expected consequences' has no observable form. The catalogue already marks this control 'supporting evidence only'; on this data it would be no evidence.",prescription_dispense.billed_product; prescription_dispense.days_supply; prescription_dispense.prescriber_id; prescription_dispense.pharmacy_id; observation.*; claim_line.*,,analytics,out_of_network_follow_up; data_completeness,"Claimed high-impact service lacks expected follow-up, medication, result or episode consequences versus peers",Supporting evidence only,,9b5c4eebb57a9c69,NOT_EXECUTABLE_ON_THIS_DATASET,0,0.03,NOT_EXECUTABLE_ON_THIS_DATASET,catalogue,"Follow-up medication and results are absent for every claim, so 'expected consequences' has no observable form. The catalogue already marks this control 'supporting evidence only'; on this data it would be no evidence.",prescription_dispense; observation; drug_policy
CLN-07-R01,CLN-07,CLN,Improbable service day,P1,E/S,POSTPAY_DAILY,shadow,POSTPAY_AUDIT,False,NOT_EXECUTABLE_ON_THIS_DATASET,"No clinicians, no service durations. The FACILITY-level analogue is CLN-07-R02.",claim_line.rendering_clinician_id; claim_line.ordering_clinician_id; provider.specialty; claim_line.service_start_time; claim_line.service_end_time,,provider_network,parallel; team_services; documented_hours,Sum of conservative service minutes/units per clinician exceeds available day capacity,Provider timeline,,99620be3b116a4f5,NOT_EXECUTABLE_ON_THIS_DATASET,0,0.02,NOT_EXECUTABLE_ON_THIS_DATASET,catalogue,"No clinicians, no service durations. The FACILITY-level analogue is CLN-07-R02.",claim_line; activity_code_reference
CLN-07-R02,CLN-07,CLN,Facility/staff capacity,P1,E/S,POSTPAY_DAILY,shadow,POSTPAY_AUDIT,False,PARTIAL,"Concurrent inpatient occupancy per provider per day is computable from admission and discharge dates and is compared against cfg.provider_daily_capacity_admissions × cfg.capacity_tolerance_multiple. The capacity figure is a CONFIGURED PLACEHOLDER, not a licensed bed count — the catalogue's own note that 'missing roster produces low confidence' applies directly, and the signal's confidence is reduced accordingly.",provider.licensed_bed_count; provider.room_count; clinician_roster.*,cln_07_r02_facility_capacity,provider_network,roster_unavailable_low_confidence; licensed_capacity_not_sourced; outreach_or_mobile_service; day_case_turnover,Claimed volume exceeds rooms/equipment/licensed staff capacity plus tolerance,Audit lead,,22e3141430a1b9a0,TRIGGERED,13,4703.19,PARTIAL,catalogue,"Concurrent inpatient occupancy per provider per day is computable from admission and discharge dates and is compared against cfg.provider_daily_capacity_admissions × cfg.capacity_tolerance_multiple. The capacity figure is a CONFIGURED PLACEHOLDER, not a licensed bed count — the catalogue's own note that 'missing roster produces low confidence' applies directly, and the signal's confidence is reduced accordingly.",
CLN-07-R03,CLN-07,CLN,Scarce-equipment concurrency,P1,E,POSTPAY_DAILY,shadow,PREPAY_PEND,False,NOT_EXECUTABLE_ON_THIS_DATASET,No equipment inventory and no procedures.,equipment_inventory.*; claim_line.activity_code; claim_line.units; claim_line.net_amount,,provider_network,equipment_inventory; turnaround,Same device/resource required by overlapping services beyond capacity,Pend/audit,,923ca6bee39d8990,NOT_EXECUTABLE_ON_THIS_DATASET,0,0.05,NOT_EXECUTABLE_ON_THIS_DATASET,catalogue,No equipment inventory and no procedures.,claim_line; equipment_inventory
CLN-07-R04,CLN-07,CLN,Capacity trend discontinuity,P1,S,MODEL_MONTHLY,shadow,POSTPAY_AUDIT,False,PARTIAL,"Monthly claim throughput per provider is computable, and a CUSUM change point on it is exactly the shape of this control. What cannot be done is the EXCLUSION: without staff, hours or facility-change records there is no way to segment a legitimate expansion from a suspicious jump, so every signal carries that caveat and the disposition stays an audit.",clinician_roster.*; provider.operating_hours; contract.effective_dates,cln_07_r04_capacity_trend_discontinuity,analytics,staff_or_hours_change_unknown; facility_change_unknown; onboarding_or_data_feed_change; insufficient_history,"Throughput jumps without staff, hours, equipment or facility change",Provider case,,6f70adffb5ab7946,TRIGGERED,19,6454.39,PARTIAL,catalogue,"Monthly claim throughput per provider is computable, and a CUSUM change point on it is exactly the shape of this control. What cannot be done is the EXCLUSION: without staff, hours or facility-change records there is no way to segment a legitimate expansion from a suspicious jump, so every signal carries that caveat and the disposition stays an audit.",
CLN-08-R01,CLN-08,CLN,No qualified order/relationship,P1,E,PREPAY_ASYNC,shadow,PREPAY_PEND,False,NOT_EXECUTABLE_ON_THIS_DATASET,"No tests, no ordering clinicians.",claim_line.activity_code; claim_line.units; claim_line.net_amount; claim_line.rendering_clinician_id; claim_line.ordering_clinician_id; provider.specialty,,clinical_policy,screening_programs; standing_orders,Test lacks valid ordering clinician or qualifying encounter/indication,Clinical pend,,08d418cbf7915456,NOT_EXECUTABLE_ON_THIS_DATASET,0,0.06,NOT_EXECUTABLE_ON_THIS_DATASET,catalogue,"No tests, no ordering clinicians.",claim_line; clinician_roster; activity_code_reference
CLN-08-R02,CLN-08,CLN,Panel/component inflation,P1,H/E,PREPAY_SYNC,shadow,REPRICE,True,NOT_EXECUTABLE_ON_THIS_DATASET,"No panels, components or orders.",claim_line.activity_code; claim_line.units; claim_line.net_amount; panel_definition.*,,claims_policy,reflex_testing; local_panel_rules,Components billed separately or panel substantially exceeds ordered tests,Reprice/pend,,967e056c61b0c7e0,NOT_EXECUTABLE_ON_THIS_DATASET,0,0.01,NOT_EXECUTABLE_ON_THIS_DATASET,catalogue,"No panels, components or orders.",claim_line; panel_definition
CLN-08-R03,CLN-08,CLN,Absent/duplicate result,P1,E/T,PREPAY_ASYNC,shadow,POSTPAY_AUDIT,False,NOT_EXECUTABLE_ON_THIS_DATASET,"the claim extract carries no observations or result values, so neither the absence of a result for a paid test nor a result repeated across patients is visible.",observation.value; observation.event_time,,clinical_policy,result_latency; normal_templates,Paid test lacks result/report or identical result appears across unrelated patients,Audit/SIU lead,,37a7ff4b37fe4ec7,NOT_EXECUTABLE_ON_THIS_DATASET,0,0.01,NOT_EXECUTABLE_ON_THIS_DATASET,catalogue,"the claim extract carries no observations or result values, so neither the absence of a result for a paid test nor a result repeated across patients is visible.",claim_line; observation; remittance
CLN-08-R04,CLN-08,CLN,Reference-lab/pass-through spread,P1,S/N,MODEL_MONTHLY,shadow,POSTPAY_AUDIT,False,NOT_EXECUTABLE_ON_THIS_DATASET,No performing-entity field and no test-level amounts.,claim_line.activity_code; claim_line.units; claim_line.net_amount; claim_line.performing_entity_id,,analytics,contract; permitted_reference_arrangements,Billing entity adds abnormal markup or volume while test is performed by concentrated third party,Postpay/network case,,7bd61e6f9d5d0019,NOT_EXECUTABLE_ON_THIS_DATASET,0,0.01,NOT_EXECUTABLE_ON_THIS_DATASET,catalogue,No performing-entity field and no test-level amounts.,claim_line; activity_code_reference
CLN-08-R05,CLN-08,CLN,High-complexity/genetic test outlier,P1,S,MODEL_MONTHLY,shadow,POSTPAY_AUDIT,False,NOT_EXECUTABLE_ON_THIS_DATASET,No test identification of any kind.,claim_line.activity_code; claim_line.units; claim_line.net_amount,,analytics,specialty; oncology; rare_disease_centres,"Provider ordering/rendering rate, panel size or cost exceeds risk-adjusted peers",Targeted record sample,,0c2227c8bf818b1e,NOT_EXECUTABLE_ON_THIS_DATASET,0,0.02,NOT_EXECUTABLE_ON_THIS_DATASET,catalogue,No test identification of any kind.,claim_line; activity_code_reference
DOC-01-R01,DOC-01,DOC,Required document absent,P1,H/E,PREPAY_ASYNC,shadow,PREPAY_PEND,False,NOT_EXECUTABLE_ON_THIS_DATASET,"There is no document-requirement rule set and no document SLA, so 'required' is undefined. The synthetic corpus does not change that: it supplies documents, not the policy that makes one mandatory.",observation.attachment_ref; document.text; document.language; document_requirement_policy.*,,clinical_policy,document_type; latency,Rule requires note/report/consent/Observation and it is missing after SLA,Pend,,10cea6a963a0dac9,NOT_EXECUTABLE_ON_THIS_DATASET,0,0.01,NOT_EXECUTABLE_ON_THIS_DATASET,catalogue,"There is no document-requirement rule set and no document SLA, so 'required' is undefined. The synthetic corpus does not change that: it supplies documents, not the policy that makes one mandatory.",claim_line; activity_code_reference; document_requirement_policy; document
DOC-01-R02,DOC-01,DOC,Structured fact conflict,P1,T/E,PREPAY_ASYNC,shadow,PREPAY_PEND,False,PARTIAL,"Runs against the clearly-labelled SYNTHETIC discharge summaries this artefact generates (every filename and body marked SYNTHETIC), never against real documentation, because the claim extract contains none. Extracted diagnosis and stay length are compared field-by-field against the claim, each with its own precision threshold, and every rendered finding carries its exact source span.",observation.attachment_ref; document.text; document.language; real clinical documents with OCR confidence,doc_01_r02_structured_fact_conflict,clinical_policy,extraction_confidence_below_threshold; no_source_span_finding_discarded; document_latency; language_specific_precision_not_validated,"Extracted diagnosis, procedure, date, quantity or setting contradicts claim/authorization",Human review,,cd1821303ec59da3,TRIGGERED,61,302.3,PARTIAL,catalogue,"Runs against the clearly-labelled SYNTHETIC discharge summaries this artefact generates (every filename and body marked SYNTHETIC), never against real documentation, because the claim extract contains none. Extracted diagnosis and stay length are compared field-by-field against the claim, each with its own precision threshold, and every rendered finding carries its exact source span.",
DOC-01-R03,DOC-01,DOC,Medical-necessity support absent,P1,T/E,PREPAY_ASYNC,shadow,PREPAY_PEND,False,NOT_EXECUTABLE_ON_THIS_DATASET,Requires a medical-necessity policy defining which elements are required. The catalogue's own caution — 'absence is not proof' — is the reason this is not approximated on synthetic notes: an absence in a generated document proves only that the generator did not write it.,observation.attachment_ref; document.text; document.language; medical_necessity_policy.*,,clinical_policy,absence_is_not_proof; use_qualified_reviewer,Required indication/severity element cannot be found,Clinical review,,13b08332b6a76676,NOT_EXECUTABLE_ON_THIS_DATASET,0,0.08,NOT_EXECUTABLE_ON_THIS_DATASET,catalogue,Requires a medical-necessity policy defining which elements are required. The catalogue's own caution — 'absence is not proof' — is the reason this is not approximated on synthetic notes: an absence in a generated document proves only that the generator did not write it.,claim_line; medical_necessity_policy; document
DOC-01-R04,DOC-01,DOC,Authorization narrative drift,P1,T,PREPAY_ASYNC,shadow,PREPAY_PEND,False,NOT_EXECUTABLE_ON_THIS_DATASET,No authorisation narratives exist.,authorization.*; authorization_line.*; claim_line.authorization_id; observation.attachment_ref; document.text; document.language,,clinical_policy,explain_with_extracted_conflicting_facts,Material semantic/entity mismatch between request narrative and billed event,Pend,,7c2ba07d9010d400,NOT_EXECUTABLE_ON_THIS_DATASET,0,0.02,NOT_EXECUTABLE_ON_THIS_DATASET,catalogue,No authorisation narratives exist.,claim_line; authorization; authorization_line; activity_code_reference; document
DOC-02-R01,DOC-02,DOC,Cross-patient near duplicate,P2,T,POSTPAY_DAILY,shadow,POSTPAY_AUDIT,False,PARTIAL,"Runs against the SYNTHETIC corpus only. Boilerplate is stripped before comparison, as the catalogue requires, and similarity is computed on the patient-specific remainder. Because the corpus is generated from templates, a baseline similarity is expected and the threshold (cfg.doc_clone_similarity_threshold) is set above it — a limitation stated on every signal.",observation.attachment_ref; document.text; document.language,doc_02_r01_cross_patient_near_duplicate,clinical_policy,boilerplate_removed_before_comparison; same_member_documents; template_generated_corpus_baseline; specialty_template_in_use,Patient-specific content similarity exceeds threshold across unrelated members,Audit sample,,6ee7a8b4561d3e3e,TRIGGERED,46,197.02,PARTIAL,catalogue,"Runs against the SYNTHETIC corpus only. Boilerplate is stripped before comparison, as the catalogue requires, and similarity is computed on the patient-specific remainder. Because the corpus is generated from templates, a baseline similarity is expected and the threshold (cfg.doc_clone_similarity_threshold) is set above it — a limitation stated on every signal.",
DOC-02-R02,DOC-02,DOC,Contradictory copied facts,P2,T/E,POSTPAY_DAILY,shadow,PREPAY_PEND,False,NOT_EXECUTABLE_ON_THIS_DATASET,"Needs demographics and laterality to contradict; the source has neither, so a 'wrong demographic' finding could not be evaluated even on synthetic text.",observation.attachment_ref; document.text; document.language; member.date_of_birth; member.sex,,clinical_policy,extraction_confidence,Note contains wrong patient demographics/date/laterality or impossible copied findings,High-priority review,,7d5d40e785246c70,NOT_EXECUTABLE_ON_THIS_DATASET,0,0.7,NOT_EXECUTABLE_ON_THIS_DATASET,catalogue,"Needs demographics and laterality to contradict; the source has neither, so a 'wrong demographic' finding could not be evaluated even on synthetic text.",document; member.date_of_birth; member.sex
DOC-02-R03,DOC-02,DOC,Post-denial material alteration,P2,H/T,POSTPAY_DAILY,shadow,PREPAY_PEND,False,NOT_EXECUTABLE_ON_THIS_DATASET,Needs denials and document version history; neither exists.,observation.attachment_ref; document.text; document.language; remittance.decision; remittance.denial_code; remittance.payment_amount; claim_version.relationship; claim_version.prior_claim_sk; claim_version.changed_fields,,clinical_policy,valid_signed_addendum_policy,Document version changes reimbursement-relevant facts after denial without addendum provenance,PAY-08-linked case,,5b7921e799b317b4,NOT_EXECUTABLE_ON_THIS_DATASET,0,0.02,NOT_EXECUTABLE_ON_THIS_DATASET,catalogue,Needs denials and document version history; neither exists.,document; remittance
DOC-02-R04,DOC-02,DOC,Template-to-complexity mismatch,P2,T/S,MODEL_MONTHLY,shadow,MONITOR_ONLY,False,NOT_EXECUTABLE_ON_THIS_DATASET,"'High complexity' cannot be established without service codes, so the comparison has no x-axis.",observation.attachment_ref; document.text; document.language; claim_line.activity_code; claim_line.units; claim_line.net_amount,,analytics,specialty; ehr_template,High-complexity services supported by unusually generic notes versus peers,Supporting evidence only,,853c4aa05aad3231,NOT_EXECUTABLE_ON_THIS_DATASET,0,0.01,NOT_EXECUTABLE_ON_THIS_DATASET,catalogue,"'High complexity' cannot be established without service codes, so the comparison has no x-axis.",claim_line; activity_code_reference; document
ENT-01-R01,ENT-01,ENT,Coverage inactive,P0,H,PREPAY_SYNC,shadow,REJECT,True,NOT_EXECUTABLE_ON_THIS_DATASET,"Coverage END date is unknown in the claim extract — inception is derivable from days_since_policy_start but termination is not, so the control could only ever evaluate to 'covered'. A control that cannot fail is not a control.",coverage_period.valid_to; coverage_period.status; benefit_rule_version.covered; benefit_rule_version.benefit_limit; benefit_rule_version.authorization_required,,claims_policy,grace; newborn; emergency; retroactive_update_policy,service_time NOT BETWEEN coverage.valid_from AND coverage.valid_to,Reject/pend; show coverage interval,,b5e9850ebdab419b,NOT_EXECUTABLE_ON_THIS_DATASET,0,1.23,NOT_EXECUTABLE_ON_THIS_DATASET,catalogue,"Coverage END date is unknown in the claim extract — inception is derivable from days_since_policy_start but termination is not, so the control could only ever evaluate to 'covered'. A control that cannot fail is not a control.",policy_event; member.date_of_birth
ENT-01-R02,ENT-01,ENT,Benefit not covered,P0,H,PREPAY_SYNC,shadow,REJECT,True,NOT_EXECUTABLE_ON_THIS_DATASET,"No benefit schedule exists in the source: benefit_rule_version is NOT_POPULATED, so there is nothing to evaluate 'covered = false' against.",benefit_rule_version.covered; benefit_rule_version.benefit_limit; benefit_rule_version.authorization_required; claim_line.activity_code; claim_line.units; claim_line.net_amount,,claims_policy,mandatory_benefits; approved_exception; medical_tourism; self_pay_route,"expected_benefit(activity_family, product).covered = false",Reject with benefit version,,6410ca2870bcdf20,NOT_EXECUTABLE_ON_THIS_DATASET,0,0.1,NOT_EXECUTABLE_ON_THIS_DATASET,catalogue,"No benefit schedule exists in the source: benefit_rule_version is NOT_POPULATED, so there is nothing to evaluate 'covered = false' against.",claim_line; benefit_rule_version; activity_code_reference
ENT-01-R03,ENT-01,ENT,Benefit limit exceeded,P0,H,PREPAY_SYNC,shadow,REPRICE,True,NOT_EXECUTABLE_ON_THIS_DATASET,No benefit limits and no paid-to-date accumulator in the source.,benefit_rule_version.covered; benefit_rule_version.benefit_limit; benefit_rule_version.authorization_required; remittance.decision; remittance.denial_code; remittance.payment_amount,,claims_policy,reset_period; family; member_basis; reversals; pending_authorizations,paid_or_authorized_ytd + requested_payable > benefit_limit,Reprice or pend excess only,,9232e12344d9ad72,NOT_EXECUTABLE_ON_THIS_DATASET,0,0.02,NOT_EXECUTABLE_ON_THIS_DATASET,catalogue,No benefit limits and no paid-to-date accumulator in the source.,claim_line; benefit_rule_version; activity_code_reference; remittance
ENT-01-R04,ENT-01,ENT,Network/referral violation,P0,H,PREPAY_SYNC,shadow,REJECT,True,NOT_EXECUTABLE_ON_THIS_DATASET,"No network membership, no referral records and no provider network status in the source.",coverage_period.network; provider_status_period.status_value,,provider_network,emergency; access_gap; regulator_exceptions,Provider/route outside effective network or required referral missing,Reject/pend with failed route,,2d5443cfe5592dfd,NOT_EXECUTABLE_ON_THIS_DATASET,0,0.2,NOT_EXECUTABLE_ON_THIS_DATASET,catalogue,"No network membership, no referral records and no provider network status in the source.",coverage_period.network
ENT-02-R01,ENT-02,ENT,Authoritative identity conflict,P0,H,INGEST,shadow,PREPAY_PEND,False,NOT_EXECUTABLE_ON_THIS_DATASET,"the claim extract has one opaque patient_id and no DOB, sex or national-ID token, so there is no authoritative record to conflict with.",member.date_of_birth; member.sex; member.protected_id_token,,claims_policy,placeholder_ids; newborns; corrected_identity; names_alone_prohibited,Protected national-ID token maps to different enrolled member or DOB/sex conflicts with authoritative record,Pend for identity resolution,,cfc93258c5e14c23,NOT_EXECUTABLE_ON_THIS_DATASET,0,0.18,NOT_EXECUTABLE_ON_THIS_DATASET,catalogue,"the claim extract has one opaque patient_id and no DOB, sex or national-ID token, so there is no authoritative record to conflict with.",member.date_of_birth
ENT-02-R02,ENT-02,ENT,Post-mortem service,P0,H,PREPAY_SYNC,shadow,PREPAY_PEND,False,NOT_EXECUTABLE_ON_THIS_DATASET,No death status or death date in the source.,member.death_date; member.death_source; member.death_source_confidence,,claims_policy,death_source_confidence; administrative_claims_after_service_permitted,service_start > confirmed_death_date + cfg.reporting_tolerance,Pend/reject with source confidence,,023e663ae8f221f5,NOT_EXECUTABLE_ON_THIS_DATASET,0,0.1,NOT_EXECUTABLE_ON_THIS_DATASET,catalogue,No death status or death date in the source.,member.death_date
ENT-02-R03,ENT-02,ENT,Member impossible presence,P0,S,PREPAY_ASYNC,shadow,PREPAY_PEND,False,PARTIAL,"The OVERLAPPING-ENCOUNTER limb runs: admission and discharge dates exist, so two inpatient stays for one member that overlap in time are detectable. The TRAVEL-SPEED limb does not run — there is no geography. Dates carry no time component, so a same-day transfer cannot be distinguished from a genuine overlap and confidence is reduced accordingly.",provider.emirate; encounter.location; encounter.start_time (with time of day),ent_02_r03_member_impossible_presence,claims_policy,inpatient_ancillary_lines; telehealth_encounter; claim_date_without_time; same_provider_transfer_within_facility,Same member has overlapping encounters or travel speed above cfg.max_speed,Member lead with encounter pairs,,be3db51975407ca5,TRIGGERED,388,12497.06,PARTIAL,catalogue,"The OVERLAPPING-ENCOUNTER limb runs: admission and discharge dates exist, so two inpatient stays for one member that overlap in time are detectable. The TRAVEL-SPEED limb does not run — there is no geography. Dates carry no time component, so a same-day transfer cannot be distinguished from a genuine overlap and confidence is reduced accordingly.",
ENT-02-R04,ENT-02,ENT,Card-sharing utilization pattern,P0,S,POSTPAY_DAILY,shadow,SIU_LEAD,False,NOT_EXECUTABLE_ON_THIS_DATASET,Both limbs need data the source lacks: geography clusters (no location) and demographic inconsistency (no demographics).,provider.emirate; encounter.location; member.date_of_birth; member.sex,,siu,chronic; rare_disease_pathways; require_minimum_independent_evidence,Incompatible concurrent geography/provider clusters or abrupt demographic-inconsistent service pattern,"SIU lead, never auto-reject",,a0ffd72b34a3f391,NOT_EXECUTABLE_ON_THIS_DATASET,0,0.68,NOT_EXECUTABLE_ON_THIS_DATASET,catalogue,Both limbs need data the source lacks: geography clusters (no location) and demographic inconsistency (no demographics).,claim_line; activity_code_reference; provider.emirate; member.date_of_birth
ENT-03-R01,ENT-03,ENT,Inactive/expired licence,P0,H,PREPAY_SYNC,shadow,REJECT,True,NOT_EXECUTABLE_ON_THIS_DATASET,"No licence periods in the source. provider_status_period holds only an undated blacklist flag, and 'active AT SERVICE TIME' cannot be evaluated without dates.",provider_status_period.status_type; provider_status_period.valid_from; provider_status_period.valid_to; provider.regulator_id,,provider_network,role_specific_licence_requirement; approved_grace,"Rendering, ordering, dispensing or facility licence not active at service time",Reject/pend with licence period,,f593d43a049ddf12,NOT_EXECUTABLE_ON_THIS_DATASET,0,0.04,NOT_EXECUTABLE_ON_THIS_DATASET,catalogue,"No licence periods in the source. provider_status_period holds only an undated blacklist flag, and 'active AT SERVICE TIME' cannot be evaluated without dates.",claim_line; clinician_roster
ENT-03-R02,ENT-03,ENT,Excluded/watch-listed entity,P0,H,PREPAY_SYNC,shadow,PREPAY_PEND,False,PARTIAL,"provider_blacklist_flag is the only exclusion-list signal available and it is UNDATED, so 'effective match at service time' cannot be evaluated. The catalogue permits REJECT only on an exact, effective-dated identifier match; with no effective date the governed disposition is downgraded to PREPAY_PEND, which is the treatment the catalogue itself prescribes for a non-exact match.",provider_status_period.status_type; provider_status_period.valid_from; provider_status_period.valid_to; provider.regulator_id; provider_status_period.valid_from (effective dating for the exclusion),ent_03_r02_excluded_entity,provider_network,fuzzy_match_pends_only; approved_internal_exception; delisted_before_service_date,Effective match on regulator or approved internal exclusion list,Reject or SIU lead,Disposition downgraded from REJECT to PREPAY_PEND because the exclusion source carries no effective date. Recorded rather than silently applied.,37c34d8dc25144f9,TRIGGERED,87,73.76,PARTIAL,catalogue,"provider_blacklist_flag is the only exclusion-list signal available and it is UNDATED, so 'effective match at service time' cannot be evaluated. The catalogue permits REJECT only on an exact, effective-dated identifier match; with no effective date the governed disposition is downgraded to PREPAY_PEND, which is the treatment the catalogue itself prescribes for a non-exact match.",
ENT-03-R03,ENT-03,ENT,Hard privilege violation,P0,H,PREPAY_SYNC,shadow,REJECT,True,NOT_EXECUTABLE_ON_THIS_DATASET,No privilege table and no activity codes.,provider_status_period.status_type; provider_status_period.valid_from; provider_status_period.valid_to; provider.regulator_id; claim_line.activity_code; claim_line.units; claim_line.net_amount,,provider_network,effective_privilege_source; exception,Activity outside regulator/facility privilege explicitly marked prohibited,Reject/pend,,0c5331c46c2e63aa,NOT_EXECUTABLE_ON_THIS_DATASET,0,0.05,NOT_EXECUTABLE_ON_THIS_DATASET,catalogue,No privilege table and no activity codes.,claim_line; clinician_roster
ENT-03-R04,ENT-03,ENT,Soft specialty mismatch,P0,E,PREPAY_ASYNC,shadow,PREPAY_PEND,False,NOT_EXECUTABLE_ON_THIS_DATASET,"No provider specialty and no activity codes; the ICD-chapter proxy used for peer grouping is a service line, not a licensed specialty, and is too weak to assert a mismatch against.",claim_line.rendering_clinician_id; claim_line.ordering_clinician_id; provider.specialty; claim_line.activity_code; claim_line.units; claim_line.net_amount,,coding_policy,cfg_specialty_map; cross_specialty_privileges; sample_based_validation,Activity outside curated specialty map but not legally prohibited,"Coding review, not reject",,da4225c11b8b0b7e,NOT_EXECUTABLE_ON_THIS_DATASET,0,0.01,NOT_EXECUTABLE_ON_THIS_DATASET,catalogue,"No provider specialty and no activity codes; the ICD-chapter proxy used for peer grouping is a service line, not a licensed specialty, and is too weak to assert a mismatch against.",claim_line; clinician_roster; activity_code_reference
ENT-03-R05,ENT-03,ENT,Dormant/new/non-operational provider burst,P0,S,POSTPAY_DAILY,shadow,SIU_LEAD,False,NOT_EXECUTABLE_ON_THIS_DATASET,"No credentialing or contract-start date, so 'new or reactivated' cannot be established. First-appearance-in-file is not the same fact and would flag every provider in the first month of the file.",provider.credentialing_date; provider_status_period.valid_from,,siu,credentialing_date; acquisition; merger; new_contract,New/reactivated provider immediately exceeds specialty volume/value percentile or lacks expected operating footprint,SIU/provider-enrollment lead,,3f12f8d29f93be3c,NOT_EXECUTABLE_ON_THIS_DATASET,0,0.04,NOT_EXECUTABLE_ON_THIS_DATASET,catalogue,"No credentialing or contract-start date, so 'new or reactivated' cannot be established. First-appearance-in-file is not the same fact and would flag every provider in the first month of the file.",provider.credentialing_date
ENT-04-R01,ENT-04,ENT,Missing/invalid rendering clinician,P1,H,PREPAY_SYNC,shadow,RETURN,False,NOT_EXECUTABLE_ON_THIS_DATASET,No clinician identifiers of any kind in the source.,claim_line.rendering_clinician_id; claim_line.ordering_clinician_id; provider.specialty,,claims_policy,role_requirement_by_activity; encounter,"Service family requires rendering clinician and ID is null, facility-only, or invalid",Return/pend,,05057c5d4afe579b,NOT_EXECUTABLE_ON_THIS_DATASET,0,0.01,NOT_EXECUTABLE_ON_THIS_DATASET,catalogue,No clinician identifiers of any kind in the source.,claim_line; clinician_roster; activity_code_reference
ENT-04-R02,ENT-04,ENT,Billing-rendering role conflict,P1,H/E,PREPAY_SYNC,shadow,PREPAY_PEND,False,NOT_EXECUTABLE_ON_THIS_DATASET,No clinician role fields.,claim_line.rendering_clinician_id; claim_line.ordering_clinician_id; provider.specialty,,claims_policy,incident_to; team_care; supervision_policy,Billing/rendering/ordering/supervising combination violates explicit role rule,Pend with role conflict,,a923c513f608b961,NOT_EXECUTABLE_ON_THIS_DATASET,0,0.01,NOT_EXECUTABLE_ON_THIS_DATASET,catalogue,No clinician role fields.,claim_line; clinician_roster; activity_code_reference
ENT-04-R03,ENT-04,ENT,Concurrent clinician services,P1,S,POSTPAY_DAILY,shadow,POSTPAY_AUDIT,False,NOT_EXECUTABLE_ON_THIS_DATASET,No clinician identifiers and no service times. The facility-level analogue is implemented instead as CLN-07-R02.,claim_line.rendering_clinician_id; claim_line.ordering_clinician_id; provider.specialty; claim_line.service_start_time; claim_line.service_end_time,,provider_network,team_procedures; anesthesia_concurrency; date_only_records,Clinician has overlapping time-dependent services beyond cfg.max_concurrency,Provider case with timeline,,d176532602ad7846,NOT_EXECUTABLE_ON_THIS_DATASET,0,0.01,NOT_EXECUTABLE_ON_THIS_DATASET,catalogue,No clinician identifiers and no service times. The facility-level analogue is implemented instead as CLN-07-R02.,claim_line; activity_code_reference
ENT-04-R04,ENT-04,ENT,Geographic or leave impossibility,P1,S,POSTPAY_DAILY,shadow,SIU_LEAD,False,NOT_EXECUTABLE_ON_THIS_DATASET,"No clinicians, no rosters, no geography.",claim_line.rendering_clinician_id; claim_line.ordering_clinician_id; provider.specialty; provider.emirate; encounter.location; clinician_roster.leave_periods,,siu,timestamp; source_reliability,Clinician claims during confirmed leave/out-of-country period or impossible facility travel,SIU lead if repeated,,481360256f0ae550,NOT_EXECUTABLE_ON_THIS_DATASET,0,0.01,NOT_EXECUTABLE_ON_THIS_DATASET,catalogue,"No clinicians, no rosters, no geography.",claim_line; clinician_roster
ENT-05-R01,ENT-05,ENT,Facility-type incompatibility,P0,H,PREPAY_SYNC,shadow,REJECT,True,NOT_EXECUTABLE_ON_THIS_DATASET,"Facility type is absent and encounter type is INFERRED, not sourced.",provider.facility_type; encounter.encounter_type; claim_line.activity_code; claim_line.units; claim_line.net_amount,,provider_network,mobile; home; telehealth_exceptions,Claimed encounter/activity requires a facility type not matching licence,Reject/pend,,025dc44f25e0c970,NOT_EXECUTABLE_ON_THIS_DATASET,0,0.17,NOT_EXECUTABLE_ON_THIS_DATASET,catalogue,"Facility type is absent and encounter type is INFERRED, not sourced.",claim_line; activity_code_reference; provider.facility_type
ENT-05-R02,ENT-05,ENT,Admission evidence conflict,P0,H/E,PREPAY_ASYNC,shadow,PREPAY_PEND,False,NOT_EXECUTABLE_ON_THIS_DATASET,"Every row HAS an admission and discharge date by construction, and there is no Observation trail to be missing, so the control can never fire. Firing it on the absence of a table that is absent for every row would be noise, not detection.",observation.*; encounter.bed_id; encounter.encounter_type,,clinical_policy,data_latency; transferred_cases,"Inpatient/ICU/day-case billing lacks admission, bed, discharge or required Observation trail",Pend for records,,59f83a462defc9cf,NOT_EXECUTABLE_ON_THIS_DATASET,0,0.02,NOT_EXECUTABLE_ON_THIS_DATASET,catalogue,"Every row HAS an admission and discharge date by construction, and there is no Observation trail to be missing, so the control can never fire. Firing it on the absence of a table that is absent for every row would be noise, not detection.",encounter.bed_id
ENT-05-R03,ENT-05,ENT,Related-claim setting conflict,P0,E,POSTPAY_DAILY,shadow,POSTPAY_AUDIT,False,NOT_EXECUTABLE_ON_THIS_DATASET,No professional/facility claim split and no setting field.,encounter.encounter_type; claim_header.claim_type,,clinical_policy,cross_facility_transfer; independent_practitioner,Professional and facility claims for same episode disagree on setting,Correlated episode case,,8aea856f3d143a6a,NOT_EXECUTABLE_ON_THIS_DATASET,0,0.02,NOT_EXECUTABLE_ON_THIS_DATASET,catalogue,No professional/facility claim split and no setting field.,encounter.admission_type
ENT-05-R04,ENT-05,ENT,Setting-shift anomaly,P0,S,MODEL_MONTHLY,shadow,POSTPAY_AUDIT,False,NOT_EXECUTABLE_ON_THIS_DATASET,"No setting field, so there is no setting share to observe a shift in.",encounter.encounter_type,,analytics,contract; facility_change_segmentation,Provider's better-paid setting share rises beyond changepoint and peer threshold,Postpay audit,,fc83b69a401f3b97,NOT_EXECUTABLE_ON_THIS_DATASET,0,0.13,NOT_EXECUTABLE_ON_THIS_DATASET,catalogue,"No setting field, so there is no setting share to observe a shift in.",provider.facility_type
ENT-06-R01,ENT-06,ENT,Telehealth eligibility/setting failure,P1,H,PREPAY_SYNC,shadow,REJECT,True,NOT_EXECUTABLE_ON_THIS_DATASET,"No telehealth indicator, no activity codes, no geography.",claim_line.activity_code; claim_line.units; claim_line.net_amount; provider.emirate; encounter.location; encounter.encounter_type,,claims_policy,regulator; product_telehealth_rules,"Telehealth code billed for ineligible service, member geography or provider privilege",Reject/pend,,115825e864430644,NOT_EXECUTABLE_ON_THIS_DATASET,0,0.01,NOT_EXECUTABLE_ON_THIS_DATASET,catalogue,"No telehealth indicator, no activity codes, no geography.",claim_line; activity_code_reference
ENT-06-R02,ENT-06,ENT,No meaningful clinical interaction,P1,E/T,PREPAY_ASYNC,shadow,PREPAY_PEND,False,NOT_EXECUTABLE_ON_THIS_DATASET,"No notes, no interaction durations, no telehealth flag.",observation.attachment_ref; document.text; document.language; encounter.duration_minutes,,clinical_policy,asynchronous_care_rules; emergencies,Remote order has no qualifying encounter/note or interaction duration below policy minimum,Clinical review,,0b3e00e9f4938f26,NOT_EXECUTABLE_ON_THIS_DATASET,0,0.02,NOT_EXECUTABLE_ON_THIS_DATASET,catalogue,"No notes, no interaction durations, no telehealth flag.",claim_line; prescription_dispense; encounter.duration_minutes
ENT-06-R03,ENT-06,ENT,Downstream referral concentration,P1,S/N,NETWORK_WEEKLY,shadow,SIU_LEAD,False,NOT_EXECUTABLE_ON_THIS_DATASET,"No referral edges, no downstream supplier identity, no telehealth flag. The general concentration analogue is implemented as NET-01-R01.",referral.referrer_id; referral.recipient_id; prescription_dispense.billed_product; prescription_dispense.days_supply; prescription_dispense.prescriber_id; prescription_dispense.pharmacy_id,,siu,corporate_ownership; narrow_network,Telehealth provider sends share above peer threshold to one lab/pharmacy/device supplier,Network lead,,5963931b2f2cfac8,NOT_EXECUTABLE_ON_THIS_DATASET,0,0.02,NOT_EXECUTABLE_ON_THIS_DATASET,catalogue,"No referral edges, no downstream supplier identity, no telehealth flag. The general concentration analogue is implemented as NET-01-R01.",prescription_dispense; clinician_roster
ENT-06-R04,ENT-06,ENT,Remote-order conversion spike,P1,S,POSTPAY_DAILY,shadow,POSTPAY_AUDIT,False,NOT_EXECUTABLE_ON_THIS_DATASET,No downstream order linkage and no telehealth flag.,claim_line.activity_code; claim_line.units; claim_line.net_amount; prescription_dispense.billed_product; prescription_dispense.days_supply; prescription_dispense.prescriber_id; prescription_dispense.pharmacy_id; referral.*,,analytics,specialty; diagnosis; campaign; new_service_change,Downstream high-cost test/drug/device conversion materially exceeds adjusted peers,Postpay/SIU lead,,d07df2f4afaa4c5d,NOT_EXECUTABLE_ON_THIS_DATASET,0,0.01,NOT_EXECUTABLE_ON_THIS_DATASET,catalogue,No downstream order linkage and no telehealth flag.,claim_line; prescription_dispense; drug_policy
NET-01-R01,NET-01,NET,Referral concentration outlier,P1,S,MODEL_MONTHLY,shadow,POSTPAY_AUDIT,False,PARTIAL,"There are no referral edges in the claim extract. The implemented edge is AGENT→PROVIDER co-occurrence: the share of an agent's claims flowing to their single most-used provider, plus the Herfindahl index of that agent's provider distribution. That is a distribution-channel concentration, not a clinical referral, and the signal says so. The peer comparison is by agent portfolio size, not by specialty or geography, because neither is available.",referral.referrer_id; referral.recipient_id; provider.specialty; provider.emirate; encounter.location,net_01_r01_referral_concentration,siu,corporate_group_or_narrow_network; centre_of_excellence; small_denominator; inferred_edge_not_a_clinical_referral,Top-recipient share/HHI exceeds specialty/geographic peers,Network case,,d33dd0ab66cccc28,TRIGGERED,44,1386.59,PARTIAL,catalogue,"There are no referral edges in the claim extract. The implemented edge is AGENT→PROVIDER co-occurrence: the share of an agent's claims flowing to their single most-used provider, plus the Herfindahl index of that agent's provider distribution. That is a distribution-channel concentration, not a clinical referral, and the signal says so. The peer comparison is by agent portfolio size, not by specialty or geography, because neither is available.",
NET-01-R02,NET-01,NET,Reciprocal referral loop,P1,N,NETWORK_WEEKLY,shadow,MONITOR_ONLY,False,NOT_EXECUTABLE_ON_THIS_DATASET,"Reciprocity requires DIRECTED referral edges. Agent-provider and patient-provider edges here are bipartite and undirected by construction, so A→B and B→A cannot exist and the metric would be identically zero.",referral.referrer_id; referral.recipient_id; referral.direction,,siu,multidisciplinary_teams,A→B and B→A edges are unusually strong relative to opportunity,Graph evidence,,95078d70a40742d7,NOT_EXECUTABLE_ON_THIS_DATASET,0,0.08,NOT_EXECUTABLE_ON_THIS_DATASET,catalogue,"Reciprocity requires DIRECTED referral edges. Agent-provider and patient-provider edges here are bipartite and undirected by construction, so A→B and B→A cannot exist and the metric would be identically zero.",referral
NET-01-R03,NET-01,NET,High-cost conversion,P1,S/N,NETWORK_WEEKLY,shadow,POSTPAY_AUDIT,False,NOT_EXECUTABLE_ON_THIS_DATASET,"No referrals to convert from, and no service-level costs to convert to.",referral.*; claim_line.activity_code; claim_line.units; claim_line.net_amount,,analytics,case_mix; referral_indication,Referred members convert to high-cost service at abnormal rate/value,Prioritized audit,,4975d9c24291c67a,NOT_EXECUTABLE_ON_THIS_DATASET,0,0.02,NOT_EXECUTABLE_ON_THIS_DATASET,catalogue,"No referrals to convert from, and no service-level costs to convert to.",referral; claim_line
NET-01-R04,NET-01,NET,Closed downstream chain,P1,N,NETWORK_WEEKLY,shadow,SIU_LEAD,False,NOT_EXECUTABLE_ON_THIS_DATASET,"No labs, imaging centres or pharmacies as distinct entities, and no ownership data.",referral.*; provider.provider_type; provider.owner_entity_id; provider.bank_account_token; provider.phone_token; provider.address_token,,siu,ownership; narrow_network,Referrer→lab/imaging/pharmacy chain retains members within small dense group,SIU lead,,e4e4015302c73e6f,NOT_EXECUTABLE_ON_THIS_DATASET,0,0.81,NOT_EXECUTABLE_ON_THIS_DATASET,catalogue,"No labs, imaging centres or pharmacies as distinct entities, and no ownership data.",referral; provider.bank_account_token; provider.phone_token; provider.address_token
NET-02-R01,NET-02,NET,Shared administrative identity,P1,H/N,POSTPAY_DAILY,shadow,MONITOR_ONLY,False,NOT_EXECUTABLE_ON_THIS_DATASET,"No bank, phone, address, device or owner identifiers exist. The entity-resolution service that would consume them IS implemented (fwa.graph.entity_resolution) and runs on the identifiers that do exist, surfacing every candidate for human confirmation and auto-merging nothing — but this control's specific inputs are absent.",provider.owner_entity_id; provider.bank_account_token; provider.phone_token; provider.address_token,,siu,known_groups; shared_services; fuzzy_matches_cannot_be_hard_flags,"Legally distinct entities share bank, phone, address, device or owner identifier",Graph edge,,2c433c71102ccdd7,NOT_EXECUTABLE_ON_THIS_DATASET,0,0.49,NOT_EXECUTABLE_ON_THIS_DATASET,catalogue,"No bank, phone, address, device or owner identifiers exist. The entity-resolution service that would consume them IS implemented (fwa.graph.entity_resolution) and runs on the identifiers that do exist, surfacing every candidate for human confirmation and auto-merging nothing — but this control's specific inputs are absent.",provider.owner_entity_id; provider.bank_account_token; provider.phone_token; provider.address_token
NET-02-R02,NET-02,NET,Dense member circulation,P1,N,NETWORK_WEEKLY,shadow,SIU_LEAD,False,PARTIAL,"Louvain communities are computed on the real member-provider-agent-TPA graph built from the claim extract, with weekly time-bounded snapshots, and internal density is compared against SIZE-matched communities. Peer matching on specialty and geography is not possible, so the comparison is size-only and the signal records that.",provider.specialty; provider.emirate; encounter.location; provider.owner_entity_id; provider.bank_account_token; provider.phone_token; provider.address_token,net_02_r02_dense_member_circulation,siu,size_matched_peers_only; specialty_matching_unavailable; geography_matching_unavailable; corporate_group_structure,Community has abnormal internal member/provider edge density and low external flow,SIU graph,,8bf72651ce98ce2c,TRIGGERED,10,150.34,PARTIAL,catalogue,"Louvain communities are computed on the real member-provider-agent-TPA graph built from the claim extract, with weekly time-bounded snapshots, and internal density is compared against SIZE-matched communities. Peer matching on specialty and geography is not possible, so the comparison is size-only and the signal records that.",
NET-02-R03,NET-02,NET,Synchronized billing,P1,N/S,POSTPAY_DAILY,shadow,MONITOR_ONLY,False,PARTIAL,"The TIME and AMOUNT limbs run: claims within a community that share an admission date and a closely-matching amount are a synchronisation signature. The CODE and RESUBMISSION limbs do not (no codes, no lineage). The catalogue already assigns this control 'supporting evidence' status and MONITOR_ONLY, which is retained.",claim_line.activity_code; claim_line.units; claim_line.net_amount; claim_version.relationship; claim_version.prior_claim_sk; claim_version.changed_fields,net_02_r03_synchronized_billing,analytics,batch_billing_system; code_signature_unavailable; resubmission_signature_unavailable; standard_package_pricing,"Community claims share unusual time, amount, code or resubmission signatures",Supporting evidence,,fb584d886746cf31,TRIGGERED,88,17751.23,PARTIAL,catalogue,"The TIME and AMOUNT limbs run: claims within a community that share an admission date and a closely-matching amount are a synchronisation signature. The CODE and RESUBMISSION limbs do not (no codes, no lineage). The catalogue already assigns this control 'supporting evidence' status and MONITOR_ONLY, which is retained.",
NET-02-R04,NET-02,NET,Structural-change alert,P1,N,NETWORK_WEEKLY,shadow,MONITOR_ONLY,False,NOT_EXECUTABLE_ON_THIS_DATASET,"Requires a stable node-centrality history across snapshots plus merger and contract records to exclude legitimate structural change. With no contract data, every growing provider would alert, so the control is classified honestly rather than run as a growth detector.",contract.effective_dates; provider.ownership_history; provider.owner_entity_id; provider.bank_account_token; provider.phone_token; provider.address_token,,siu,merger; new_contract,Previously peripheral nodes rapidly become central/dense with material exposure,Monitor/SIU,,6848b16eed2b2cf0,NOT_EXECUTABLE_ON_THIS_DATASET,0,0.05,NOT_EXECUTABLE_ON_THIS_DATASET,catalogue,"Requires a stable node-centrality history across snapshots plus merger and contract records to exclude legitimate structural change. With no contract data, every growing provider would alert, so the control is classified honestly rather than run as a growth detector.",contract
NET-03-R01,NET-03,NET,Repeated high-value dyad,P1,S/N,MODEL_MONTHLY,shadow,POSTPAY_AUDIT,False,EXECUTABLE,Member-provider pair frequency and total value are directly computable and are compared against the distribution of all dyads. The BENEFIT-EXHAUSTION limb is unavailable (no benefit limits) and the signal states that only two of the three conditions were evaluated.,benefit_rule_version.covered; benefit_rule_version.benefit_limit; benefit_rule_version.authorization_required; benefit accumulator for exhaustion,net_03_r01_repeated_high_value_dyad,siu,chronic_disease_pathway; rare_disease_pathway; oncology_pathway; benefit_exhaustion_limb_unavailable,Member-provider pair has abnormal frequency/value and benefit exhaustion,Case evidence,,b20a7343a6ff5d61,TRIGGERED,128,619.75,EXECUTABLE,catalogue,Member-provider pair frequency and total value are directly computable and are compared against the distribution of all dyads. The BENEFIT-EXHAUSTION limb is unavailable (no benefit limits) and the signal states that only two of the three conditions were evaluated.,
NET-03-R02,NET-03,NET,Small closed member group,P1,N,NETWORK_WEEKLY,shadow,SIU_LEAD,False,NOT_EXECUTABLE_ON_THIS_DATASET,"No employer or group identifiers, and no catchment data to exclude a legitimate local clinic. The general community-density control NET-02-R02 covers the graph-structural part of this pattern.",member.employer_id; member.sponsor_id; provider.emirate; encounter.location,,siu,clinic_catchment; employer_onsite_care,Provider activity concentrates in tightly connected member/employer group,SIU graph,,3bd1bc4d331d27ec,NOT_EXECUTABLE_ON_THIS_DATASET,0,0.24,NOT_EXECUTABLE_ON_THIS_DATASET,catalogue,"No employer or group identifiers, and no catchment data to exclude a legitimate local clinic. The general community-density control NET-02-R02 covers the graph-structural part of this pattern.",member.employer_id
NET-03-R03,NET-03,NET,Inducement signature,P1,S,MODEL_MONTHLY,shadow,SIU_LEAD,False,NOT_EXECUTABLE_ON_THIS_DATASET,"All three limbs need absent data: patient share, item-level substitution and service codes.",claim_header.patient_share; claim_line.activity_code; claim_line.units; claim_line.net_amount; prescription_dispense.billed_product; prescription_dispense.days_supply; prescription_dispense.prescriber_id; prescription_dispense.pharmacy_id,,siu,approved_programs,"Zero patient share, non-medical substitution or repetitive profitable services co-occur",High-priority lead,,f27ee8543f632820,NOT_EXECUTABLE_ON_THIS_DATASET,0,0.14,NOT_EXECUTABLE_ON_THIS_DATASET,catalogue,"All three limbs need absent data: patient share, item-level substitution and service codes.",claim_line; claim_header.patient_share
NET-03-R04,NET-03,NET,Complaint/confirmation corroboration,P1,S,POSTPAY_DAILY,shadow,SIU_LEAD,False,NOT_EXECUTABLE_ON_THIS_DATASET,No complaints or member confirmations.,complaint.*; member_confirmation.*,,siu,evidence_reliability,Authenticated member evidence corroborates service/item or charge mismatch,Escalate case,,5b280272656f5e08,NOT_EXECUTABLE_ON_THIS_DATASET,0,0.01,NOT_EXECUTABLE_ON_THIS_DATASET,catalogue,No complaints or member confirmations.,member_confirmation; complaint
NET-04-R01,NET-04,NET,Confirmed-outcome rate,P2,S,MODEL_MONTHLY,shadow,POSTPAY_AUDIT,False,NOT_EXECUTABLE_ON_THIS_DATASET,"This control requires CONFIRMED REVIEW OUTCOMES as its label, and the catalogue is explicit that raw system flags must never be used as one. review_outcome is empty at load, and fraud_label is held-out evaluation data that no detection component may read. Implementing it against fraud_label would be precisely the leakage this artefact is built to prevent. It becomes executable once the artefact has accumulated real reviewer dispositions.",review_outcome.validated_category; review_outcome.confirmed_amount_aed,,analytics,never_use_raw_system_flags_as_label; control_portfolio_mix,Hierarchical model shows excess validated FWA/error outcomes by originator/group,Distribution review,,2b610d463492f8a9,NOT_EXECUTABLE_ON_THIS_DATASET,0,0.04,NOT_EXECUTABLE_ON_THIS_DATASET,catalogue,"This control requires CONFIRMED REVIEW OUTCOMES as its label, and the catalogue is explicit that raw system flags must never be used as one. review_outcome is empty at load, and fraud_label is held-out evaluation data that no detection component may read. Implementing it against fraud_label would be precisely the leakage this artefact is built to prevent. It becomes executable once the artefact has accumulated real reviewer dispositions.",
NET-04-R02,NET-04,NET,Provider concentration,P2,S/N,MODEL_MONTHLY,shadow,POSTPAY_AUDIT,False,PARTIAL,"Agent (originator) → provider concentration is computable and is the structural content of this control. Employer groups do not exist in the source, so only the agent limb runs, and the employer-clinic exclusion cannot be applied — stated on every signal.",member.employer_id; provider.emirate; encounter.location,net_04_r02_originator_provider_concentration,siu,employer_onsite_clinic_unverifiable; geographic_catchment_unavailable; small_portfolio; corporate_group_structure,Originator/group members disproportionately use a small provider network,Network case,,020a8d6640111a48,TRIGGERED,20,133.69,PARTIAL,catalogue,"Agent (originator) → provider concentration is computable and is the structural content of this control. Employer groups do not exist in the source, so only the agent limb runs, and the employer-clinic exclusion cannot be applied — stated on every signal.",
NET-04-R03,NET-04,NET,Early-tenure high-risk cluster,P2,S,MODEL_MONTHLY,shadow,POSTPAY_AUDIT,False,PARTIAL,"Early tenure (cfg.early_tenure_days) and claim value both exist, so clustering of high-value early-tenure claims by AGENT is computable. 'Beyond morbidity expectation' is approximated by the diagnosis-peer amount distribution rather than a morbidity model. The catalogue's instruction — 'review, NEVER INDIVIDUAL DENIAL' — is reproduced on the signal.",member.employer_id; morbidity_model.*,net_04_r03_early_tenure_cluster,analytics,maternity_continuity; chronic_condition_continuity; guaranteed_issue_product; morbidity_model_unavailable; never_an_individual_denial,High-cost claims shortly after enrollment cluster by originator/group beyond morbidity expectation,"Review, never individual denial",,fbc83254e031db82,TRIGGERED,56,465.68,PARTIAL,catalogue,"Early tenure (cfg.early_tenure_days) and claim value both exist, so clustering of high-value early-tenure claims by AGENT is computable. 'Beyond morbidity expectation' is approximated by the diagnosis-peer amount distribution rather than a morbidity model. The catalogue's instruction — 'review, NEVER INDIVIDUAL DENIAL' — is reproduced on the signal.",
NET-04-R04,NET-04,NET,Shared identifiers/actors,P2,N,NETWORK_WEEKLY,shadow,SIU_LEAD,False,NOT_EXECUTABLE_ON_THIS_DATASET,"No contact, payment or device identifiers.",provider.owner_entity_id; provider.bank_account_token; provider.phone_token; provider.address_token,,siu,lawful_data; known_corporate_links,"Broker, employer, member and provider share suspicious contact/payment/device links",SIU graph,,a0951e6742595bf2,NOT_EXECUTABLE_ON_THIS_DATASET,0,0.6,NOT_EXECUTABLE_ON_THIS_DATASET,catalogue,"No contact, payment or device identifiers.",provider.owner_entity_id; coverage_period.agent_id
PAY-01-R01,PAY-01,PAY,Exact line duplicate,P0,H,PREPAY_SYNC,shadow,REJECT,True,PARTIAL,"Runs at CLAIM-HEADER level, not line level: the match key is payer + member + provider + primary diagnosis + admission date + discharge date + exact requested amount. Without activity codes and units this is a strictly coarser key than the catalogue specifies, so it can miss a duplicated line inside a differing claim. Because it is an exact, objective, hard-edit condition it retains the REJECT disposition — but only the later claim in the active lineage is rejected.",claim_line.activity_code; claim_line.units; claim_line.net_amount; claim_line.service_date; claim_line.units,pay_01_r01_exact_duplicate,claims_policy,replacement_or_cancelled_line; valid_repeat_indicator; bilateral_procedure_rule; superseded_by_correction,Same payer/member/provider/code/date/units/amount and no valid repeat indicator in active lineage,Reject later line,,d0318916a000f451,TRIGGERED,160,8069.68,PARTIAL,catalogue,"Runs at CLAIM-HEADER level, not line level: the match key is payer + member + provider + primary diagnosis + admission date + discharge date + exact requested amount. Without activity codes and units this is a strictly coarser key than the catalogue specifies, so it can miss a duplicated line inside a differing claim. Because it is an exact, objective, hard-edit condition it retains the REJECT disposition — but only the later claim in the active lineage is rejected.",
PAY-01-R02,PAY-01,PAY,Near duplicate,P0,H,PREPAY_ASYNC,shadow,PREPAY_PEND,False,PARTIAL,"Runs on member + provider + primary diagnosis within cfg.duplicate_window_days with amounts within cfg.duplicate_amount_tolerance. There is no code-equivalence map, so 'code equivalent' is approximated by identical primary diagnosis, which is weaker.",claim_line.activity_code; claim_line.units; claim_line.net_amount; code_equivalence_map,pay_01_r02_near_duplicate,claims_policy,staged_or_repeat_service; code_equivalence_map_permits; planned_series_of_care,"Same clinical service with changed claim ID, amount, units or code equivalent within cfg.window",Pend with matched line,,2f4d73253fff10c3,TRIGGERED,290,7266.76,PARTIAL,catalogue,"Runs on member + provider + primary diagnosis within cfg.duplicate_window_days with amounts within cfg.duplicate_amount_tolerance. There is no code-equivalence map, so 'code equivalent' is approximated by identical primary diagnosis, which is weaker.",
PAY-01-R03,PAY-01,PAY,Split-claim duplicate,P0,H,POSTPAY_DAILY,shadow,PREPAY_PEND,False,PARTIAL,"Episodes are built from same-member readmission proximity, so a multi-claim episode with a repeated primary diagnosis is detectable. 'Component service' is not — there are no components. Disposition is downgraded to PREPAY_PEND because a correct repriced amount cannot be COMPUTED without line-level detail, and permits REPRICE only where the correct payable amount is computable.",claim_line.activity_code; claim_line.units; claim_line.net_amount; claim_header.claim_type (facility vs professional),pay_01_r03_split_claim_duplicate,claims_policy,facility_professional_legitimate_split; planned_staged_procedure; cross_provider_transfer,Component/identical service appears across claim headers for same episode,Reprice/pend episode,"Disposition downgraded from REPRICE to PREPAY_PEND: the correct payable amount is not computable without claim lines, and defines REPRICE as the case where it is.",3b5391fe57d62c27,TRIGGERED,57,7788.66,PARTIAL,catalogue,"Episodes are built from same-member readmission proximity, so a multi-claim episode with a repeated primary diagnosis is detectable. 'Component service' is not — there are no components. Disposition is downgraded to PREPAY_PEND because a correct repriced amount cannot be COMPUTED without line-level detail, and permits REPRICE only where the correct payable amount is computable.",
PAY-01-R04,PAY-01,PAY,Cross-payer duplicate,P0,H/S,POSTPAY_DAILY,shadow,POSTPAY_AUDIT,False,NOT_EXECUTABLE_ON_THIS_DATASET,Single-payer extract with no payment status. num_insurers_same_event indicates that other insurers exist but carries no matching service record to compare against; that weaker fact is handled by PAY-10-R01 instead.,remittance.decision; remittance.denial_code; remittance.payment_amount; cross_payer_match_token; coordination_of_benefits.*,,claims_policy,only_authorized_data_sharing; cob_data; payment_status_required,Privacy-preserving member/service match paid by multiple payers,Recovery/coordination case,,bb6d1af93b63a27a,NOT_EXECUTABLE_ON_THIS_DATASET,0,0.1,NOT_EXECUTABLE_ON_THIS_DATASET,catalogue,Single-payer extract with no payment status. num_insurers_same_event indicates that other insurers exist but carries no matching service record to compare against; that weaker fact is handled by PAY-10-R01 instead.,claim_line; remittance; other_payer_remittance; coordination_of_benefits
PAY-02-R01,PAY-02,PAY,Same-claim component edit,P0,H,PREPAY_SYNC,shadow,REPRICE,True,NOT_EXECUTABLE_ON_THIS_DATASET,Requires claim lines and a bundling edit table; neither exists.,claim_line.activity_code; claim_line.units; claim_line.net_amount; bundling_edit_table.*,,claims_policy,permitted_indicator; edit_version,Parent and separately payable component match effective bundling edit,Reprice/reject component,,a29be1554d0dbae4,NOT_EXECUTABLE_ON_THIS_DATASET,0,0.03,NOT_EXECUTABLE_ON_THIS_DATASET,catalogue,Requires claim lines and a bundling edit table; neither exists.,claim_line; bundling_edit_table
PAY-02-R02,PAY-02,PAY,Cross-claim/cross-provider component,P0,H/E,POSTPAY_DAILY,shadow,REPRICE,True,NOT_EXECUTABLE_ON_THIS_DATASET,Requires component-level identification of services within an episode.,claim_line.activity_code; claim_line.units; claim_line.net_amount; bundling_edit_table.*,,claims_policy,contractual_professional; facility_split,Included component billed on related claim in global/episode window,Episode reprice/pend,,b4cd717c24f7314c,NOT_EXECUTABLE_ON_THIS_DATASET,0,0.01,NOT_EXECUTABLE_ON_THIS_DATASET,catalogue,Requires component-level identification of services within an episode.,claim_line; bundling_edit_table
PAY-02-R03,PAY-02,PAY,Package completeness/zero-price lines,P0,H,PREPAY_SYNC,shadow,RETURN,False,NOT_EXECUTABLE_ON_THIS_DATASET,No package definitions and no lines.,claim_line.activity_code; claim_line.units; claim_line.net_amount; package_definition.*,,claims_policy,documented_medical_omission; local_claiming_rule,"Required package activities absent, or included activity has non-zero charge",Return/reprice,,8910a94333428b61,NOT_EXECUTABLE_ON_THIS_DATASET,0,0.01,NOT_EXECUTABLE_ON_THIS_DATASET,catalogue,No package definitions and no lines.,claim_line; package_definition
PAY-02-R04,PAY-02,PAY,DRG/inclusive leakage,P0,H,POSTPAY_DAILY,shadow,POSTPAY_AUDIT,False,NOT_EXECUTABLE_ON_THIS_DATASET,"No DRG assignment, no lines, no payment records.",claim_line.activity_code; claim_line.units; claim_line.net_amount; remittance.decision; remittance.denial_code; remittance.payment_amount; drg_grouper.*,,claims_policy,effective_inclusions; exclusions; carve_outs,FFS line separately paid although included in DRG/package,Recovery candidate,,586495f77fb510b9,NOT_EXECUTABLE_ON_THIS_DATASET,0,0.01,NOT_EXECUTABLE_ON_THIS_DATASET,catalogue,"No DRG assignment, no lines, no payment records.",claim_line; remittance; package_definition
PAY-02-R05,PAY-02,PAY,Novel unbundling pattern,P0,S,MODEL_MONTHLY,shadow,MONITOR_ONLY,False,NOT_EXECUTABLE_ON_THIS_DATASET,"Depends on the code-pair co-occurrence feature that names explicitly and that no claim-level aggregate can substitute for. The claim_line feature level is NOT_POPULATED, so this control has no input at all.",claim_line.activity_code; claim_line.units; claim_line.net_amount,,policy_owner,minimum_volume; peer_adjustment,Provider has abnormal profitable component co-occurrence not in known edit table,"Policy-review candidate, not denial",,2c8fd1260bc2a1e7,NOT_EXECUTABLE_ON_THIS_DATASET,0,0.04,NOT_EXECUTABLE_ON_THIS_DATASET,catalogue,"Depends on the code-pair co-occurrence feature that names explicitly and that no claim-level aggregate can substitute for. The claim_line feature level is NOT_POPULATED, so this control has no input at all.",claim_line; bundling_edit_table; activity_code_reference
PAY-03-R01,PAY-03,PAY,Invalid/effective-date code,P0,H,INGEST,shadow,RETURN,False,NOT_EXECUTABLE_ON_THIS_DATASET,"Only a primary ICD-10 diagnosis exists, drawn from a closed set of 20 codes that are all valid. There are no procedure codes to validate and no code-system version history.",claim_line.activity_code; claim_line.units; claim_line.net_amount; code_system_version.*,,coding_policy,approved_unlisted_code_pathway; required_observation,Code absent from declared code system/version or inactive at service date,Return,,1894f3743af96fcb,NOT_EXECUTABLE_ON_THIS_DATASET,0,0.01,NOT_EXECUTABLE_ON_THIS_DATASET,catalogue,"Only a primary ICD-10 diagnosis exists, drawn from a closed set of 20 codes that are all valid. There are no procedure codes to validate and no code-system version history.",claim_line; code_system_version
PAY-03-R02,PAY-03,PAY,Hard demographic impossibility,P0,H,PREPAY_SYNC,shadow,REJECT,True,NOT_EXECUTABLE_ON_THIS_DATASET,No member demographics. Note that O80 (normal delivery) appears in the data but without a sex field there is nothing to check it against.,member.date_of_birth; member.sex; claim_line.activity_code; claim_line.units; claim_line.net_amount,,coding_policy,gender; clinical_exceptions_approved_by_policy,Explicit age/sex restriction fails,Reject/pend,,ee34a1bba3fbe73c,NOT_EXECUTABLE_ON_THIS_DATASET,0,0.03,NOT_EXECUTABLE_ON_THIS_DATASET,catalogue,No member demographics. Note that O80 (normal delivery) appears in the data but without a sex field there is nothing to check it against.,claim_line; activity_code_reference
PAY-03-R03,PAY-03,PAY,Unit maximum,P0,H/E,PREPAY_SYNC,shadow,REPRICE,True,NOT_EXECUTABLE_ON_THIS_DATASET,"the claim extract carries one billed amount per claim and no service lines, so there is no unit count to compare against a daily or episode maximum.",claim_line.activity_code; claim_line.units; claim_line.net_amount; unit_maximum_policy.*,,coding_policy,repeat; laterality; dose; inpatient_rules,Daily/episode units exceed administrative or clinical maximum,Reprice or clinical pend,,e5fd464a62cb5091,NOT_EXECUTABLE_ON_THIS_DATASET,0,0.01,NOT_EXECUTABLE_ON_THIS_DATASET,catalogue,"the claim extract carries one billed amount per claim and no service lines, so there is no unit count to compare against a daily or episode maximum.",claim_line; unit_maximum_policy
PAY-03-R04,PAY-03,PAY,Time-unit inconsistency,P0,H/E,PREPAY_SYNC,shadow,REPRICE,True,NOT_EXECUTABLE_ON_THIS_DATASET,No service times and no units.,claim_line.activity_code; claim_line.units; claim_line.net_amount; claim_line.service_start_time,,coding_policy,rounding_policy; anesthesia_concurrency,Time-derived units do not match start/end time or overlap impossible services,Reprice/pend,,9412341db4f0e349,NOT_EXECUTABLE_ON_THIS_DATASET,0,0.02,NOT_EXECUTABLE_ON_THIS_DATASET,catalogue,No service times and no units.,claim_line; activity_code_reference
PAY-04-R01,PAY-04,PAY,Missing required authorization,P0,H,PREPAY_SYNC,shadow,PREPAY_PEND,False,NOT_EXECUTABLE_ON_THIS_DATASET,"The authorization table is NOT_POPULATED and there is no authorization_required flag. This is the single largest coverage gap relative to a real Shafafiya feed: the whole PAY-04 scenario (5 controls) is unrunnable, and PAY-04-R01 is the worked example the atomic-control contract is usually explained through.",authorization.*; authorization_line.*; claim_line.authorization_id; benefit_rule_version.covered; benefit_rule_version.benefit_limit; benefit_rule_version.authorization_required,,claims_policy,emergency; deemed_approval; response_time_exception,Activity requires authorization and no valid link exists,Pend/reject,,f772cf74b9dfd3fd,NOT_EXECUTABLE_ON_THIS_DATASET,0,0.02,NOT_EXECUTABLE_ON_THIS_DATASET,catalogue,"The authorization table is NOT_POPULATED and there is no authorization_required flag. This is the single largest coverage gap relative to a real Shafafiya feed: the whole PAY-04 scenario (5 controls) is unrunnable, and PAY-04-R01 is the worked example the atomic-control contract is usually explained through.",claim_line; authorization; authorization_line; benefit_rule_version; activity_code_reference
PAY-04-R02,PAY-04,PAY,Invalid timing/status,P0,H,PREPAY_SYNC,shadow,PREPAY_PEND,False,NOT_EXECUTABLE_ON_THIS_DATASET,No authorisation records.,authorization.*; authorization_line.*; claim_line.authorization_id,,claims_policy,approved_extension; urgent_retrospective_route,Service outside authorization validity or authorization denied/cancelled,Pend/reject,,db9e175330f3083a,NOT_EXECUTABLE_ON_THIS_DATASET,0,0.02,NOT_EXECUTABLE_ON_THIS_DATASET,catalogue,No authorisation records.,claim_line; authorization; authorization_line
PAY-04-R03,PAY-04,PAY,Code/provider/facility scope mismatch,P0,H,PREPAY_SYNC,shadow,PREPAY_PEND,False,NOT_EXECUTABLE_ON_THIS_DATASET,No authorisation records.,authorization.*; authorization_line.*; claim_line.authorization_id; claim_line.activity_code; claim_line.units; claim_line.net_amount,,claims_policy,equivalent_code_map; approved_transfer,Claim dimension not equal/equivalent to approved dimension,Pend,,878529c52df69624,NOT_EXECUTABLE_ON_THIS_DATASET,0,0.01,NOT_EXECUTABLE_ON_THIS_DATASET,catalogue,No authorisation records.,claim_line; authorization; authorization_line
PAY-04-R04,PAY-04,PAY,Quantity/value exhaustion,P0,H,PREPAY_SYNC,shadow,REPRICE,True,NOT_EXECUTABLE_ON_THIS_DATASET,No authorisation records and no paid-to-date accumulator.,authorization.*; authorization_line.*; claim_line.authorization_id; remittance.decision; remittance.denial_code; remittance.payment_amount,,claims_policy,cancelled; reversed_claims; partial_fills,Cumulative claimed/paid plus current exceeds approved units/value,Reprice/pend excess,,c1fd7f87a7bd2962,NOT_EXECUTABLE_ON_THIS_DATASET,0,0.02,NOT_EXECUTABLE_ON_THIS_DATASET,catalogue,No authorisation records and no paid-to-date accumulator.,claim_line; authorization; authorization_line; remittance
PAY-04-R05,PAY-04,PAY,Authorization reuse,P0,H/S,POSTPAY_DAILY,shadow,SIU_LEAD,False,NOT_EXECUTABLE_ON_THIS_DATASET,No authorisation identifiers to reuse.,authorization.*; authorization_line.*; claim_line.authorization_id,,siu,family; shared_authorization_only_if_policy_permits,Same authorization consumed by unrelated members/episodes/providers or after exhaustion,SIU/prepay lead,,d73f24b5e46ab2d0,NOT_EXECUTABLE_ON_THIS_DATASET,0,0.03,NOT_EXECUTABLE_ON_THIS_DATASET,catalogue,No authorisation identifiers to reuse.,claim_line; authorization
PAY-05-R01,PAY-05,PAY,Prohibited code-indicator pair,P1,H,PREPAY_SYNC,shadow,RETURN,False,NOT_EXECUTABLE_ON_THIS_DATASET,No modifiers or indicators in the source.,claim_line.activity_code; claim_line.units; claim_line.net_amount; claim_line.indicator,,coding_policy,local_indicator_rules; never_import_foreign_rules_blindly,Pair absent/prohibited in effective policy table,Return/reject,,c16657aabbc487e6,NOT_EXECUTABLE_ON_THIS_DATASET,0,0.01,NOT_EXECUTABLE_ON_THIS_DATASET,catalogue,No modifiers or indicators in the source.,claim_line; bundling_edit_table
PAY-05-R02,PAY-05,PAY,Required support absent,P1,E/T,PREPAY_ASYNC,shadow,PREPAY_PEND,False,NOT_EXECUTABLE_ON_THIS_DATASET,No indicators and no documents.,claim_line.activity_code; claim_line.units; claim_line.net_amount; observation.attachment_ref; document.text; document.language,,clinical_policy,document_arrival_latency,Enabling indicator requires Observation/report/narrative and artifact is missing,Pend,,9328eabec8727054,NOT_EXECUTABLE_ON_THIS_DATASET,0,0.01,NOT_EXECUTABLE_ON_THIS_DATASET,catalogue,No indicators and no documents.,claim_line; observation; document
PAY-05-R03,PAY-05,PAY,Provider use-rate outlier,P1,S,MODEL_MONTHLY,shadow,POSTPAY_AUDIT,False,NOT_EXECUTABLE_ON_THIS_DATASET,"No indicators, so there is no indicator rate to compare.",claim_line.activity_code; claim_line.units; claim_line.net_amount; claim_line.indicator,,analytics,minimum_denominator; facility; payment_model,Indicator rate exceeds shrunk specialty peer percentile,Postpay audit,,776b6f4940899d47,NOT_EXECUTABLE_ON_THIS_DATASET,0,0.02,NOT_EXECUTABLE_ON_THIS_DATASET,catalogue,"No indicators, so there is no indicator rate to compare.",claim_line
PAY-05-R04,PAY-05,PAY,Post-edit migration,P1,S,MODEL_MONTHLY,shadow,POSTPAY_AUDIT,False,NOT_EXECUTABLE_ON_THIS_DATASET,Requires denial outcomes and an edit-launch timeline; neither exists.,remittance.decision; remittance.denial_code; remittance.payment_amount; claim_line.activity_code; claim_line.units; claim_line.net_amount,,analytics,rule_launch; provider_education_periods,Usage spikes after new edit and disproportionately converts denials to payment,Payment-integrity case,,b85bd8545ed8740f,NOT_EXECUTABLE_ON_THIS_DATASET,0,0.02,NOT_EXECUTABLE_ON_THIS_DATASET,catalogue,Requires denial outcomes and an edit-launch timeline; neither exists.,claim_line; remittance; bundling_edit_table; activity_code_reference
PAY-06-R01,PAY-06,PAY,Tariff/contract price variance,P0,H,PREPAY_SYNC,shadow,REPRICE,True,NOT_EXECUTABLE_ON_THIS_DATASET,"No tariff or contract price table, so there is no allowed price to compare against. The peer-relative analogue is PAY-06-R03, which is a statistical control and therefore may not reprice.",tariff.allowed_price; contract.*; claim_line.activity_code; claim_line.units; claim_line.net_amount,,claims_policy,negotiated_carve_outs; vat; currency_policy,Submitted price basis differs from effective allowed price outside rounding tolerance,Reprice,,024c33e7a4d957dd,NOT_EXECUTABLE_ON_THIS_DATASET,0,0.01,NOT_EXECUTABLE_ON_THIS_DATASET,catalogue,"No tariff or contract price table, so there is no allowed price to compare against. The peer-relative analogue is PAY-06-R03, which is a statistical control and therefore may not reprice.",claim_line; tariff; contract
PAY-06-R02,PAY-06,PAY,Gross/net/share arithmetic failure,P0,H,INGEST,shadow,RETURN,False,PARTIAL,"The full equation (gross − discount − patient_share = net) cannot be checked because patient_share is absent. The one limb that CAN be checked is checked: approved must not exceed requested, and neither may be negative. That is a genuine transaction-integrity edit and it runs at INGEST.",claim_header.patient_share; claim_header.discount,pay_06_r02_amount_arithmetic,claims_policy,approved_adjustment_uplift; other_insurer_amount_included; contractual_true_up,Amount relationships violate transaction or contract equation,Return,,689107af95f41b2a,TRIGGERED,35,17.89,PARTIAL,catalogue,"The full equation (gross − discount − patient_share = net) cannot be checked because patient_share is absent. The one limb that CAN be checked is checked: approved must not exceed requested, and neither may be negative. That is a genuine transaction-integrity edit and it runs at INGEST.",
PAY-06-R03,PAY-06,PAY,Billed amount peer outlier,P0,S,POSTPAY_DAILY,shadow,PREPAY_PEND,False,EXECUTABLE,"Runs as specified except that the peer comparison is at PRIMARY-DIAGNOSIS level rather than activity-code level, because there are no activity codes. Robust median/MAD residuals are used, not mean/SD z-scores, because claim amounts are heavily right-skewed.",claim_line.activity_code (for code-level rather than diagnosis-level peers); tariff.allowed_price,pay_06_r03_billed_amount_peer_outlier,analytics,case_mix_difference; units_not_available; implant_carve_out; insufficient_peer_evidence,Code-level amount above contract-adjusted peer threshold,Pend only with material exposure,,4987aaa95e483d53,TRIGGERED,640,1302.58,EXECUTABLE,catalogue,"Runs as specified except that the peer comparison is at PRIMARY-DIAGNOSIS level rather than activity-code level, because there are no activity codes. Robust median/MAD residuals are used, not mean/SD z-scores, because claim amounts are heavily right-skewed.",
PAY-06-R04,PAY-06,PAY,Approved-to-billed pattern,P0,S,MODEL_MONTHLY,shadow,PROVIDER_EDUCATION,False,EXECUTABLE,"Both limbs run: requested and approved amounts exist for every claim, so a provider's approval-ratio level and its VARIANCE are both computable against shrunk peers.",remittance.decision (to separate adjudication effects from billing behaviour),pay_06_r04_approval_ratio_pattern,analytics,adjudication_model_difference; contract_difference; insufficient_peer_evidence; single_claim_provider,Persistent low approval ratio or suspiciously invariant full approval versus peers,"Education, audit or PAY-11 link",,ebbb5a71fef75445,TRIGGERED,127,780.8,EXECUTABLE,catalogue,"Both limbs run: requested and approved amounts exist for every claim, so a provider's approval-ratio level and its VARIANCE are both computable against shrunk peers.",
PAY-07-R01,PAY-07,PAY,Expected-share mismatch,P0,H,PREPAY_SYNC,shadow,REPRICE,True,NOT_EXECUTABLE_ON_THIS_DATASET,"patient_share is absent from the claim extract and there is no benefit calculation to compare it against. NOTE: PAY-07 is sometimes described as an 'approval-ratio anomaly'; the control catalogue defines it as patient-share/copay/balance billing. The catalogue is followed, and the approval-ratio control is implemented where the catalogue actually places it, at PAY-06-R04.",claim_header.patient_share; benefit_rule_version.covered; benefit_rule_version.benefit_limit; benefit_rule_version.authorization_required,,claims_policy,deductible_accumulator; exemptions; rounding,Submitted claim/Activity share differs from benefit calculation,Reprice/return,,891ec445c7fdfdba,NOT_EXECUTABLE_ON_THIS_DATASET,0,0.37,NOT_EXECUTABLE_ON_THIS_DATASET,catalogue,"patient_share is absent from the claim extract and there is no benefit calculation to compare it against. NOTE: PAY-07 is sometimes described as an 'approval-ratio anomaly'; the control catalogue defines it as patient-share/copay/balance billing. The catalogue is followed, and the approval-ratio control is implemented where the catalogue actually places it, at PAY-06-R04.",claim_line; benefit_rule_version; activity_code_reference; claim_header.patient_share
PAY-07-R02,PAY-07,PAY,Share shifted to payer,P0,H,PREPAY_SYNC,shadow,REPRICE,True,NOT_EXECUTABLE_ON_THIS_DATASET,"The equation needs patient_share and discount, both absent.",claim_header.patient_share; claim_header.discount,,claims_policy,approved_discount; hardship,gross - valid_discount - patient_share != net or waived share included in net,Reprice,,7d3929100152a2bf,NOT_EXECUTABLE_ON_THIS_DATASET,0,0.44,NOT_EXECUTABLE_ON_THIS_DATASET,catalogue,"The equation needs patient_share and discount, both absent.",claim_header.patient_share; claim_header.discount
PAY-07-R03,PAY-07,PAY,Systematic zero/rounded share,P0,S,MODEL_MONTHLY,shadow,POSTPAY_AUDIT,False,NOT_EXECUTABLE_ON_THIS_DATASET,No patient share to be systematically zero.,claim_header.patient_share,,analytics,zero_share_benefits; regulator_programs,Provider zero-share or repeated-rounding rate exceeds product-adjusted peers,Postpay audit,,537ad8dabe55918c,NOT_EXECUTABLE_ON_THIS_DATASET,0,0.24,NOT_EXECUTABLE_ON_THIS_DATASET,catalogue,No patient share to be systematically zero.,claim_line; benefit_rule_version; activity_code_reference; claim_header.patient_share
PAY-07-R04,PAY-07,PAY,Excess patient charge/balance bill,P0,H/S,POSTPAY_DAILY,shadow,PREPAY_PEND,False,NOT_EXECUTABLE_ON_THIS_DATASET,"No receipts, complaints or patient-liability records.",member_receipt.*; complaint.*; claim_header.patient_share,,claims_policy,non_covered_elective_items_with_documented_consent,Receipt/complaint/collection data exceeds approved patient liability,Member protection/provider case,,e550539890919695,NOT_EXECUTABLE_ON_THIS_DATASET,0,0.2,NOT_EXECUTABLE_ON_THIS_DATASET,catalogue,"No receipts, complaints or patient-liability records.",member_receipt; claim_header.patient_share
PAY-08-R01,PAY-08,PAY,Missing/broken lineage,P0,H,INGEST,shadow,RETURN,False,NOT_EXECUTABLE_ON_THIS_DATASET,"claim_version is NOT_POPULATED — every claim_id in the source is unique and appears once, so there is no lineage to be broken.",claim_version.relationship; claim_version.prior_claim_sk; claim_version.changed_fields,,claims_policy,legacy_route_where_permitted,Correction/resubmission lacks valid prior payer ID/type or references unrelated claim,Return,,87436feed8faf7a1,NOT_EXECUTABLE_ON_THIS_DATASET,0,0.03,NOT_EXECUTABLE_ON_THIS_DATASET,catalogue,"claim_version is NOT_POPULATED — every claim_id in the source is unique and appears once, so there is no lineage to be broken.",claim_version
PAY-08-R02,PAY-08,PAY,Reimbursement-enabling field mutation,P0,H/E,PREPAY_ASYNC,shadow,PREPAY_PEND,False,NOT_EXECUTABLE_ON_THIS_DATASET,No resubmissions and no denial codes. The field-diff rendering this control needs IS implemented (LineageIndex.field_diff) and is exercised by the integration test against constructed fixtures.,claim_version.relationship; claim_version.prior_claim_sk; claim_version.changed_fields; remittance.decision; remittance.denial_code; remittance.payment_amount,,claims_policy,accepted_correction_matrix_by_denial_code,"Denied line changes diagnosis, code, units, provider, setting or indicator without coherent correction evidence",Pend with field diff,,34c120997550a504,NOT_EXECUTABLE_ON_THIS_DATASET,0,0.03,NOT_EXECUTABLE_ON_THIS_DATASET,catalogue,No resubmissions and no denial codes. The field-diff rendering this control needs IS implemented (LineageIndex.field_diff) and is exercised by the integration test against constructed fixtures.,claim_line; claim_version; remittance
PAY-08-R03,PAY-08,PAY,Repeated resubmission loop,P0,S,POSTPAY_DAILY,shadow,POSTPAY_AUDIT,False,NOT_EXECUTABLE_ON_THIS_DATASET,No resubmission attempts recorded.,claim_version.relationship; claim_version.prior_claim_sk; claim_version.changed_fields,,claims_policy,internal_complaint; appeal_route,Attempts per underlying service exceed cfg.max_attempts or alternate variants until paid,Provider case,,e0f73c57085ae4d0,NOT_EXECUTABLE_ON_THIS_DATASET,0,0.04,NOT_EXECUTABLE_ON_THIS_DATASET,catalogue,No resubmission attempts recorded.,claim_version; remittance
PAY-08-R04,PAY-08,PAY,Edit-learning success anomaly,P0,S,MODEL_MONTHLY,shadow,SIU_LEAD,False,NOT_EXECUTABLE_ON_THIS_DATASET,"No resubmissions, no denial codes, no payment outcomes.",claim_version.relationship; claim_version.prior_claim_sk; claim_version.changed_fields; remittance.decision; remittance.denial_code; remittance.payment_amount,,siu,biller; vendor; policy_change_adjustment,Provider's mutated resubmission success materially exceeds peers and concentrates on specific denial edits,SIU/payment-integrity lead,,da947297c586c1b3,NOT_EXECUTABLE_ON_THIS_DATASET,0,0.02,NOT_EXECUTABLE_ON_THIS_DATASET,catalogue,"No resubmissions, no denial codes, no payment outcomes.",claim_line; claim_version; remittance
PAY-09-R01,PAY-09,PAY,Code-description/document conflict,P0,E/T,PREPAY_ASYNC,shadow,PREPAY_PEND,False,NOT_EXECUTABLE_ON_THIS_DATASET,"Requires both real documents and a covered/non-covered benefit map. The synthetic document pipeline built for DOC-01 cannot substitute, because the benefit map that defines 'uncovered' does not exist.",observation.attachment_ref; document.text; document.language; benefit_rule_version.covered; benefit_rule_version.benefit_limit; benefit_rule_version.authorization_required,,clinical_policy,nlp_confidence; clinician_review,Note/order/Observation describes an uncovered service while claim uses covered code,Pend,,874bb789093b74c3,NOT_EXECUTABLE_ON_THIS_DATASET,0,0.02,NOT_EXECUTABLE_ON_THIS_DATASET,catalogue,"Requires both real documents and a covered/non-covered benefit map. The synthetic document pipeline built for DOC-01 cannot substitute, because the benefit map that defines 'uncovered' does not exist.",claim_line; document
PAY-09-R02,PAY-09,PAY,Covered-code substitution pattern,P0,S,MODEL_MONTHLY,shadow,POSTPAY_AUDIT,False,NOT_EXECUTABLE_ON_THIS_DATASET,No procedure codes and no denial history.,claim_line.activity_code; claim_line.units; claim_line.net_amount; remittance.decision; remittance.denial_code; remittance.payment_amount,,analytics,code_family; denial_history_map,Provider uses a payable proxy code unusually often around denied/non-covered services,Postpay audit,,608e2d57ccb44db5,NOT_EXECUTABLE_ON_THIS_DATASET,0,0.03,NOT_EXECUTABLE_ON_THIS_DATASET,catalogue,No procedure codes and no denial history.,claim_line; remittance
PAY-09-R03,PAY-09,PAY,Cosmetic/alternative/non-medical disguise,P0,E,PREPAY_SYNC,shadow,PREPAY_PEND,False,NOT_EXECUTABLE_ON_THIS_DATASET,"Needs a curated disguise-risk policy table plus setting and product, none of which exist.",claim_line.activity_code; claim_line.units; claim_line.net_amount; encounter.encounter_type; disguise_risk_policy.*,,clinical_policy,reconstructive; medical_necessity_exceptions,"Diagnosis, setting and product combination matches approved disguise-risk policy",Clinical pend,,df2b759d95e0b8a1,NOT_EXECUTABLE_ON_THIS_DATASET,0,0.03,NOT_EXECUTABLE_ON_THIS_DATASET,catalogue,"Needs a curated disguise-risk policy table plus setting and product, none of which exist.",claim_line; disguise_risk_policy
PAY-09-R04,PAY-09,PAY,Member/provider confirmation mismatch,P0,S,POSTPAY_DAILY,shadow,SIU_LEAD,False,NOT_EXECUTABLE_ON_THIS_DATASET,No member confirmations or receipts.,member_receipt.*; member_confirmation.*,,siu,confirmation_reliability; consent,Member receipt/confirmation describes different item/service than billed,SIU lead,,c4d0d873c78d72ac,NOT_EXECUTABLE_ON_THIS_DATASET,0,0.02,NOT_EXECUTABLE_ON_THIS_DATASET,catalogue,No member confirmations or receipts.,claim_line; member_confirmation
PAY-10-R01,PAY-10,PAY,Other coverage not coordinated,P1,H,PREPAY_SYNC,shadow,PREPAY_PEND,False,PARTIAL,"num_insurers_same_event > 1 establishes that other coverage EXISTS, which is the precondition the control needs, but payer ORDER cannot be evaluated: there is no primary/secondary designation and no other-payer payment record. The signal is therefore raised as 'coordination evidence required', not as a wrong-order finding, and its confidence reflects that.",coverage_period.payer_order; other_payer_remittance.*,pay_10_r01_cob_not_coordinated,claims_policy,uae_product_cob_policy_permits; lawful_top_up_cover; coordination_already_evidenced,Active primary/other coverage exists but claim submitted with wrong payer order,Pend/reprice,,4f324504d89c5258,TRIGGERED,2084,235.65,PARTIAL,catalogue,"num_insurers_same_event > 1 establishes that other coverage EXISTS, which is the precondition the control needs, but payer ORDER cannot be evaluated: there is no primary/secondary designation and no other-payer payment record. The signal is therefore raised as 'coordination evidence required', not as a wrong-order finding, and its confidence reflects that.",
PAY-10-R02,PAY-10,PAY,Multi-payer overpayment,P1,H,POSTPAY_DAILY,shadow,POSTPAY_AUDIT,False,NOT_EXECUTABLE_ON_THIS_DATASET,No other-payer payment amounts and no patient liability.,other_payer_remittance.payment_amount; claim_header.patient_share,,finance,lawful_top_up; benefit_coordination,Sum of payer payments + patient liability exceeds allowable charge,Recovery case,,e9cf514bdf162961,NOT_EXECUTABLE_ON_THIS_DATASET,0,0.14,NOT_EXECUTABLE_ON_THIS_DATASET,catalogue,No other-payer payment amounts and no patient liability.,remittance; other_payer_remittance
PAY-10-R03,PAY-10,PAY,Accident/liability indicator missing,P1,H/E,PREPAY_SYNC,shadow,PREPAY_PEND,False,NOT_EXECUTABLE_ON_THIS_DATASET,"There are no liable-party fields to be absent, so every trauma claim would fire. S06.3 and S72.0 are present in the data but flagging all of them would be a data-gap alert, not a control.",claim_header.accident_indicator; third_party_liability.*,,claims_policy,clinical_false_positive_list,Diagnosis/encounter suggests road/work/third-party event but liable-party fields absent,Pend for coordination data,,f964febf0056d23a,NOT_EXECUTABLE_ON_THIS_DATASET,0,0.04,NOT_EXECUTABLE_ON_THIS_DATASET,catalogue,"There are no liable-party fields to be absent, so every trauma claim would fire. S06.3 and S72.0 are present in the data but flagging all of them would be a data-gap alert, not a control.",third_party_liability
PAY-10-R04,PAY-10,PAY,Duplicate recovery after settlement,P1,H,POSTPAY_DAILY,shadow,POSTPAY_AUDIT,False,NOT_EXECUTABLE_ON_THIS_DATASET,"No settlements, no payments, no subrogation records.",remittance.decision; remittance.denial_code; remittance.payment_amount; third_party_settlement.*,,finance,subrogation; recovery_policy,Claim paid by health payer after documented third-party settlement without offset,Recovery workflow,,3bc3b4c4072cd117,NOT_EXECUTABLE_ON_THIS_DATASET,0,0.03,NOT_EXECUTABLE_ON_THIS_DATASET,catalogue,"No settlements, no payments, no subrogation records.",remittance; third_party_settlement
PAY-11-R01,PAY-11,PAY,Unauthorized/manual override,P1,H,POSTPAY_DAILY,shadow,POSTPAY_AUDIT,False,NOT_EXECUTABLE_ON_THIS_DATASET,"No adjudication decisions or override records exist in the claim extract. NOTE: this control IS live against the artefact's OWN overrides — every manual adjudication override in the application is a distinct permission and is written to the append-only audit log with user, timestamp, before/after and reason. The control cannot run against the source data; the governance property it exists to protect is implemented in fwa.auth and fwa.audit.",remittance.decision; remittance.denial_code; remittance.payment_amount; adjudication_event.actor; adjudication_event.override_reason,,administrator,emergency_escalation; delegated_authority,"Denial/edit overridden without required role, approval or reason",Internal-control case,,0e5f3a79899b2717,NOT_EXECUTABLE_ON_THIS_DATASET,0,0.03,NOT_EXECUTABLE_ON_THIS_DATASET,catalogue,"No adjudication decisions or override records exist in the claim extract. NOTE: this control IS live against the artefact's OWN overrides — every manual adjudication override in the application is a distinct permission and is written to the append-only audit log with user, timestamp, before/after and reason. The control cannot run against the source data; the governance property it exists to protect is implemented in fwa.auth and fwa.audit.",adjudication_event
PAY-11-R02,PAY-11,PAY,Adjudicator-provider concentration,P1,S/N,MODEL_MONTHLY,shadow,SIU_LEAD,False,NOT_EXECUTABLE_ON_THIS_DATASET,No adjudicator identity in the source.,adjudication_event.actor,,administrator,assigned_provider_books; specialty,Employee's override/payment volume to provider materially exceeds adjusted peers,Compliance/SIU lead,,14c1cd60b71b29fb,NOT_EXECUTABLE_ON_THIS_DATASET,0,0.03,NOT_EXECUTABLE_ON_THIS_DATASET,catalogue,No adjudicator identity in the source.,adjudication_event
PAY-11-R03,PAY-11,PAY,Post-settlement upward adjustment,P1,H/S,POSTPAY_DAILY,shadow,POSTPAY_AUDIT,False,NOT_EXECUTABLE_ON_THIS_DATASET,No settlement dates and no payment history.,remittance.decision; remittance.denial_code; remittance.payment_amount,,finance,contract_true_up; appeal_decision,Paid amount increased after settlement without valid adjustment reason/workflow,Internal audit case,,5710196af758e213,NOT_EXECUTABLE_ON_THIS_DATASET,0,0.03,NOT_EXECUTABLE_ON_THIS_DATASET,catalogue,No settlement dates and no payment history.,remittance
PAY-11-R04,PAY-11,PAY,Suspicious full-pay/invariant decisions,P1,S,MODEL_MONTHLY,shadow,POSTPAY_AUDIT,False,NOT_EXECUTABLE_ON_THIS_DATASET,"No adjudicator identity. The provider-side half of this pattern — invariant approval ratio — IS implemented, as the second limb of PAY-06-R04.",adjudication_event.actor; remittance.decision; remittance.denial_code; remittance.payment_amount,,administrator,auto_adjudicated_claims_excluded,Adjudicator/provider pair shows unusually high approval and low variance despite comparable edits,Internal audit lead,,49d4aef0b7ad143c,NOT_EXECUTABLE_ON_THIS_DATASET,0,0.02,NOT_EXECUTABLE_ON_THIS_DATASET,catalogue,"No adjudicator identity. The provider-side half of this pattern — invariant approval ratio — IS implemented, as the second limb of PAY-06-R04.",adjudication_event
PAY-12-R01,PAY-12,PAY,Paid cancelled/reversed claim,P1,H,POSTPAY_DAILY,shadow,POSTPAY_AUDIT,False,NOT_EXECUTABLE_ON_THIS_DATASET,"No cancellations, reversals or payments.",remittance.decision; remittance.denial_code; remittance.payment_amount; claim_version.relationship; claim_version.prior_claim_sk; claim_version.changed_fields,,finance,timing_tolerance; netting_process,Net payment remains after effective cancellation/reversal,Recovery,,9f86f7ea55d22db8,NOT_EXECUTABLE_ON_THIS_DATASET,0,0.03,NOT_EXECUTABLE_ON_THIS_DATASET,catalogue,"No cancellations, reversals or payments.",claim_version; remittance
PAY-12-R02,PAY-12,PAY,Duplicate remittance/payment reference,P1,H,POSTPAY_DAILY,shadow,POSTPAY_AUDIT,False,NOT_EXECUTABLE_ON_THIS_DATASET,The remittance table is NOT_POPULATED.,remittance.decision; remittance.denial_code; remittance.payment_amount,,finance,split_settlement; batch_payments,Same payable claim/line paid more than once or payment reference reused inconsistently,Finance pend/recovery,,f7d824e5a8b1d3b3,NOT_EXECUTABLE_ON_THIS_DATASET,0,0.02,NOT_EXECUTABLE_ON_THIS_DATASET,catalogue,The remittance table is NOT_POPULATED.,remittance
PAY-12-R03,PAY-12,PAY,Unapplied provider refund/credit,P1,H,POSTPAY_DAILY,shadow,POSTPAY_AUDIT,False,NOT_EXECUTABLE_ON_THIS_DATASET,"No credits, refunds or recovery ledger.",remittance.decision; remittance.denial_code; remittance.payment_amount; recovery_ledger.*,,finance,dispute; unapplied_cash_queue,Received credit/refund not linked to outstanding recovery within SLA,Finance exception,,8397bed6e0ea3551,NOT_EXECUTABLE_ON_THIS_DATASET,0,0.02,NOT_EXECUTABLE_ON_THIS_DATASET,catalogue,"No credits, refunds or recovery ledger.",recovery_ledger
PAY-12-R04,PAY-12,PAY,Negative/offset manipulation,P1,S,MODEL_MONTHLY,shadow,POSTPAY_AUDIT,False,NOT_EXECUTABLE_ON_THIS_DATASET,"the claim extract has no remittance, credit or reversal records, so there is nothing that could show an offset being applied, delayed or netted against another claim.",remittance.decision; remittance.denial_code; remittance.payment_amount,,finance,contractual_netting_rules,Provider repeatedly offsets credits against unrelated claims or delays reversals versus peers,Postpay audit,,c5ae26b999256168,NOT_EXECUTABLE_ON_THIS_DATASET,0,0.02,NOT_EXECUTABLE_ON_THIS_DATASET,catalogue,"the claim extract has no remittance, credit or reversal records, so there is nothing that could show an offset being applied, delayed or netted against another claim.",remittance; claim_line
PHR-01-R01,PHR-01,PHR,Product identity mismatch,P0,H,PREPAY_SYNC,shadow,PREPAY_PEND,False,NOT_EXECUTABLE_ON_THIS_DATASET,prescription_dispense is NOT_POPULATED. the claim extract carries one aggregate pharmacy_bill_ratio and no products at all.,prescription_dispense.billed_product; prescription_dispense.days_supply; prescription_dispense.prescriber_id; prescription_dispense.pharmacy_id,,pharmacy_policy,generic; trade_equivalence; substitution_policy,Billed product differs from prescribed/authorized product and is not approved equivalent,Pend/reject,,c9a1b4f8b388d399,NOT_EXECUTABLE_ON_THIS_DATASET,0,0.02,NOT_EXECUTABLE_ON_THIS_DATASET,catalogue,prescription_dispense is NOT_POPULATED. the claim extract carries one aggregate pharmacy_bill_ratio and no products at all.,prescription_dispense; drug_policy
PHR-01-R02,PHR-01,PHR,Quantity/strength/form mismatch,P0,H/E,PREPAY_SYNC,shadow,REPRICE,True,NOT_EXECUTABLE_ON_THIS_DATASET,"No quantities, strengths or dosage forms.",prescription_dispense.billed_product; prescription_dispense.days_supply; prescription_dispense.prescriber_id; prescription_dispense.pharmacy_id; authorization.*; authorization_line.*; claim_line.authorization_id,,pharmacy_policy,partial_fill; titration; package_conversion,"Billed quantity, strength or dosage form exceeds order/authorization",Reprice/pend,,61c14e3453505e0d,NOT_EXECUTABLE_ON_THIS_DATASET,0,0.02,NOT_EXECUTABLE_ON_THIS_DATASET,catalogue,"No quantities, strengths or dosage forms.",prescription_dispense; drug_policy; authorization; authorization_line
PHR-01-R03,PHR-01,PHR,Dispense-claim mismatch,P0,H,POSTPAY_DAILY,shadow,POSTPAY_AUDIT,False,NOT_EXECUTABLE_ON_THIS_DATASET,No dispensing or inventory records.,prescription_dispense.billed_product; prescription_dispense.days_supply; prescription_dispense.prescriber_id; prescription_dispense.pharmacy_id; pharmacy_inventory.*,,pharmacy_policy,claim_timing; reversals,Dispensing/inventory record differs from billed product/quantity,Pharmacy case,,383390e872ecc614,NOT_EXECUTABLE_ON_THIS_DATASET,0,0.02,NOT_EXECUTABLE_ON_THIS_DATASET,catalogue,No dispensing or inventory records.,prescription_dispense; pharmacy_inventory; drug_policy
PHR-01-R04,PHR-01,PHR,Non-medical/uncovered substitution,P0,E/S,POSTPAY_DAILY,shadow,SIU_LEAD,False,NOT_EXECUTABLE_ON_THIS_DATASET,"No receipts, inventory or item-level detail.",prescription_dispense.billed_product; prescription_dispense.days_supply; prescription_dispense.prescriber_id; prescription_dispense.pharmacy_id; member_receipt.*; pharmacy_inventory.*,,siu,confirmation_reliability,Member/receipt/inventory evidence indicates uncovered or non-medical item supplied,SIU lead,,4d7e45ec966ac6c2,NOT_EXECUTABLE_ON_THIS_DATASET,0,0.02,NOT_EXECUTABLE_ON_THIS_DATASET,catalogue,"No receipts, inventory or item-level detail.",prescription_dispense; member_receipt; drug_policy
PHR-02-R01,PHR-02,PHR,Refill overlap,P0,H/E,PREPAY_SYNC,shadow,PREPAY_PEND,False,NOT_EXECUTABLE_ON_THIS_DATASET,"No fills, no days supply. Remaining supply is uncomputable.",prescription_dispense.billed_product; prescription_dispense.days_supply; prescription_dispense.prescriber_id; prescription_dispense.pharmacy_id,,pharmacy_policy,dose_change; lost; travel_override; inpatient_days,Remaining supply at next fill exceeds cfg.allowed_overlap_days,Pend,,904d9f5b678cd31b,NOT_EXECUTABLE_ON_THIS_DATASET,0,0.01,NOT_EXECUTABLE_ON_THIS_DATASET,catalogue,"No fills, no days supply. Remaining supply is uncomputable.",prescription_dispense; drug_policy
PHR-02-R02,PHR-02,PHR,Therapy-duration excess,P0,E,POSTPAY_DAILY,shadow,PREPAY_PEND,False,NOT_EXECUTABLE_ON_THIS_DATASET,No fills or therapy durations.,prescription_dispense.billed_product; prescription_dispense.days_supply; prescription_dispense.prescriber_id; prescription_dispense.pharmacy_id; drug_policy.duration_limits,,pharmacy_policy,chronic_therapy; specialist_approval,Continuous fills exceed diagnosis/drug policy duration without review,Clinical review,,56a206869f178d74,NOT_EXECUTABLE_ON_THIS_DATASET,0,0.01,NOT_EXECUTABLE_ON_THIS_DATASET,catalogue,No fills or therapy durations.,prescription_dispense; drug_policy
PHR-02-R03,PHR-02,PHR,Multi-prescriber same-equivalent drug,P0,E/S,POSTPAY_DAILY,shadow,POSTPAY_AUDIT,False,NOT_EXECUTABLE_ON_THIS_DATASET,"No prescribers and no drugs. The member-level provider-dispersion feature exists (member_prior_distinct_providers) but counts hospitals, not prescribers of one drug, and substituting it would change what the control means.",prescription_dispense.billed_product; prescription_dispense.days_supply; prescription_dispense.prescriber_id; prescription_dispense.pharmacy_id,,pharmacy_policy,care_team; provider_group_identity,Distinct prescribers within window exceed drug/specialty threshold,Member/pharmacy case,,5213623824865f1f,NOT_EXECUTABLE_ON_THIS_DATASET,0,0.03,NOT_EXECUTABLE_ON_THIS_DATASET,catalogue,"No prescribers and no drugs. The member-level provider-dispersion feature exists (member_prior_distinct_providers) but counts hospitals, not prescribers of one drug, and substituting it would change what the control means.",prescription_dispense; drug_policy; clinician_roster
PHR-02-R04,PHR-02,PHR,Multi-pharmacy convergence,P0,S/N,POSTPAY_DAILY,shadow,SIU_LEAD,False,NOT_EXECUTABLE_ON_THIS_DATASET,No pharmacies and no drugs in the source.,prescription_dispense.billed_product; prescription_dispense.days_supply; prescription_dispense.prescriber_id; prescription_dispense.pharmacy_id,,siu,stock_shortage; partial_fills,Same member obtains overlapping equivalent drug from multiple pharmacies,SIU/clinical lead,,93da4f34bfd92ac2,NOT_EXECUTABLE_ON_THIS_DATASET,0,0.02,NOT_EXECUTABLE_ON_THIS_DATASET,catalogue,No pharmacies and no drugs in the source.,prescription_dispense; drug_policy; pharmacy_inventory
PHR-03-R01,PHR-03,PHR,Dose/weight/body-surface conflict,P1,E,PREPAY_SYNC,shadow,PREPAY_PEND,False,NOT_EXECUTABLE_ON_THIS_DATASET,"No doses, weights or body-surface data.",prescription_dispense.billed_product; prescription_dispense.days_supply; prescription_dispense.prescriber_id; prescription_dispense.pharmacy_id; member.weight; member.height,,clinical_policy,wastage; loading_dose; rounding,Claimed dose outside approved clinical range,Clinical pend/reprice,,c6b095fcf5a3abb3,NOT_EXECUTABLE_ON_THIS_DATASET,0,0.07,NOT_EXECUTABLE_ON_THIS_DATASET,catalogue,"No doses, weights or body-surface data.",prescription_dispense; drug_policy; member.weight_kg
PHR-03-R02,PHR-03,PHR,Drug-diagnosis/step-therapy conflict,P1,E,PREPAY_SYNC,shadow,PREPAY_PEND,False,NOT_EXECUTABLE_ON_THIS_DATASET,No drugs to check against the diagnosis.,prescription_dispense.billed_product; prescription_dispense.days_supply; prescription_dispense.prescriber_id; prescription_dispense.pharmacy_id; step_therapy_policy.*,,clinical_policy,authorization_overrides; rare_disease,Indication or prerequisite therapy absent,Pend,,c42c6d7c1ccf82fa,NOT_EXECUTABLE_ON_THIS_DATASET,0,0.03,NOT_EXECUTABLE_ON_THIS_DATASET,catalogue,No drugs to check against the diagnosis.,prescription_dispense; drug_policy; step_therapy_policy
PHR-03-R03,PHR-03,PHR,Provider/pharmacy volume spike,P1,S,MODEL_MONTHLY,shadow,POSTPAY_AUDIT,False,PARTIAL,"Implemented on the pharmacy SHARE residual against diagnosis peers — the only pharmacy quantity in the source — rather than on drug volume or value. A provider whose pharmacy share sits above cfg.pharmacy_share_peer_multiple × the diagnosis-peer median is flagged. 'Without patient-mix shift' is partially controlled by the diagnosis-level peer group, not by a formal mix adjustment.",prescription_dispense.billed_product; prescription_dispense.days_supply; prescription_dispense.prescriber_id; prescription_dispense.pharmacy_id; claim_line.activity_code (drug-level volume and value),phr_03_r03_pharmacy_volume_spike,pharmacy_policy,new_formulary_status; centre_of_excellence_status; patient_mix_shift; insufficient_peer_evidence,Risk-adjusted volume/value changepoint without patient-mix shift,Audit,,2fd18d56af871d6f,TRIGGERED,217,1107.68,PARTIAL,catalogue,"Implemented on the pharmacy SHARE residual against diagnosis peers — the only pharmacy quantity in the source — rather than on drug volume or value. A provider whose pharmacy share sits above cfg.pharmacy_share_peer_multiple × the diagnosis-peer median is flagged. 'Without patient-mix shift' is partially controlled by the diagnosis-level peer group, not by a formal mix adjustment.",
PHR-03-R04,PHR-03,PHR,Wastage/unused-vial anomaly,P1,S,MODEL_MONTHLY,shadow,POSTPAY_AUDIT,False,NOT_EXECUTABLE_ON_THIS_DATASET,No wastage units or vial data.,prescription_dispense.billed_product; prescription_dispense.days_supply; prescription_dispense.prescriber_id; prescription_dispense.pharmacy_id; claim_line.wastage_units,,pharmacy_policy,single_use_vial_policy,Wastage units or vial rounding exceed comparable dosing peers,Postpay sample,,45a9283e2af1165a,NOT_EXECUTABLE_ON_THIS_DATASET,0,0.07,NOT_EXECUTABLE_ON_THIS_DATASET,catalogue,No wastage units or vial data.,claim_line; prescription_dispense; drug_policy
PHR-04-R01,PHR-04,PHR,Top-pharmacy concentration,P1,S,MODEL_MONTHLY,shadow,SIU_LEAD,False,NOT_EXECUTABLE_ON_THIS_DATASET,"No prescribers, no pharmacies and no geography for the peer comparison. The structurally identical AGENT→PROVIDER concentration control is implemented as NET-04-R02.",prescription_dispense.billed_product; prescription_dispense.days_supply; prescription_dispense.prescriber_id; prescription_dispense.pharmacy_id; provider.emirate; encounter.location,,siu,on_site; specialty; narrow_network,Prescriber's share to top pharmacy exceeds geographic/specialty peers,Network lead,,2bee557eda900501,NOT_EXECUTABLE_ON_THIS_DATASET,0,0.04,NOT_EXECUTABLE_ON_THIS_DATASET,catalogue,"No prescribers, no pharmacies and no geography for the peer comparison. The structurally identical AGENT→PROVIDER concentration control is implemented as NET-04-R02.",prescription_dispense; clinician_roster
PHR-04-R02,PHR-04,PHR,Reciprocal value loop,P1,N,NETWORK_WEEKLY,shadow,SIU_LEAD,False,NOT_EXECUTABLE_ON_THIS_DATASET,"No prescriber-pharmacy edges, no ownership and no shared identifiers.",prescription_dispense.billed_product; prescription_dispense.days_supply; prescription_dispense.prescriber_id; prescription_dispense.pharmacy_id; provider.owner_entity_id; provider.bank_account_token; provider.phone_token; provider.address_token,,siu,known_corporate_relationships,Concentrated prescriber-pharmacy flow aligns with referrals/ownership/shared IDs,SIU graph,,7614e6b9e7f1cd78,NOT_EXECUTABLE_ON_THIS_DATASET,0,0.46,NOT_EXECUTABLE_ON_THIS_DATASET,catalogue,"No prescriber-pharmacy edges, no ownership and no shared identifiers.",prescription_dispense; clinician_roster; provider.owner_entity_id; provider.bank_account_token
PHR-04-R03,PHR-04,PHR,High-cost steering,P1,S/N,NETWORK_WEEKLY,shadow,SIU_LEAD,False,NOT_EXECUTABLE_ON_THIS_DATASET,"the claim extract has a single pharmacy_bill_ratio per claim and no drug-level lines or prices, so high-cost products cannot be separated from the rest of the basket.",prescription_dispense.billed_product; prescription_dispense.days_supply; prescription_dispense.prescriber_id; prescription_dispense.pharmacy_id,,siu,product_availability,Concentration is materially stronger for profitable/high-cost drugs,Prioritized lead,,881e323daa3ac95d,NOT_EXECUTABLE_ON_THIS_DATASET,0,0.02,NOT_EXECUTABLE_ON_THIS_DATASET,catalogue,"the claim extract has a single pharmacy_bill_ratio per claim and no drug-level lines or prices, so high-cost products cannot be separated from the rest of the basket.",prescription_dispense; drug_policy
PHR-04-R04,PHR-04,PHR,Rapid relationship formation,P1,N,NETWORK_WEEKLY,shadow,MONITOR_ONLY,False,NOT_EXECUTABLE_ON_THIS_DATASET,"No prescriber-pharmacy edges. The analogous agent-provider edge-formation pattern is covered by NET-02-R04's structural-change logic, which is itself NOT_EXECUTABLE for want of typed relationship edges.",prescription_dispense.billed_product; prescription_dispense.days_supply; prescription_dispense.prescriber_id; prescription_dispense.pharmacy_id,,siu,new_site; contract_launch,New prescriber-pharmacy edge rapidly becomes dominant,Monitor/SIU,,0eb5dc2689ae345e,NOT_EXECUTABLE_ON_THIS_DATASET,0,0.01,NOT_EXECUTABLE_ON_THIS_DATASET,catalogue,"No prescriber-pharmacy edges. The analogous agent-provider edge-formation pattern is covered by NET-02-R04's structural-change logic, which is itself NOT_EXECUTABLE for want of typed relationship edges.",prescription_dispense
PHR-05-R01,PHR-05,PHR,New/used/rental/purchase mismatch,P1,H/E,PREPAY_SYNC,shadow,REPRICE,True,NOT_EXECUTABLE_ON_THIS_DATASET,"No devices, serials, inventory or contracts.",claim_line.activity_code; claim_line.units; claim_line.net_amount; device_inventory.*; authorization.*; authorization_line.*; claim_line.authorization_id,,claims_policy,refurbishment; rent_to_own_policy,"Billed condition or payment method conflicts with authorization, serial/inventory or contract",Reprice/pend,,1f8695d81dbe800e,NOT_EXECUTABLE_ON_THIS_DATASET,0,0.01,NOT_EXECUTABLE_ON_THIS_DATASET,catalogue,"No devices, serials, inventory or contracts.",claim_line; device_inventory
PHR-05-R02,PHR-05,PHR,Implant/device not linked to procedure,P1,E,PREPAY_SYNC,shadow,PREPAY_PEND,False,NOT_EXECUTABLE_ON_THIS_DATASET,No devices and no procedures.,claim_line.activity_code; claim_line.units; claim_line.net_amount; observation.attachment_ref; document.text; document.language,,clinical_policy,replacement; spare_policy,"Device/implant lacks qualifying procedure, laterality or operative record",Clinical pend,,898aabd5bd6d58a6,NOT_EXECUTABLE_ON_THIS_DATASET,0,0.01,NOT_EXECUTABLE_ON_THIS_DATASET,catalogue,No devices and no procedures.,claim_line; activity_code_reference
PHR-05-R03,PHR-05,PHR,Supply quantity/consumption excess,P1,E/S,POSTPAY_DAILY,shadow,POSTPAY_AUDIT,False,NOT_EXECUTABLE_ON_THIS_DATASET,"the claim extract records no supply or device lines and no quantities, so neither units per episode nor replacement interval against useful life can be computed.",claim_line.activity_code; claim_line.units; claim_line.net_amount; device_inventory.useful_life,,clinical_policy,member_growth; damage; clinical_change,Units exceed procedure/episode norm or repeat too soon for useful life,Reprice/audit,"SUBSTITUTION: the catalogue's first-named disposition for this E/S control is 'Reprice'. A control that is part STATISTICAL may never reprice, so the governed disposition is the catalogue's second option, POSTPAY_AUDIT. This is the ONLY control in the catalogue whose disposition the type rule forces down; the other four recorded downgrades are driven by what this DATASET can support, not by the control's type. All five are listed in the README.",6f4395fe27547582,NOT_EXECUTABLE_ON_THIS_DATASET,0,0.01,NOT_EXECUTABLE_ON_THIS_DATASET,catalogue,"the claim extract records no supply or device lines and no quantities, so neither units per episode nor replacement interval against useful life can be computed.",claim_line; device_inventory
PHR-05-R04,PHR-05,PHR,Serial/inventory duplication,P1,H/N,POSTPAY_DAILY,shadow,SIU_LEAD,False,NOT_EXECUTABLE_ON_THIS_DATASET,"No serials, batches or inventory.",device_inventory.serial_number; claim_line.activity_code; claim_line.units; claim_line.net_amount,,siu,bulk; non_serialized_consumables,Same serial/batch billed for multiple members or claimed stock exceeds inventory/acquisition,SIU lead,,0a497161ef948135,NOT_EXECUTABLE_ON_THIS_DATASET,0,0.01,NOT_EXECUTABLE_ON_THIS_DATASET,catalogue,"No serials, batches or inventory.",claim_line; device_inventory
POL-01-R01,POL-01,POL,Eligibility/roster conflict,P1,H,POSTPAY_DAILY,shadow,PREPAY_PEND,False,NOT_EXECUTABLE_ON_THIS_DATASET,"No sponsor, employer or dependent relationships, and no roster to conflict with.",member.sponsor_id; member.employer_id; employer_roster.*,,underwriting,continuation; newborn; mandated_coverage,Enrolled member lacks valid sponsor/employment/dependent relationship or duplicate active identity exists,Enrollment pend,,ebb03b60505f1f21,NOT_EXECUTABLE_ON_THIS_DATASET,0,0.35,NOT_EXECUTABLE_ON_THIS_DATASET,catalogue,"No sponsor, employer or dependent relationships, and no roster to conflict with.",employer_roster; member.employer_id
POL-01-R02,POL-01,POL,Retroactive event after service,P1,H/S,POSTPAY_DAILY,shadow,PREPAY_PEND,False,NOT_EXECUTABLE_ON_THIS_DATASET,"policy_event is NOT_POPULATED: there are no enrolment events, actors or timestamps, so 'occurs after' has nothing to order.",policy_event.event_time; policy_event.actor; policy_event.event_type,,underwriting,approved_retroactive_correction; sla,Member add/change occurs after high-cost service with actor/time pattern outside policy,Underwriting/compliance review,,1a618bc497add50f,NOT_EXECUTABLE_ON_THIS_DATASET,0,0.02,NOT_EXECUTABLE_ON_THIS_DATASET,catalogue,"policy_event is NOT_POPULATED: there are no enrolment events, actors or timestamps, so 'occurs after' has nothing to order.",policy_event
POL-01-R03,POL-01,POL,Application/claim fact conflict,P1,E,POSTPAY_DAILY,shadow,PREPAY_PEND,False,NOT_EXECUTABLE_ON_THIS_DATASET,"No application declarations. The catalogue's own constraints — contestability, non-discrimination and privacy law — would in any case gate this control behind a legal review that no detection artefact can grant itself.",policy_application.declarations; prior_coverage_history.*,,underwriting,contestability; non_discrimination; privacy_law,Material application declaration conflicts with authoritative prior coverage/claim history where legally usable,Human review only,,ca91226c41579f8b,NOT_EXECUTABLE_ON_THIS_DATASET,0,0.01,NOT_EXECUTABLE_ON_THIS_DATASET,catalogue,"No application declarations. The catalogue's own constraints — contestability, non-discrimination and privacy law — would in any case gate this control behind a legal review that no detection artefact can grant itself.",policy_application; prior_coverage_history
POL-01-R04,POL-01,POL,Early-tenure utilization anomaly,P1,S,MODEL_MONTHLY,shadow,MONITOR_ONLY,False,PARTIAL,"days_since_policy_start supports the tenure limb exactly, and claim value supports the utilisation limb. Risk adjustment is by primary diagnosis, not by a morbidity model. previous_fraud_on_policy is used as a POLICY-HISTORY input (it is a policy attribute in the source, not the held-out outcome label) and is reported separately in the evidence so a reviewer can weigh it themselves. The catalogue's caution — 'not evidence of fraud alone' — is reproduced on the signal and the disposition is MONITOR_ONLY.",morbidity_model.*; policy_event.*,pol_01_r04_early_tenure_utilisation,underwriting,maternity_continuity; chronic_condition_continuity; guaranteed_issue_product; not_evidence_of_fraud_alone; morbidity_model_unavailable,Claim pattern shortly after inception exceeds tenure/risk-adjusted expectation,Monitor/distribution signal,,20326392d753fce8,TRIGGERED,535,369.82,PARTIAL,catalogue,"days_since_policy_start supports the tenure limb exactly, and claim value supports the utilisation limb. Risk adjustment is by primary diagnosis, not by a morbidity model. previous_fraud_on_policy is used as a POLICY-HISTORY input (it is a policy attribute in the source, not the held-out outcome label) and is reported separately in the evidence so a reviewer can weigh it themselves. The catalogue's caution — 'not evidence of fraud alone' — is reproduced on the signal and the disposition is MONITOR_ONLY.",
POL-01-R05,POL-01,POL,Employer/broker enrollment cluster,P1,S/N,MODEL_MONTHLY,shadow,POSTPAY_AUDIT,False,NOT_EXECUTABLE_ON_THIS_DATASET,"Member ADDITIONS require policy_event, which is NOT_POPULATED, and identity links require administrative identifiers that do not exist. The 'early claims cluster by originator' limb alone is implemented, at NET-04-R03, rather than duplicated here under a control whose other two limbs cannot run.",policy_event.*; member.employer_id; provider.owner_entity_id; provider.bank_account_token; provider.phone_token; provider.address_token,,siu,portfolio_size; enrollment_campaign,"Suspicious member additions, identity links or early claims cluster by employer/originator",NET-04-linked case,,d130a1d8cc542b27,NOT_EXECUTABLE_ON_THIS_DATASET,0,0.53,NOT_EXECUTABLE_ON_THIS_DATASET,catalogue,"Member ADDITIONS require policy_event, which is NOT_POPULATED, and identity links require administrative identifiers that do not exist. The 'early claims cluster by originator' limb alone is implemented, at NET-04-R03, rather than duplicated here under a control whose other two limbs cannot run.",policy_event; member.employer_id
