claim_id,stratum
C0000001,base
C0000002,base
C0000003,base
C0000004,base
C0000005,base
C0000006,base
C0000007,base
C0000008,base
C0000009,base
C0000010,base
C0000011,base
C0000012,base
C0000013,base
C0000014,base
C0000015,base
C0000016,base
C0000017,base
C0000018,base
C0000019,base
C0000020,base
C0000021,base
C0000022,base
C0000023,base
C0000024,base
C0000025,base
C0000026,base
C0000027,base
C0000028,base
C0000029,base
C0000030,base
C0000031,base
C0000032,base
C0000033,base
C0000034,base
C0000035,base
C0000036,base
C0000037,base
C0000038,base
C0000039,base
C0000040,base
C0000041,base
C0000042,base
C0000043,base
C0000044,base
C0000045,base
C0000046,base
C0000047,base
C0000048,base
C0000049,base
C0000050,base
C0000051,base
C0000052,base
C0000053,base
C0000054,base
C0000055,base
C0000056,base
C0000057,base
C0000058,base
C0000059,base
C0000060,base
C0000061,base
C0000062,base
C0000063,PAY-01-R02 near duplicate
C0000064,base
C0000065,base
C0000066,base
C0000067,base
C0000068,base
C0000069,base
C0000070,base
C0000071,base
C0000072,base
C0000073,base
C0000074,base
C0000075,base
C0000076,base
C0000077,base
C0000078,base
C0000079,base
C0000080,base
C0000081,base
C0000082,PAY-01-R02 near duplicate
C0000083,base
C0000084,base
C0000085,base
C0000086,base
C0000087,base
C0000088,base
C0000089,base
C0000090,base
C0000091,base
C0000092,base
C0000093,base
C0000094,base
C0000095,base
C0000096,base
C0000097,base
C0000098,base
C0000099,base
C0000100,base
C0000101,base
C0000102,base
C0000103,base
C0000104,base
C0000105,base
C0000106,base
C0000107,PAY-01-R02 near duplicate
C0000108,base
C0000109,base
C0000110,base
C0000111,base
C0000112,base
C0000113,base
C0000114,base
C0000115,base
C0000116,base
C0000117,base
C0000118,base
C0000119,base
C0000120,base
C0000121,base
C0000122,base
C0000123,base
C0000124,base
C0000125,base
C0000126,base
C0000127,PAY-01-R02 near duplicate
C0000128,base
C0000129,base
C0000130,base
C0000131,base
C0000132,base
C0000133,base
C0000134,base
C0000135,base
C0000136,base
C0000137,base
C0000138,base
C0000139,base
C0000140,base
C0000141,base
C0000142,base
C0000143,base
C0000144,base
C0000145,base
C0000146,base
C0000147,base
C0000148,base
C0000149,base
C0000150,base
C0000151,base
C0000152,base
C0000153,base
C0000154,base
C0000155,base
C0000156,base
C0000157,ring
C0000158,base
C0000159,base
C0000160,base
C0000161,base
C0000162,base
C0000163,base
C0000164,base
C0000165,base
C0000166,base
C0000167,base
C0000168,base
C0000169,base
C0000170,base
C0000171,base
C0000172,base
C0000173,base
C0000174,base
C0000175,base
C0000176,base
C0000177,base
C0000178,base
C0000179,base
C0000180,base
C0000181,base
C0000182,base
C0000183,base
C0000184,base
C0000185,base
C0000186,base
C0000187,base
C0000188,base
C0000189,base
C0000190,base
C0000191,base
C0000192,base
C0000193,base
C0000194,base
C0000195,base
C0000196,base
C0000197,base
C0000198,base
C0000199,base
C0000200,base
C0000201,base
C0000202,base
C0000203,base
C0000204,base
C0000205,base
C0000206,base
C0000207,base
C0000208,base
C0000209,base
C0000210,base
C0000211,base
C0000212,base
C0000213,base
C0000214,base
C0000215,base
C0000216,base
C0000217,base
C0000218,base
C0000219,base
C0000220,base
C0000221,base
C0000222,base
C0000223,base
C0000224,base
C0000225,base
C0000226,base
C0000227,base
C0000228,base
C0000229,base
C0000230,base
C0000231,base
C0000232,base
C0000233,base
C0000234,base
C0000235,base
C0000236,PAY-01-R02 near duplicate
C0000237,base
C0000238,base
C0000239,base
C0000240,base
C0000241,base
C0000242,base
C0000243,base
C0000244,base
C0000245,base
C0000246,base
C0000247,base
C0000248,base
C0000249,base
C0000250,base
C0000251,base
C0000252,base
C0000253,base
C0000254,base
C0000255,base
C0000256,base
C0000257,base
C0000258,base
C0000259,base
C0000260,base
C0000261,base
C0000262,base
C0000263,ring
C0000264,ring
C0000265,ring
C0000266,ring
C0000267,ring
C0000268,base
C0000269,base
C0000270,base
C0000271,base
C0000272,base
C0000273,base
C0000274,base
C0000275,base
C0000276,base
C0000277,base
C0000278,base
C0000279,base
C0000280,base
C0000281,base
C0000282,base
C0000283,base
C0000284,base
C0000285,base
C0000286,PAY-01-R02 near duplicate
C0000287,base
C0000288,base
C0000289,base
C0000290,base
C0000291,base
C0000292,base
C0000293,base
C0000294,base
C0000295,base
C0000296,base
C0000297,base
C0000298,base
C0000299,base
C0000300,base
C0000301,base
C0000302,base
C0000303,PAY-01-R01 exact duplicate
C0000304,PAY-01-R01 exact duplicate
C0000305,base
C0000306,base
C0000307,base
C0000308,base
C0000309,base
C0000310,base
C0000311,base
C0000312,base
C0000313,base
C0000314,base
C0000315,base
C0000316,base
C0000317,base
C0000318,base
C0000319,base
C0000320,base
C0000321,base
C0000322,base
C0000323,base
C0000324,base
C0000325,base
C0000326,base
C0000327,base
C0000328,base
C0000329,base
C0000330,base
C0000331,base
C0000332,base
C0000333,base
C0000334,base
C0000335,base
C0000336,base
C0000337,base
C0000338,base
C0000339,base
C0000340,base
C0000341,base
C0000342,base
C0000343,base
C0000344,base
C0000345,base
C0000346,base
C0000347,base
C0000348,base
C0000349,base
C0000350,base
C0000351,base
C0000352,base
C0000353,base
C0000354,base
C0000355,base
C0000356,base
C0000357,base
C0000358,base
C0000359,base
C0000360,base
C0000361,base
C0000362,base
C0000363,base
C0000364,base
C0000365,base
C0000366,base
C0000367,base
C0000368,base
C0000369,base
C0000370,base
C0000371,base
C0000372,base
C0000373,base
C0000374,base
C0000375,base
C0000376,base
C0000377,base
C0000378,base
C0000379,base
C0000380,base
C0000381,base
C0000382,base
C0000383,base
C0000384,PAY-01-R01 exact duplicate
C0000385,PAY-01-R01 exact duplicate
C0000386,base
C0000387,base
C0000388,base
C0000389,base
C0000390,base
C0000391,base
C0000392,base
C0000393,base
C0000394,base
C0000395,base
C0000396,base
C0000397,base
C0000398,base
C0000399,base
C0000400,base
C0000401,base
C0000402,base
C0000403,base
C0000404,base
C0000405,base
C0000406,base
C0000407,base
C0000408,base
C0000409,base
C0000410,base
C0000411,base
C0000412,base
C0000413,base
C0000414,base
C0000415,base
C0000416,base
C0000417,base
C0000418,base
C0000419,base
C0000420,base
C0000421,base
C0000422,base
C0000423,base
C0000424,base
C0000425,base
C0000426,base
C0000427,base
C0000428,base
C0000429,base
C0000430,base
C0000431,base
C0000432,base
C0000433,base
C0000434,base
C0000435,base
C0000436,base
C0000437,base
C0000438,base
C0000439,base
C0000440,base
C0000441,base
C0000442,base
C0000443,base
C0000444,base
C0000445,base
C0000446,base
C0000447,base
C0000448,base
C0000449,base
C0000450,base
C0000451,base
C0000452,base
C0000453,base
C0000454,base
C0000455,base
C0000456,base
C0000457,base
C0000458,base
C0000459,base
C0000460,base
C0000461,base
C0000462,base
C0000463,base
C0000464,base
C0000465,base
C0000466,base
C0000467,base
C0000468,base
C0000469,base
C0000470,base
C0000471,base
C0000472,base
C0000473,base
C0000474,base
C0000475,base
C0000476,base
C0000477,base
C0000478,base
C0000479,base
C0000480,base
C0000481,base
C0000482,base
C0000483,base
C0000484,base
C0000485,base
C0000486,base
C0000487,base
C0000488,base
C0000489,base
C0000490,base
C0000491,base
C0000492,base
C0000493,base
C0000494,base
C0000495,base
C0000496,base
C0000497,base
C0000498,base
C0000499,base
C0000500,base
C0000501,base
C0000502,base
C0000503,base
C0000504,base
C0000505,base
C0000506,base
C0000507,base
C0000508,base
C0000509,base
C0000510,base
C0000511,base
C0000512,base
C0000513,base
C0000514,base
C0000515,base
C0000516,base
C0000517,base
C0000518,base
C0000519,base
C0000520,base
C0000521,base
C0000522,base
C0000523,PAY-01-R03 / CLN-05-R03 episode repeat
C0000524,base
C0000525,base
C0000526,base
C0000527,base
C0000528,base
C0000529,base
C0000530,base
C0000531,base
C0000532,base
C0000533,base
C0000534,base
C0000535,base
C0000536,base
C0000537,base
C0000538,base
C0000539,base
C0000540,base
C0000541,base
C0000542,base
C0000543,base
C0000544,base
C0000545,base
C0000546,base
C0000547,base
C0000548,base
C0000549,base
C0000550,base
C0000551,base
C0000552,base
C0000553,base
C0000554,base
C0000555,base
C0000556,base
C0000557,base
C0000558,base
C0000559,base
C0000560,base
C0000561,base
C0000562,base
C0000563,base
C0000564,base
C0000565,base
C0000566,base
C0000567,base
C0000568,base
C0000569,base
C0000570,base
C0000571,base
C0000572,base
C0000573,base
C0000574,base
C0000575,base
C0000576,base
C0000577,base
C0000578,base
C0000579,base
C0000580,base
C0000581,base
C0000582,base
C0000583,base
C0000584,base
C0000585,base
C0000586,base
C0000587,base
C0000588,base
C0000589,base
C0000590,base
C0000591,base
C0000592,base
C0000593,base
C0000594,base
C0000595,base
C0000596,base
C0000597,base
C0000598,base
C0000599,base
C0000600,base
C0000601,base
C0000602,base
C0000603,base
C0000604,base
C0000605,base
C0000606,base
C0000607,base
C0000608,base
C0000609,base
C0000610,base
C0000611,base
C0000612,base
C0000613,base
C0000614,base
C0000615,base
C0000616,base
C0000617,base
C0000618,base
C0000619,base
C0000620,base
C0000621,base
C0000622,base
C0000623,base
C0000624,base
C0000625,base
C0000626,base
C0000627,base
C0000628,base
C0000629,base
C0000630,base
C0000631,base
C0000632,base
C0000633,base
C0000634,base
C0000635,base
C0000636,base
C0000637,base
C0000638,base
C0000639,base
C0000640,base
C0000641,base
C0000642,base
C0000643,base
C0000644,base
C0000645,base
C0000646,CLN-05-R01 length-of-stay outlier
C0000647,base
C0000648,base
C0000649,base
C0000650,base
C0000651,base
C0000652,base
C0000653,base
C0000654,base
C0000655,base
C0000656,base
C0000657,base
C0000658,base
C0000659,base
C0000660,base
C0000661,base
C0000662,base
C0000663,base
C0000664,base
C0000665,base
C0000666,base
C0000667,base
C0000668,base
C0000669,base
C0000670,base
C0000671,base
C0000672,base
C0000673,base
C0000674,base
C0000675,base
C0000676,base
C0000677,base
C0000678,base
C0000679,base
C0000680,base
C0000681,base
C0000682,base
C0000683,base
C0000684,base
C0000685,base
C0000686,base
C0000687,base
C0000688,base
C0000689,base
C0000690,base
C0000691,base
C0000692,base
C0000693,base
C0000694,base
C0000695,base
C0000696,base
C0000697,base
C0000698,base
C0000699,base
C0000700,PAY-01-R03 / CLN-05-R03 episode repeat
C0000701,base
C0000702,base
C0000703,base
C0000704,base
C0000705,base
C0000706,base
C0000707,base
C0000708,base
C0000709,base
C0000710,base
C0000711,base
C0000712,base
C0000713,base
C0000714,base
C0000715,base
C0000716,base
C0000717,base
C0000718,base
C0000719,base
C0000720,base
C0000721,base
C0000722,base
C0000723,base
C0000724,base
C0000725,base
C0000726,base
C0000727,base
C0000728,base
C0000729,base
C0000730,base
C0000731,base
C0000732,base
C0000733,base
C0000734,base
C0000735,base
C0000736,base
C0000737,base
C0000738,base
C0000739,base
C0000740,base
C0000741,base
C0000742,base
C0000743,base
C0000744,base
C0000745,base
C0000746,base
C0000747,base
C0000748,base
C0000749,base
C0000750,base
C0000751,base
C0000752,base
C0000753,base
C0000754,base
C0000755,base
C0000756,base
C0000757,base
C0000758,base
C0000759,base
C0000760,base
C0000761,base
C0000762,base
C0000763,base
C0000764,base
C0000765,base
C0000766,base
C0000767,base
C0000768,base
C0000769,base
C0000770,base
C0000771,base
C0000772,base
C0000773,base
C0000774,base
C0000775,ring
C0000776,ring
C0000777,ring
C0000778,base
C0000779,base
C0000780,base
C0000781,base
C0000782,base
C0000783,base
C0000784,base
C0000785,base
C0000786,base
C0000787,base
C0000788,base
C0000789,base
C0000790,base
C0000791,base
C0000792,base
C0000793,base
C0000794,base
C0000795,base
C0000796,base
C0000797,base
C0000798,base
C0000799,base
C0000800,base
C0000801,base
C0000802,base
C0000803,base
C0000804,base
C0000805,base
C0000806,base
C0000807,base
C0000808,base
C0000809,base
C0000810,base
C0000811,base
C0000812,base
C0000813,base
C0000814,base
C0000815,base
C0000816,base
C0000817,base
C0000818,base
C0000819,base
C0000820,base
C0000821,base
C0000822,base
C0000823,base
C0000824,base
C0000825,base
C0000826,base
C0000827,base
C0000828,base
C0000829,base
C0000830,base
C0000831,base
C0000832,base
C0000833,base
C0000834,base
C0000835,base
C0000836,base
C0000837,base
C0000838,base
C0000839,base
C0000840,base
C0000841,base
C0000842,base
C0000843,base
C0000844,base
C0000845,base
C0000846,base
C0000847,base
C0000848,base
C0000849,base
C0000850,base
C0000851,base
C0000852,base
C0000853,base
C0000854,base
C0000855,base
C0000856,base
C0000857,base
C0000858,base
C0000859,base
C0000860,base
C0000861,base
C0000862,base
C0000863,base
C0000864,base
C0000865,base
C0000866,base
C0000867,base
C0000868,base
C0000869,base
C0000870,base
C0000871,base
C0000872,base
C0000873,base
C0000874,base
C0000875,base
C0000876,base
C0000877,base
C0000878,base
C0000879,base
C0000880,base
C0000881,base
C0000882,base
C0000883,base
C0000884,base
C0000885,base
C0000886,base
C0000887,base
C0000888,base
C0000889,base
C0000890,base
C0000891,base
C0000892,base
C0000893,base
C0000894,base
C0000895,base
C0000896,base
C0000897,base
C0000898,base
C0000899,base
C0000900,base
C0000901,base
C0000902,base
C0000903,base
C0000904,base
C0000905,base
C0000906,base
C0000907,base
C0000908,base
C0000909,base
C0000910,base
C0000911,base
C0000912,base
C0000913,base
C0000914,base
C0000915,base
C0000916,base
C0000917,base
C0000918,base
C0000919,base
C0000920,base
C0000921,base
C0000922,base
C0000923,base
C0000924,PAY-01-R03 / CLN-05-R03 episode repeat
C0000925,base
C0000926,base
C0000927,base
C0000928,base
C0000929,base
C0000930,base
C0000931,base
C0000932,base
C0000933,base
C0000934,base
C0000935,base
C0000936,PAY-01-R01 exact duplicate
C0000937,PAY-01-R01 exact duplicate
C0000938,base
C0000939,base
C0000940,base
C0000941,base
C0000942,base
C0000943,base
C0000944,base
C0000945,base
C0000946,base
C0000947,base
C0000948,base
C0000949,base
C0000950,base
C0000951,base
C0000952,base
C0000953,base
C0000954,base
C0000955,base
C0000956,base
C0000957,base
C0000958,base
C0000959,base
C0000960,base
C0000961,base
C0000962,base
C0000963,base
C0000964,base
C0000965,base
C0000966,base
C0000967,ANL-01-R02 / CLN-07-R04 step change
C0000968,base
C0000969,base
C0000970,base
C0000971,base
C0000972,base
C0000973,base
C0000974,base
C0000975,base
C0000976,base
C0000977,base
C0000978,base
C0000979,base
C0000980,base
C0000981,ANL-01-R02 / CLN-07-R04 step change
C0000982,base
C0000983,base
C0000984,base
C0000985,ring
C0000986,ring
C0000987,base
C0000988,base
C0000989,base
C0000990,base
C0000991,PAY-01-R02 near duplicate
C0000992,base
C0000993,base
C0000994,base
C0000995,base
C0000996,base
C0000997,base
C0000998,base
C0000999,base
C0001000,base
C0001001,base
C0001002,base
C0001003,base
C0001004,base
C0001005,PAY-06-R02 amount arithmetic
C0001006,base
C0001007,base
C0001008,base
C0001009,base
C0001010,base
C0001011,base
C0001012,base
C0001013,base
C0001014,base
C0001015,base
C0001016,base
C0001017,base
C0001018,base
C0001019,base
C0001020,base
C0001021,base
C0001022,base
C0001023,base
C0001024,base
C0001025,base
C0001026,base
C0001027,base
C0001028,base
C0001029,base
C0001030,base
C0001031,base
C0001032,base
C0001033,base
C0001034,base
C0001035,base
C0001036,base
C0001037,base
C0001038,PAY-01-R02 near duplicate
C0001039,base
C0001040,base
C0001041,base
C0001042,base
C0001043,base
C0001044,base
C0001045,base
C0001046,base
C0001047,base
C0001048,base
C0001049,base
C0001050,base
C0001051,base
C0001052,base
C0001053,base
C0001054,base
C0001055,base
C0001056,base
C0001057,base
C0001058,base
C0001059,base
C0001060,base
C0001061,base
C0001062,base
C0001063,ring
C0001064,base
C0001065,base
C0001066,base
C0001067,base
C0001068,base
C0001069,base
C0001070,base
C0001071,base
C0001072,base
C0001073,base
C0001074,base
C0001075,base
C0001076,PAY-01-R01 exact duplicate
C0001077,PAY-01-R01 exact duplicate
C0001078,base
C0001079,base
C0001080,base
C0001081,base
C0001082,base
C0001083,base
C0001084,base
C0001085,base
C0001086,base
C0001087,base
C0001088,base
C0001089,base
C0001090,base
C0001091,base
C0001092,ring
C0001093,ring
C0001094,base
C0001095,base
C0001096,base
C0001097,base
C0001098,base
C0001099,base
C0001100,base
C0001101,base
C0001102,base
C0001103,base
C0001104,base
C0001105,base
C0001106,base
C0001107,base
C0001108,base
C0001109,base
C0001110,base
C0001111,base
C0001112,base
C0001113,base
C0001114,base
C0001115,ANL-01-R02 / CLN-07-R04 step change
C0001116,base
C0001117,base
C0001118,ring
C0001119,ring
C0001120,ring
C0001121,base
C0001122,base
C0001123,base
C0001124,base
C0001125,base
C0001126,base
C0001127,base
C0001128,base
C0001129,base
C0001130,base
C0001131,base
C0001132,base
C0001133,base
C0001134,base
C0001135,base
C0001136,ring
C0001137,ring
C0001138,base
C0001139,base
C0001140,base
C0001141,base
C0001142,base
C0001143,base
C0001144,base
C0001145,base
C0001146,base
C0001147,base
C0001148,base
C0001149,base
C0001150,base
C0001151,PAY-01-R02 near duplicate
C0001152,ANL-01-R02 / CLN-07-R04 step change
C0001153,base
C0001154,base
C0001155,base
C0001156,base
C0001157,base
C0001158,base
C0001159,base
C0001160,base
C0001161,base
C0001162,base
C0001163,base
C0001164,base
C0001165,base
C0001166,base
C0001167,base
C0001168,base
C0001169,base
C0001170,base
C0001171,PAY-01-R03 / CLN-05-R03 episode repeat
C0001172,base
C0001173,base
C0001174,base
C0001175,base
C0001176,base
C0001177,base
C0001178,base
C0001179,ring
C0001180,ring
C0001181,PAY-01-R02 near duplicate
C0001182,base
C0001183,base
C0001184,base
C0001185,base
C0001186,base
C0001187,base
C0001188,base
C0001189,base
C0001190,base
C0001191,base
C0001192,base
C0001193,base
C0001194,base
C0001195,base
C0001196,base
C0001197,base
C0001198,PAY-06-R02 amount arithmetic
C0001199,base
C0001200,base
C0001201,base
C0001202,base
C0001203,base
C0001204,base
C0001205,base
C0001206,base
C0001207,base
C0001208,base
C0001209,base
C0001210,ANL-01-R02 / CLN-07-R04 step change
C0001211,base
C0001212,base
C0001213,base
C0001214,base
C0001215,base
C0001216,base
C0001217,base
C0001218,base
C0001219,base
C0001220,base
C0001221,base
C0001222,base
C0001223,PAY-06-R02 amount arithmetic
C0001224,base
C0001225,base
C0001226,base
C0001227,base
C0001228,base
C0001229,base
C0001230,base
C0001231,base
C0001232,base
C0001233,base
C0001234,base
C0001235,base
C0001236,base
C0001237,base
C0001238,base
C0001239,base
C0001240,base
C0001241,base
C0001242,base
C0001243,base
C0001244,base
C0001245,base
C0001246,base
C0001247,base
C0001248,base
C0001249,base
C0001250,base
C0001251,base
C0001252,base
C0001253,base
C0001254,base
C0001255,base
C0001256,base
C0001257,base
C0001258,base
C0001259,base
C0001260,base
C0001261,base
C0001262,base
C0001263,base
C0001264,base
C0001265,base
C0001266,base
C0001267,base
C0001268,base
C0001269,base
C0001270,base
C0001271,base
C0001272,base
C0001273,base
C0001274,base
C0001275,base
C0001276,base
C0001277,base
C0001278,base
C0001279,base
C0001280,base
C0001281,base
C0001282,base
C0001283,base
C0001284,base
C0001285,base
C0001286,base
C0001287,base
C0001288,base
C0001289,base
C0001290,base
C0001291,base
C0001292,base
C0001293,base
C0001294,base
C0001295,base
C0001296,base
C0001297,base
C0001298,base
C0001299,base
C0001300,PAY-01-R03 / CLN-05-R03 episode repeat
C0001301,ANL-01-R02 / CLN-07-R04 step change
C0001302,base
C0001303,base
C0001304,base
C0001305,base
C0001306,base
C0001307,base
C0001308,base
C0001309,base
C0001310,base
C0001311,base
C0001312,base
C0001313,base
C0001314,base
C0001315,base
C0001316,base
C0001317,base
C0001318,base
C0001319,base
C0001320,base
C0001321,base
C0001322,base
C0001323,base
C0001324,base
C0001325,base
C0001326,base
C0001327,base
C0001328,base
C0001329,base
C0001330,base
C0001331,base
C0001332,base
C0001333,base
C0001334,base
C0001335,base
C0001336,base
C0001337,base
C0001338,base
C0001339,base
C0001340,base
C0001341,base
C0001342,base
C0001343,base
C0001344,base
C0001345,base
C0001346,base
C0001347,base
C0001348,base
C0001349,base
C0001350,base
C0001351,base
C0001352,base
C0001353,base
C0001354,base
C0001355,base
C0001356,base
C0001357,base
C0001358,base
C0001359,base
C0001360,base
C0001361,base
C0001362,base
C0001363,base
C0001364,base
C0001365,base
C0001366,base
C0001367,base
C0001368,base
C0001369,base
C0001370,base
C0001371,base
C0001372,base
C0001373,base
C0001374,base
C0001375,base
C0001376,base
C0001377,base
C0001378,base
C0001379,base
C0001380,base
C0001381,base
C0001382,base
C0001383,base
C0001384,base
C0001385,base
C0001386,base
C0001387,base
C0001388,base
C0001389,base
C0001390,base
C0001391,base
C0001392,base
C0001393,base
C0001394,base
C0001395,base
C0001396,base
C0001397,base
C0001398,base
C0001399,base
C0001400,base
C0001401,base
C0001402,base
C0001403,base
C0001404,base
C0001405,base
C0001406,base
C0001407,base
C0001408,base
C0001409,base
C0001410,base
C0001411,base
C0001412,base
C0001413,base
C0001414,base
C0001415,base
C0001416,base
C0001417,base
C0001418,base
C0001419,base
C0001420,base
C0001421,base
C0001422,base
C0001423,base
C0001424,base
C0001425,base
C0001426,base
C0001427,base
C0001428,base
C0001429,base
C0001430,base
C0001431,base
C0001432,base
C0001433,base
C0001434,base
C0001435,base
C0001436,base
C0001437,base
C0001438,base
C0001439,base
C0001440,base
C0001441,base
C0001442,base
C0001443,base
C0001444,base
C0001445,base
C0001446,base
C0001447,base
C0001448,base
C0001449,base
C0001450,base
C0001451,base
C0001452,base
C0001453,base
C0001454,base
C0001455,base
C0001456,base
C0001457,base
C0001458,base
C0001459,base
C0001460,base
C0001461,base
C0001462,base
C0001463,PAY-01-R03 / CLN-05-R03 episode repeat
C0001464,base
C0001465,base
C0001466,base
C0001467,base
C0001468,base
C0001469,base
C0001470,base
C0001471,base
C0001472,base
C0001473,base
C0001474,base
C0001475,base
C0001476,base
C0001477,base
C0001478,base
C0001479,base
C0001480,base
C0001481,base
C0001482,base
C0001483,base
C0001484,base
C0001485,CLN-05-R01 length-of-stay outlier
C0001486,base
C0001487,base
C0001488,base
C0001489,base
C0001490,base
C0001491,ring
C0001492,ring
C0001493,ring
C0001494,base
C0001495,base
C0001496,PAY-06-R02 amount arithmetic
C0001497,ANL-01-R02 / CLN-07-R04 step change
C0001498,base
C0001499,base
C0001500,base
C0001501,base
C0001502,base
C0001503,base
C0001504,base
C0001505,base
C0001506,base
C0001507,base
C0001508,base
C0001509,base
C0001510,base
C0001511,base
C0001512,base
C0001513,PAY-01-R03 / CLN-05-R03 episode repeat
C0001514,base
C0001515,base
C0001516,base
C0001517,base
C0001518,base
C0001519,base
C0001520,base
C0001521,base
C0001522,base
C0001523,base
C0001524,base
C0001525,base
C0001526,base
C0001527,base
C0001528,base
C0001529,base
C0001530,base
C0001531,base
C0001532,base
C0001533,base
C0001534,base
C0001535,base
C0001536,base
C0001537,base
C0001538,base
C0001539,base
C0001540,base
C0001541,base
C0001542,base
C0001543,base
C0001544,base
C0001545,base
C0001546,base
C0001547,base
C0001548,base
C0001549,base
C0001550,base
C0001551,base
C0001552,base
C0001553,base
C0001554,base
C0001555,base
C0001556,base
C0001557,base
C0001558,base
C0001559,base
C0001560,base
C0001561,base
C0001562,base
C0001563,base
C0001564,PAY-01-R03 / CLN-05-R03 episode repeat
C0001565,base
C0001566,base
C0001567,base
C0001568,base
C0001569,base
C0001570,base
C0001571,base
C0001572,base
C0001573,base
C0001574,base
C0001575,base
C0001576,base
C0001577,base
C0001578,base
C0001579,base
C0001580,base
C0001581,base
C0001582,ANL-01-R02 / CLN-07-R04 step change
C0001583,base
C0001584,base
C0001585,base
C0001586,base
C0001587,base
C0001588,base
C0001589,base
C0001590,base
C0001591,base
C0001592,base
C0001593,base
C0001594,base
C0001595,base
C0001596,base
C0001597,base
C0001598,base
C0001599,base
C0001600,base
C0001601,base
C0001602,base
C0001603,base
C0001604,base
C0001605,base
C0001606,base
C0001607,base
C0001608,base
C0001609,base
C0001610,base
C0001611,base
C0001612,base
C0001613,PAY-01-R03 / CLN-05-R03 episode repeat
C0001614,base
C0001615,base
C0001616,base
C0001617,base
C0001618,base
C0001619,base
C0001620,base
C0001621,base
C0001622,base
C0001623,base
C0001624,base
C0001625,base
C0001626,base
C0001627,base
C0001628,base
C0001629,base
C0001630,base
C0001631,base
C0001632,base
C0001633,base
C0001634,base
C0001635,base
C0001636,base
C0001637,base
C0001638,base
C0001639,base
C0001640,base
C0001641,base
C0001642,base
C0001643,base
C0001644,base
C0001645,base
C0001646,base
C0001647,base
C0001648,base
C0001649,base
C0001650,base
C0001651,base
C0001652,base
C0001653,base
C0001654,base
C0001655,base
C0001656,PAY-01-R03 / CLN-05-R03 episode repeat
C0001657,base
C0001658,base
C0001659,base
C0001660,base
C0001661,base
C0001662,base
C0001663,base
C0001664,base
C0001665,base
C0001666,base
C0001667,base
C0001668,base
C0001669,base
C0001670,base
C0001671,base
C0001672,ANL-01-R02 / CLN-07-R04 step change
C0001673,base
C0001674,base
C0001675,base
C0001676,base
C0001677,base
C0001678,base
C0001679,base
C0001680,base
C0001681,base
C0001682,base
C0001683,base
C0001684,base
C0001685,base
C0001686,base
C0001687,base
C0001688,base
C0001689,base
C0001690,base
C0001691,base
C0001692,base
C0001693,base
C0001694,base
C0001695,base
C0001696,base
C0001697,base
C0001698,base
C0001699,base
C0001700,base
C0001701,base
C0001702,base
C0001703,base
C0001704,base
C0001705,base
C0001706,base
C0001707,base
C0001708,base
C0001709,base
C0001710,base
C0001711,base
C0001712,base
C0001713,base
C0001714,base
C0001715,PAY-01-R01 exact duplicate
C0001716,PAY-01-R01 exact duplicate
C0001717,ANL-01-R02 / CLN-07-R04 step change
C0001718,base
C0001719,base
C0001720,base
C0001721,base
C0001722,base
C0001723,base
C0001724,base
C0001725,base
C0001726,base
C0001727,base
C0001728,base
C0001729,base
C0001730,base
C0001731,base
C0001732,base
C0001733,base
C0001734,base
C0001735,base
C0001736,ANL-01-R02 / CLN-07-R04 step change
C0001737,base
C0001738,base
C0001739,base
C0001740,base
C0001741,base
C0001742,base
C0001743,base
C0001744,base
C0001745,base
C0001746,base
C0001747,base
C0001748,base
C0001749,base
C0001750,base
C0001751,base
C0001752,base
C0001753,base
C0001754,base
C0001755,base
C0001756,PAY-06-R02 amount arithmetic
C0001757,base
C0001758,base
C0001759,base
C0001760,base
C0001761,base
C0001762,base
C0001763,base
C0001764,base
C0001765,ANL-01-R02 / CLN-07-R04 step change
C0001766,base
C0001767,base
C0001768,base
C0001769,base
C0001770,base
C0001771,base
C0001772,base
C0001773,base
C0001774,base
C0001775,base
C0001776,base
C0001777,base
C0001778,base
C0001779,base
C0001780,base
C0001781,base
C0001782,base
C0001783,base
C0001784,base
C0001785,base
C0001786,base
C0001787,base
C0001788,base
C0001789,base
C0001790,base
C0001791,base
C0001792,base
C0001793,base
C0001794,base
C0001795,base
C0001796,base
C0001797,base
C0001798,base
C0001799,base
C0001800,base
C0001801,base
C0001802,base
C0001803,base
C0001804,base
C0001805,base
C0001806,base
C0001807,base
C0001808,base
C0001809,base
C0001810,base
C0001811,base
C0001812,base
C0001813,CLN-07-R02 capacity breach
C0001814,CLN-07-R02 capacity breach
C0001815,CLN-07-R02 capacity breach
C0001816,CLN-07-R02 capacity breach
C0001817,CLN-07-R02 capacity breach
C0001818,CLN-07-R02 capacity breach
C0001819,CLN-07-R02 capacity breach
C0001820,CLN-07-R02 capacity breach
C0001821,ANL-01-R02 / CLN-07-R04 step change
C0001822,base
C0001823,base
C0001824,base
C0001825,base
C0001826,base
C0001827,base
C0001828,base
C0001829,base
C0001830,base
C0001831,base
C0001832,base
C0001833,base
C0001834,base
C0001835,base
C0001836,base
C0001837,base
C0001838,base
C0001839,base
C0001840,base
C0001841,base
C0001842,base
C0001843,base
C0001844,CLN-07-R02 capacity breach
C0001845,CLN-07-R02 capacity breach
C0001846,CLN-07-R02 capacity breach
C0001847,CLN-07-R02 capacity breach
C0001848,CLN-07-R02 capacity breach
C0001849,CLN-07-R02 capacity breach
C0001850,ANL-01-R02 / CLN-07-R04 step change
C0001851,base
C0001852,base
C0001853,base
C0001854,base
C0001855,base
C0001856,base
C0001857,base
C0001858,base
C0001859,base
C0001860,PAY-01-R03 / CLN-05-R03 episode repeat
C0001861,CLN-07-R02 capacity breach
C0001862,CLN-07-R02 capacity breach
C0001863,CLN-07-R02 capacity breach
C0001864,CLN-07-R02 capacity breach
C0001865,CLN-07-R02 capacity breach
C0001866,CLN-07-R02 capacity breach
C0001867,CLN-07-R02 capacity breach
C0001868,CLN-07-R02 capacity breach
C0001869,CLN-07-R02 capacity breach
C0001870,ANL-01-R02 / CLN-07-R04 step change
C0001871,base
C0001872,base
C0001873,base
C0001874,base
C0001875,base
C0001876,CLN-07-R02 capacity breach
C0001877,CLN-07-R02 capacity breach
C0001878,base
C0001879,base
C0001880,base
C0001881,base
C0001882,base
C0001883,base
C0001884,base
C0001885,base
C0001886,base
C0001887,base
C0001888,base
C0001889,base
C0001890,base
C0001891,base
C0001892,base
C0001893,base
C0001894,base
C0001895,base
C0001896,base
C0001897,base
C0001898,base
C0001899,CLN-07-R02 capacity breach
C0001900,CLN-07-R02 capacity breach
C0001901,ANL-01-R02 / CLN-07-R04 step change
C0001902,base
C0001903,base
C0001904,CLN-07-R02 capacity breach
C0001905,CLN-07-R02 capacity breach
C0001906,CLN-07-R02 capacity breach
C0001907,CLN-07-R02 capacity breach
C0001908,CLN-07-R02 capacity breach
C0001909,CLN-07-R02 capacity breach
C0001910,CLN-07-R02 capacity breach
C0001911,CLN-07-R02 capacity breach
C0001912,CLN-07-R02 capacity breach
C0001913,CLN-07-R02 capacity breach
C0001914,CLN-07-R02 capacity breach
C0001915,base
C0001916,base
C0001917,base
C0001918,base
C0001919,base
C0001920,base
C0001921,base
C0001922,base
C0001923,base
C0001924,base
C0001925,CLN-07-R02 capacity breach
C0001926,CLN-07-R02 capacity breach
C0001927,base
C0001928,base
C0001929,base
C0001930,base
C0001931,base
C0001932,base
C0001933,base
C0001934,base
C0001935,base
C0001936,base
C0001937,base
C0001938,base
C0001939,CLN-07-R02 capacity breach
C0001940,CLN-07-R02 capacity breach
C0001941,base
C0001942,base
C0001943,base
C0001944,base
C0001945,base
C0001946,base
C0001947,base
C0001948,base
C0001949,base
C0001950,CLN-07-R02 capacity breach
C0001951,CLN-07-R02 capacity breach
C0001952,CLN-07-R02 capacity breach
C0001953,CLN-07-R02 capacity breach
C0001954,CLN-07-R02 capacity breach
C0001955,CLN-07-R02 capacity breach
C0001956,CLN-07-R02 capacity breach
C0001957,CLN-07-R02 capacity breach
C0001958,CLN-07-R02 capacity breach
C0001959,base
C0001960,base
C0001961,base
C0001962,base
C0001963,base
C0001964,base
C0001965,base
C0001966,base
C0001967,CLN-07-R02 capacity breach
C0001968,CLN-07-R02 capacity breach
C0001969,CLN-07-R02 capacity breach
C0001970,CLN-07-R02 capacity breach
C0001971,base
C0001972,base
C0001973,base
C0001974,CLN-07-R02 capacity breach
C0001975,CLN-07-R02 capacity breach
C0001976,CLN-07-R02 capacity breach
C0001977,CLN-07-R02 capacity breach
C0001978,CLN-07-R02 capacity breach
C0001979,CLN-07-R02 capacity breach
C0001980,CLN-07-R02 capacity breach
C0001981,base
C0001982,base
C0001983,base
C0001984,base
C0001985,base
C0001986,base
C0001987,base
C0001988,base
C0001989,PAY-01-R03 / CLN-05-R03 episode repeat
C0001990,base
C0001991,base
C0001992,base
C0001993,base
C0001994,base
C0001995,base
C0001996,base
C0001997,base
C0001998,base
C0001999,base
C0002000,base
C0002001,base
C0002002,base
C0002003,base
C0002004,base
C0002005,base
C0002006,base
C0002007,base
C0002008,base
C0002009,base
C0002010,base
C0002011,base
C0002012,base
C0002013,base
C0002014,base
C0002015,base
C0002016,base
C0002017,base
C0002018,base
C0002019,base
C0002020,base
C0002021,base
C0002022,base
C0002023,base
C0002024,base
C0002025,base
C0002026,base
C0002027,PAY-01-R03 / CLN-05-R03 episode repeat
C0002028,base
C0002029,base
C0002030,base
C0002031,base
C0002032,base
C0002033,base
C0002034,base
C0002035,base
C0002036,base
C0002037,PAY-01-R01 exact duplicate
C0002038,PAY-01-R01 exact duplicate
C0002039,base
C0002040,base
C0002041,base
C0002042,base
C0002043,base
C0002044,base
C0002045,base
C0002046,base
C0002047,base
C0002048,base
C0002049,base
C0002050,base
C0002051,ANL-01-R02 / CLN-07-R04 step change
C0002052,base
C0002053,base
C0002054,base
C0002055,base
C0002056,base
C0002057,base
C0002058,ANL-01-R02 / CLN-07-R04 step change
C0002059,base
C0002060,base
C0002061,base
C0002062,base
C0002063,base
C0002064,ANL-01-R02 / CLN-07-R04 step change
C0002065,ANL-01-R02 / CLN-07-R04 step change
C0002066,base
C0002067,base
C0002068,base
C0002069,base
C0002070,base
C0002071,base
C0002072,base
C0002073,base
C0002074,base
C0002075,base
C0002076,base
C0002077,base
C0002078,base
C0002079,base
C0002080,base
C0002081,base
C0002082,base
C0002083,base
C0002084,base
C0002085,base
C0002086,base
C0002087,base
C0002088,base
C0002089,base
C0002090,base
C0002091,base
C0002092,base
C0002093,base
C0002094,base
C0002095,base
C0002096,base
C0002097,PAY-01-R03 / CLN-05-R03 episode repeat
C0002098,base
C0002099,base
C0002100,base
C0002101,base
C0002102,base
C0002103,base
C0002104,base
C0002105,base
C0002106,base
C0002107,base
C0002108,base
C0002109,base
C0002110,base
C0002111,base
C0002112,base
C0002113,base
C0002114,base
C0002115,base
C0002116,base
C0002117,base
C0002118,base
C0002119,base
C0002120,base
C0002121,base
C0002122,base
C0002123,base
C0002124,base
C0002125,base
C0002126,base
C0002127,base
C0002128,base
C0002129,base
C0002130,base
C0002131,base
C0002132,base
C0002133,base
C0002134,base
C0002135,base
C0002136,base
C0002137,base
C0002138,base
C0002139,PAY-01-R02 near duplicate
C0002140,base
C0002141,base
C0002142,base
C0002143,base
C0002144,base
C0002145,base
C0002146,base
C0002147,base
C0002148,base
C0002149,base
C0002150,base
C0002151,base
C0002152,base
C0002153,base
C0002154,base
C0002155,base
C0002156,base
C0002157,base
C0002158,base
C0002159,base
C0002160,base
C0002161,base
C0002162,base
C0002163,base
C0002164,base
C0002165,base
C0002166,base
C0002167,base
C0002168,base
C0002169,base
C0002170,base
C0002171,base
C0002172,base
C0002173,base
C0002174,base
C0002175,base
C0002176,base
C0002177,base
C0002178,base
C0002179,base
C0002180,base
C0002181,base
C0002182,PAY-01-R02 near duplicate
C0002183,ANL-01-R02 / CLN-07-R04 step change
C0002184,base
C0002185,base
C0002186,base
C0002187,base
C0002188,base
C0002189,base
C0002190,ANL-01-R02 / CLN-07-R04 step change
C0002191,base
C0002192,base
C0002193,base
C0002194,base
C0002195,base
C0002196,base
C0002197,base
C0002198,base
C0002199,base
C0002200,base
C0002201,base
C0002202,base
C0002203,base
C0002204,base
C0002205,base
C0002206,base
C0002207,base
C0002208,base
C0002209,base
C0002210,base
C0002211,base
C0002212,base
C0002213,base
C0002214,base
C0002215,base
C0002216,base
C0002217,base
C0002218,base
C0002219,base
C0002220,base
C0002221,base
C0002222,base
C0002223,base
C0002224,base
C0002225,base
C0002226,base
C0002227,ANL-01-R02 / CLN-07-R04 step change
C0002228,ANL-01-R02 / CLN-07-R04 step change
C0002229,base
C0002230,base
C0002231,base
C0002232,base
C0002233,base
C0002234,base
C0002235,base
C0002236,base
C0002237,base
C0002238,base
C0002239,base
C0002240,ANL-01-R02 / CLN-07-R04 step change
C0002241,ANL-01-R02 / CLN-07-R04 step change
C0002242,base
C0002243,base
C0002244,base
C0002245,base
C0002246,base
C0002247,base
C0002248,base
C0002249,base
C0002250,base
C0002251,base
C0002252,base
C0002253,base
C0002254,base
C0002255,base
C0002256,base
C0002257,base
C0002258,base
C0002259,base
C0002260,base
C0002261,base
C0002262,base
C0002263,base
C0002264,base
C0002265,base
C0002266,base
C0002267,base
C0002268,ANL-01-R02 / CLN-07-R04 step change
C0002269,ANL-01-R02 / CLN-07-R04 step change
C0002270,base
C0002271,base
C0002272,base
C0002273,base
C0002274,base
C0002275,base
C0002276,base
C0002277,base
C0002278,base
C0002279,base
C0002280,CLN-05-R01 length-of-stay outlier
C0002281,ANL-01-R02 / CLN-07-R04 step change
C0002282,base
C0002283,base
C0002284,base
C0002285,base
C0002286,base
C0002287,base
C0002288,base
C0002289,base
C0002290,base
C0002291,base
C0002292,base
C0002293,base
C0002294,base
C0002295,base
C0002296,base
C0002297,base
C0002298,base
C0002299,base
C0002300,base
C0002301,base
C0002302,base
C0002303,base
C0002304,base
C0002305,base
C0002306,base
C0002307,base
C0002308,base
C0002309,base
C0002310,base
C0002311,base
C0002312,base
C0002313,base
C0002314,base
C0002315,base
C0002316,base
C0002317,base
C0002318,base
C0002319,PAY-01-R03 / CLN-05-R03 episode repeat
C0002320,base
C0002321,base
C0002322,base
C0002323,base
C0002324,base
C0002325,base
C0002326,base
C0002327,base
C0002328,base
C0002329,base
C0002330,base
C0002331,base
C0002332,base
C0002333,base
C0002334,base
C0002335,base
C0002336,base
C0002337,base
C0002338,base
C0002339,base
C0002340,base
C0002341,base
C0002342,base
C0002343,base
C0002344,base
C0002345,ring
C0002346,ring
C0002347,base
C0002348,base
C0002349,base
C0002350,base
C0002351,base
C0002352,base
C0002353,base
C0002354,base
C0002355,base
C0002356,base
C0002357,base
C0002358,ANL-01-R02 / CLN-07-R04 step change
C0002359,base
C0002360,base
C0002361,base
C0002362,base
C0002363,ANL-01-R02 / CLN-07-R04 step change
C0002364,base
C0002365,base
C0002366,base
C0002367,base
C0002368,base
C0002369,base
C0002370,base
C0002371,base
C0002372,base
C0002373,base
C0002374,base
C0002375,base
C0002376,base
C0002377,base
C0002378,base
C0002379,base
C0002380,base
C0002381,base
C0002382,ANL-01-R02 / CLN-07-R04 step change
C0002383,base
C0002384,base
C0002385,base
C0002386,base
C0002387,base
C0002388,ring
C0002389,base
C0002390,base
C0002391,base
C0002392,base
C0002393,base
C0002394,base
C0002395,base
C0002396,base
C0002397,base
C0002398,base
C0002399,base
C0002400,PAY-01-R03 / CLN-05-R03 episode repeat
C0002401,ANL-01-R02 / CLN-07-R04 step change
C0002402,base
C0002403,base
C0002404,base
C0002405,base
C0002406,base
C0002407,base
C0002408,base
C0002409,base
C0002410,base
C0002411,base
C0002412,base
C0002413,PAY-06-R02 amount arithmetic
C0002414,base
C0002415,base
C0002416,base
C0002417,base
C0002418,base
C0002419,base
C0002420,base
C0002421,ANL-01-R02 / CLN-07-R04 step change
C0002422,base
C0002423,base
C0002424,base
C0002425,base
C0002426,base
C0002427,base
C0002428,base
C0002429,base
C0002430,base
C0002431,base
C0002432,base
C0002433,base
C0002434,base
C0002435,base
C0002436,base
C0002437,base
C0002438,base
C0002439,base
C0002440,base
C0002441,base
C0002442,base
C0002443,base
C0002444,base
C0002445,base
C0002446,base
C0002447,base
C0002448,base
C0002449,base
C0002450,base
C0002451,base
C0002452,base
C0002453,base
C0002454,base
C0002455,base
C0002456,base
C0002457,base
C0002458,base
C0002459,base
C0002460,base
C0002461,base
C0002462,base
C0002463,base
C0002464,base
C0002465,base
C0002466,base
C0002467,base
C0002468,base
C0002469,base
C0002470,base
C0002471,base
C0002472,base
C0002473,base
C0002474,base
C0002475,base
C0002476,base
C0002477,base
C0002478,ANL-01-R02 / CLN-07-R04 step change
C0002479,base
C0002480,base
C0002481,base
C0002482,base
C0002483,base
C0002484,base
C0002485,base
C0002486,base
C0002487,base
C0002488,base
C0002489,base
C0002490,base
C0002491,base
C0002492,base
C0002493,base
C0002494,base
C0002495,PAY-01-R03 / CLN-05-R03 episode repeat
C0002496,base
C0002497,base
C0002498,base
C0002499,base
C0002500,base
C0002501,base
C0002502,base
C0002503,base
C0002504,base
C0002505,base
C0002506,base
C0002507,base
C0002508,base
C0002509,base
C0002510,PAY-01-R03 / CLN-05-R03 episode repeat
C0002511,base
C0002512,base
C0002513,base
C0002514,base
C0002515,ring
C0002516,ring
C0002517,ring
C0002518,ring
C0002519,base
C0002520,base
C0002521,base
C0002522,base
C0002523,base
C0002524,PAY-06-R02 amount arithmetic
C0002525,base
C0002526,base
C0002527,base
C0002528,base
C0002529,base
C0002530,base
C0002531,base
C0002532,base
C0002533,base
C0002534,base
C0002535,ANL-01-R02 / CLN-07-R04 step change
C0002536,ANL-01-R02 / CLN-07-R04 step change
C0002537,base
C0002538,base
C0002539,base
C0002540,base
C0002541,base
C0002542,base
C0002543,base
C0002544,base
C0002545,base
C0002546,ANL-01-R02 / CLN-07-R04 step change
C0002547,ANL-01-R02 / CLN-07-R04 step change
C0002548,base
C0002549,base
C0002550,base
C0002551,base
C0002552,base
C0002553,base
C0002554,base
C0002555,ANL-01-R02 / CLN-07-R04 step change
C0002556,base
C0002557,base
C0002558,base
C0002559,base
C0002560,base
C0002561,base
C0002562,base
C0002563,base
C0002564,base
C0002565,base
C0002566,base
C0002567,ANL-01-R02 / CLN-07-R04 step change
C0002568,base
C0002569,base
C0002570,base
C0002571,base
C0002572,base
C0002573,base
C0002574,base
C0002575,base
C0002576,base
C0002577,base
C0002578,ANL-01-R02 / CLN-07-R04 step change
C0002579,base
C0002580,base
C0002581,base
C0002582,base
C0002583,base
C0002584,base
C0002585,base
C0002586,base
C0002587,base
C0002588,base
C0002589,base
C0002590,base
C0002591,base
C0002592,base
C0002593,base
C0002594,base
C0002595,base
C0002596,base
C0002597,base
C0002598,base
C0002599,base
C0002600,base
C0002601,base
C0002602,base
C0002603,base
C0002604,base
C0002605,base
C0002606,base
C0002607,base
C0002608,base
C0002609,base
C0002610,base
C0002611,base
C0002612,base
C0002613,base
C0002614,ANL-01-R02 / CLN-07-R04 step change
C0002615,ANL-01-R02 / CLN-07-R04 step change
C0002616,base
C0002617,base
C0002618,base
C0002619,base
C0002620,base
C0002621,base
C0002622,base
C0002623,ANL-01-R02 / CLN-07-R04 step change
C0002624,base
C0002625,base
C0002626,base
C0002627,base
C0002628,base
C0002629,base
C0002630,base
C0002631,ANL-01-R02 / CLN-07-R04 step change
C0002632,ANL-01-R02 / CLN-07-R04 step change
C0002633,base
C0002634,base
C0002635,base
C0002636,base
C0002637,base
C0002638,base
C0002639,base
C0002640,base
C0002641,base
C0002642,base
C0002643,ANL-01-R02 / CLN-07-R04 step change
C0002644,base
C0002645,base
C0002646,base
C0002647,base
C0002648,base
C0002649,base
C0002650,base
C0002651,base
C0002652,base
C0002653,PAY-01-R03 / CLN-05-R03 episode repeat
C0002654,base
C0002655,base
C0002656,base
C0002657,base
C0002658,base
C0002659,base
C0002660,base
C0002661,base
C0002662,base
C0002663,base
C0002664,base
C0002665,ANL-01-R02 / CLN-07-R04 step change
C0002666,base
C0002667,base
C0002668,base
C0002669,ANL-01-R02 / CLN-07-R04 step change
C0002670,base
C0002671,base
C0002672,base
C0002673,base
C0002674,base
C0002675,base
C0002676,base
C0002677,base
C0002678,base
C0002679,base
C0002680,base
C0002681,base
C0002682,base
C0002683,base
C0002684,base
C0002685,base
C0002686,base
C0002687,base
C0002688,base
C0002689,base
C0002690,base
C0002691,base
C0002692,base
C0002693,base
C0002694,base
C0002695,base
C0002696,base
C0002697,base
C0002698,base
C0002699,base
C0002700,base
C0002701,base
C0002702,base
C0002703,base
C0002704,base
C0002705,base
C0002706,base
C0002707,base
C0002708,base
C0002709,base
C0002710,base
C0002711,base
C0002712,base
C0002713,base
C0002714,base
C0002715,base
C0002716,base
C0002717,base
C0002718,base
C0002719,base
C0002720,base
C0002721,ANL-01-R02 / CLN-07-R04 step change
C0002722,base
C0002723,base
C0002724,base
C0002725,base
C0002726,base
C0002727,base
C0002728,PAY-01-R03 / CLN-05-R03 episode repeat
C0002729,ANL-01-R02 / CLN-07-R04 step change
C0002730,base
C0002731,base
C0002732,base
C0002733,base
C0002734,base
C0002735,base
C0002736,base
C0002737,base
C0002738,base
C0002739,base
C0002740,base
C0002741,base
C0002742,base
C0002743,base
C0002744,base
C0002745,base
C0002746,base
C0002747,base
C0002748,base
C0002749,base
C0002750,base
C0002751,base
C0002752,base
C0002753,base
C0002754,base
C0002755,base
C0002756,base
C0002757,base
C0002758,base
C0002759,base
C0002760,base
C0002761,base
C0002762,base
C0002763,base
C0002764,base
C0002765,base
C0002766,base
C0002767,base
C0002768,base
C0002769,base
C0002770,base
C0002771,base
C0002772,base
C0002773,base
C0002774,base
C0002775,base
C0002776,base
C0002777,base
C0002778,base
C0002779,base
C0002780,ANL-01-R02 / CLN-07-R04 step change
C0002781,base
C0002782,base
C0002783,base
C0002784,base
C0002785,base
C0002786,base
C0002787,base
C0002788,base
C0002789,ANL-01-R02 / CLN-07-R04 step change
C0002790,ANL-01-R02 / CLN-07-R04 step change
C0002791,base
C0002792,base
C0002793,base
C0002794,base
C0002795,base
C0002796,base
C0002797,base
C0002798,base
C0002799,base
C0002800,base
C0002801,base
C0002802,base
C0002803,base
C0002804,base
C0002805,base
C0002806,base
C0002807,base
C0002808,base
C0002809,base
C0002810,base
C0002811,base
C0002812,base
C0002813,base
C0002814,base
C0002815,base
C0002816,ANL-01-R02 / CLN-07-R04 step change
C0002817,base
C0002818,base
C0002819,base
C0002820,base
C0002821,base
C0002822,base
C0002823,base
C0002824,base
C0002825,base
C0002826,base
C0002827,base
C0002828,base
C0002829,base
C0002830,base
C0002831,base
C0002832,base
C0002833,base
C0002834,base
C0002835,base
C0002836,base
C0002837,base
C0002838,base
C0002839,base
C0002840,base
C0002841,base
C0002842,base
C0002843,base
C0002844,base
C0002845,PAY-01-R03 / CLN-05-R03 episode repeat
C0002846,base
C0002847,base
C0002848,base
C0002849,base
C0002850,base
C0002851,base
C0002852,ring
C0002853,base
C0002854,base
C0002855,base
C0002856,base
C0002857,base
C0002858,base
C0002859,ANL-01-R02 / CLN-07-R04 step change
C0002860,ANL-01-R02 / CLN-07-R04 step change
C0002861,ANL-01-R02 / CLN-07-R04 step change
C0002862,base
C0002863,base
C0002864,base
C0002865,base
C0002866,base
C0002867,base
C0002868,base
C0002869,base
C0002870,base
C0002871,base
C0002872,base
C0002873,base
C0002874,base
C0002875,base
C0002876,base
C0002877,base
C0002878,base
C0002879,base
C0002880,base
C0002881,base
C0002882,base
C0002883,base
C0002884,base
C0002885,base
C0002886,base
C0002887,base
C0002888,base
C0002889,base
C0002890,ANL-01-R02 / CLN-07-R04 step change
C0002891,base
C0002892,base
C0002893,base
C0002894,base
C0002895,base
C0002896,base
C0002897,base
C0002898,base
C0002899,base
C0002900,ring
C0002901,ring
C0002902,ring
C0002903,base
C0002904,ANL-01-R02 / CLN-07-R04 step change
C0002905,base
C0002906,base
C0002907,base
C0002908,base
C0002909,base
C0002910,base
C0002911,base
C0002912,base
C0002913,base
C0002914,base
C0002915,base
C0002916,base
C0002917,base
C0002918,base
C0002919,base
C0002920,base
C0002921,base
C0002922,base
C0002923,base
C0002924,ring
C0002925,ring
C0002926,base
C0002927,base
C0002928,ANL-01-R02 / CLN-07-R04 step change
C0002929,base
C0002930,base
C0002931,base
C0002932,base
C0002933,PAY-01-R03 / CLN-05-R03 episode repeat
C0002934,ANL-01-R02 / CLN-07-R04 step change
C0002935,base
C0002936,base
C0002937,base
C0002938,base
C0002939,base
C0002940,base
C0002941,base
C0002942,base
C0002943,base
C0002944,base
C0002945,base
C0002946,base
C0002947,base
C0002948,base
C0002949,base
C0002950,ANL-01-R02 / CLN-07-R04 step change
C0002951,base
C0002952,base
C0002953,base
C0002954,base
C0002955,base
C0002956,base
C0002957,base
C0002958,base
C0002959,base
C0002960,base
C0002961,base
C0002962,base
C0002963,base
C0002964,base
C0002965,base
C0002966,base
C0002967,base
C0002968,base
C0002969,base
C0002970,base
C0002971,base
C0002972,base
C0002973,base
C0002974,base
C0002975,base
C0002976,base
C0002977,base
C0002978,base
C0002979,base
C0002980,ANL-01-R02 / CLN-07-R04 step change
C0002981,base
C0002982,ring
C0002983,ring
C0002984,ring
C0002985,ring
C0002986,base
C0002987,base
C0002988,base
C0002989,base
C0002990,base
C0002991,base
C0002992,base
C0002993,base
C0002994,base
C0002995,base
C0002996,base
C0002997,base
C0002998,base
C0002999,base
C0003000,base
C0003001,base
C0003002,base
C0003003,base
C0003004,base
C0003005,base
C0003006,base
C0003007,base
C0003008,CLN-05-R01 length-of-stay outlier
C0003009,base
C0003010,base
C0003011,base
C0003012,base
C0003013,base
C0003014,base
C0003015,PAY-01-R03 / CLN-05-R03 episode repeat
C0003016,ANL-01-R02 / CLN-07-R04 step change
C0003017,ANL-01-R02 / CLN-07-R04 step change
C0003018,base
C0003019,base
C0003020,base
C0003021,base
C0003022,base
C0003023,base
C0003024,base
C0003025,base
C0003026,base
C0003027,base
C0003028,base
C0003029,base
C0003030,base
C0003031,base
C0003032,base
C0003033,base
C0003034,base
C0003035,base
C0003036,base
C0003037,base
C0003038,base
C0003039,base
C0003040,base
C0003041,base
C0003042,base
C0003043,base
C0003044,base
C0003045,ANL-01-R02 / CLN-07-R04 step change
C0003046,base
C0003047,base
C0003048,base
C0003049,base
C0003050,base
C0003051,base
C0003052,base
C0003053,ANL-01-R02 / CLN-07-R04 step change
C0003054,ANL-01-R02 / CLN-07-R04 step change
C0003055,base
C0003056,base
C0003057,base
C0003058,base
C0003059,base
C0003060,base
C0003061,base
C0003062,base
C0003063,base
C0003064,base
C0003065,base
C0003066,base
C0003067,base
C0003068,base
C0003069,base
C0003070,base
C0003071,base
C0003072,base
C0003073,ANL-01-R02 / CLN-07-R04 step change
C0003074,base
C0003075,base
C0003076,base
C0003077,base
C0003078,base
C0003079,base
C0003080,base
C0003081,base
C0003082,base
C0003083,base
C0003084,base
C0003085,base
C0003086,PAY-01-R03 / CLN-05-R03 episode repeat
C0003087,base
C0003088,base
C0003089,base
C0003090,ANL-01-R02 / CLN-07-R04 step change
C0003091,base
C0003092,base
C0003093,base
C0003094,base
C0003095,base
C0003096,base
C0003097,base
C0003098,base
C0003099,base
C0003100,base
C0003101,base
C0003102,base
C0003103,base
C0003104,base
C0003105,base
C0003106,base
C0003107,PAY-01-R02 near duplicate
C0003108,ANL-01-R02 / CLN-07-R04 step change
C0003109,ANL-01-R02 / CLN-07-R04 step change
C0003110,base
C0003111,base
C0003112,base
C0003113,base
C0003114,base
C0003115,base
C0003116,base
C0003117,base
C0003118,base
C0003119,base
C0003120,base
C0003121,base
C0003122,base
C0003123,PAY-01-R03 / CLN-05-R03 episode repeat
C0003124,base
C0003125,base
C0003126,base
C0003127,base
C0003128,base
C0003129,base
C0003130,base
C0003131,base
C0003132,base
C0003133,base
C0003134,base
C0003135,ANL-01-R02 / CLN-07-R04 step change
C0003136,ANL-01-R02 / CLN-07-R04 step change
C0003137,ANL-01-R02 / CLN-07-R04 step change
C0003138,ring
C0003139,ring
C0003140,ring
C0003141,ANL-01-R02 / CLN-07-R04 step change
C0003142,base
C0003143,base
C0003144,base
C0003145,base
C0003146,base
C0003147,base
C0003148,base
C0003149,base
C0003150,base
C0003151,base
C0003152,base
C0003153,base
C0003154,base
C0003155,base
C0003156,base
C0003157,base
C0003158,base
C0003159,PAY-01-R02 near duplicate
C0003160,base
C0003161,base
C0003162,base
C0003163,base
C0003164,base
C0003165,base
C0003166,base
C0003167,base
C0003168,base
C0003169,base
C0003170,base
C0003171,ANL-01-R02 / CLN-07-R04 step change
C0003172,base
C0003173,base
C0003174,base
C0003175,base
C0003176,base
C0003177,base
C0003178,base
C0003179,base
C0003180,base
C0003181,ring
C0003182,CLN-05-R01 length-of-stay outlier
C0003183,base
C0003184,base
C0003185,base
C0003186,base
C0003187,base
C0003188,base
C0003189,base
C0003190,base
C0003191,base
C0003192,base
C0003193,base
C0003194,base
C0003195,base
C0003196,base
C0003197,base
C0003198,base
C0003199,base
C0003200,base
C0003201,base
C0003202,base
C0003203,base
C0003204,base
C0003205,base
C0003206,base
C0003207,base
C0003208,base
C0003209,base
C0003210,base
C0003211,base
C0003212,base
C0003213,ANL-01-R02 / CLN-07-R04 step change
C0003214,base
C0003215,base
C0003216,base
C0003217,base
C0003218,ANL-01-R02 / CLN-07-R04 step change
C0003219,base
C0003220,base
C0003221,base
C0003222,base
C0003223,base
C0003224,base
C0003225,base
C0003226,base
C0003227,base
C0003228,ANL-01-R02 / CLN-07-R04 step change
C0003229,ANL-01-R02 / CLN-07-R04 step change
C0003230,base
C0003231,base
C0003232,base
C0003233,base
C0003234,base
C0003235,base
C0003236,base
C0003237,base
C0003238,base
C0003239,base
C0003240,base
C0003241,base
C0003242,base
C0003243,base
C0003244,base
C0003245,base
C0003246,base
C0003247,base
C0003248,base
C0003249,ANL-01-R02 / CLN-07-R04 step change
C0003250,ANL-01-R02 / CLN-07-R04 step change
C0003251,base
C0003252,base
C0003253,base
C0003254,base
C0003255,base
C0003256,base
C0003257,base
C0003258,base
C0003259,base
C0003260,base
C0003261,base
C0003262,ANL-01-R02 / CLN-07-R04 step change
C0003263,ANL-01-R02 / CLN-07-R04 step change
C0003264,base
C0003265,base
C0003266,base
C0003267,base
C0003268,base
C0003269,base
C0003270,base
C0003271,base
C0003272,base
C0003273,ANL-01-R02 / CLN-07-R04 step change
C0003274,base
C0003275,base
C0003276,base
C0003277,base
C0003278,ring
C0003279,ring
C0003280,ring
C0003281,base
C0003282,base
C0003283,PAY-01-R03 / CLN-05-R03 episode repeat
C0003284,base
C0003285,base
C0003286,base
C0003287,base
C0003288,base
C0003289,base
C0003290,base
C0003291,base
C0003292,base
C0003293,base
C0003294,base
C0003295,base
C0003296,base
C0003297,base
C0003298,base
C0003299,base
C0003300,base
C0003301,base
C0003302,base
C0003303,PAY-01-R03 / CLN-05-R03 episode repeat
C0003304,PAY-01-R03 / CLN-05-R03 episode repeat
C0003305,ANL-01-R02 / CLN-07-R04 step change
C0003306,base
C0003307,base
C0003308,base
C0003309,base
C0003310,base
C0003311,base
C0003312,base
C0003313,base
C0003314,base
C0003315,base
C0003316,base
C0003317,base
C0003318,base
C0003319,base
C0003320,base
C0003321,base
C0003322,base
C0003323,base
C0003324,base
C0003325,base
C0003326,base
C0003327,base
C0003328,base
C0003329,base
C0003330,base
C0003331,base
C0003332,base
C0003333,base
C0003334,base
C0003335,base
C0003336,base
C0003337,base
C0003338,base
C0003339,base
C0003340,ANL-01-R02 / CLN-07-R04 step change
C0003341,ANL-01-R02 / CLN-07-R04 step change
C0003342,base
C0003343,base
C0003344,base
C0003345,base
C0003346,base
C0003347,base
C0003348,base
C0003349,base
C0003350,base
C0003351,base
C0003352,base
C0003353,base
C0003354,base
C0003355,base
C0003356,base
C0003357,ANL-01-R02 / CLN-07-R04 step change
C0003358,ANL-01-R02 / CLN-07-R04 step change
C0003359,base
C0003360,base
C0003361,base
C0003362,base
C0003363,base
C0003364,base
C0003365,base
C0003366,base
C0003367,base
C0003368,ANL-01-R02 / CLN-07-R04 step change
C0003369,ANL-01-R02 / CLN-07-R04 step change
C0003370,ANL-01-R02 / CLN-07-R04 step change
C0003371,base
C0003372,base
C0003373,base
C0003374,base
C0003375,base
C0003376,base
C0003377,base
C0003378,base
C0003379,ANL-01-R02 / CLN-07-R04 step change
C0003380,base
C0003381,base
C0003382,base
C0003383,base
C0003384,base
C0003385,base
C0003386,base
C0003387,base
C0003388,base
C0003389,base
C0003390,base
C0003391,base
C0003392,ANL-01-R02 / CLN-07-R04 step change
C0003393,ANL-01-R02 / CLN-07-R04 step change
C0003394,base
C0003395,base
C0003396,base
C0003397,base
C0003398,base
C0003399,base
C0003400,base
C0003401,base
C0003402,base
C0003403,base
C0003404,PAY-01-R01 exact duplicate
C0003405,PAY-01-R01 exact duplicate
C0003406,ANL-01-R02 / CLN-07-R04 step change
C0003407,ANL-01-R02 / CLN-07-R04 step change
C0003408,base
C0003409,base
C0003410,base
C0003411,base
C0003412,base
C0003413,base
C0003414,base
C0003415,base
C0003416,base
C0003417,base
C0003418,ANL-01-R02 / CLN-07-R04 step change
C0003419,base
C0003420,base
C0003421,base
C0003422,base
C0003423,base
C0003424,base
C0003425,ring
C0003426,ring
C0003427,ring
C0003428,ring
C0003429,base
C0003430,ANL-01-R02 / CLN-07-R04 step change
C0003431,ANL-01-R02 / CLN-07-R04 step change
C0003432,base
C0003433,base
C0003434,base
C0003435,base
C0003436,base
C0003437,base
C0003438,base
C0003439,base
C0003440,base
C0003441,base
C0003442,base
C0003443,PAY-01-R02 near duplicate
C0003444,base
C0003445,base
C0003446,base
C0003447,base
C0003448,base
C0003449,base
C0003450,base
C0003451,PAY-01-R03 / CLN-05-R03 episode repeat
C0003452,base
C0003453,base
C0003454,base
C0003455,base
C0003456,base
C0003457,base
C0003458,base
C0003459,base
C0003460,base
C0003461,base
C0003462,base
C0003463,base
C0003464,base
C0003465,base
C0003466,base
C0003467,base
C0003468,ring
C0003469,base
C0003470,base
C0003471,base
C0003472,base
C0003473,base
C0003474,base
C0003475,base
C0003476,base
C0003477,PAY-01-R02 near duplicate
C0003478,base
C0003479,base
C0003480,base
C0003481,base
C0003482,base
C0003483,base
C0003484,base
C0003485,base
C0003486,base
C0003487,base
C0003488,base
C0003489,base
C0003490,PAY-01-R03 / CLN-05-R03 episode repeat
C0003491,ANL-01-R02 / CLN-07-R04 step change
C0003492,base
C0003493,base
C0003494,base
C0003495,base
C0003496,base
C0003497,base
C0003498,base
C0003499,ANL-01-R02 / CLN-07-R04 step change
C0003500,ANL-01-R02 / CLN-07-R04 step change
C0003501,base
C0003502,base
C0003503,base
C0003504,base
C0003505,base
C0003506,base
C0003507,base
C0003508,base
C0003509,base
C0003510,base
C0003511,base
C0003512,base
C0003513,base
C0003514,base
C0003515,base
C0003516,base
C0003517,base
C0003518,base
C0003519,base
C0003520,base
C0003521,base
C0003522,ANL-01-R02 / CLN-07-R04 step change
C0003523,ANL-01-R02 / CLN-07-R04 step change
C0003524,base
C0003525,base
C0003526,base
C0003527,base
C0003528,base
C0003529,base
C0003530,base
C0003531,base
C0003532,base
C0003533,base
C0003534,base
C0003535,base
C0003536,base
C0003537,base
C0003538,base
C0003539,base
C0003540,base
C0003541,base
C0003542,base
C0003543,base
C0003544,base
C0003545,base
C0003546,base
C0003547,base
C0003548,base
C0003549,base
C0003550,base
C0003551,base
C0003552,base
C0003553,base
C0003554,base
C0003555,base
C0003556,base
C0003557,base
C0003558,base
C0003559,base
C0003560,ANL-01-R02 / CLN-07-R04 step change
C0003561,base
C0003562,base
C0003563,base
C0003564,base
C0003565,base
C0003566,base
C0003567,base
C0003568,base
C0003569,base
C0003570,base
C0003571,base
C0003572,base
C0003573,base
C0003574,base
C0003575,base
C0003576,base
C0003577,base
C0003578,ANL-01-R02 / CLN-07-R04 step change
C0003579,ANL-01-R02 / CLN-07-R04 step change
C0003580,base
C0003581,base
C0003582,base
C0003583,base
C0003584,base
C0003585,base
C0003586,base
C0003587,base
C0003588,base
C0003589,base
C0003590,base
C0003591,base
C0003592,base
C0003593,base
C0003594,base
C0003595,base
C0003596,base
C0003597,base
C0003598,base
C0003599,base
C0003600,base
C0003601,ANL-01-R02 / CLN-07-R04 step change
C0003602,base
C0003603,base
C0003604,base
C0003605,base
C0003606,base
C0003607,base
C0003608,base
C0003609,base
C0003610,base
C0003611,ANL-01-R02 / CLN-07-R04 step change
C0003612,ANL-01-R02 / CLN-07-R04 step change
C0003613,base
C0003614,base
C0003615,base
C0003616,base
C0003617,base
C0003618,base
C0003619,base
C0003620,base
C0003621,base
C0003622,base
C0003623,base
C0003624,base
C0003625,base
C0003626,base
C0003627,base
C0003628,base
C0003629,base
C0003630,base
C0003631,base
C0003632,base
C0003633,base
C0003634,base
C0003635,base
C0003636,base
C0003637,base
C0003638,base
C0003639,ANL-01-R02 / CLN-07-R04 step change
C0003640,ANL-01-R02 / CLN-07-R04 step change
C0003641,ANL-01-R02 / CLN-07-R04 step change
C0003642,base
C0003643,base
C0003644,base
C0003645,base
C0003646,base
C0003647,base
C0003648,base
C0003649,base
C0003650,base
C0003651,base
C0003652,base
C0003653,base
C0003654,base
C0003655,base
C0003656,base
C0003657,base
C0003658,base
C0003659,base
C0003660,base
C0003661,base
C0003662,base
C0003663,base
C0003664,base
C0003665,base
C0003666,base
C0003667,base
C0003668,base
C0003669,base
C0003670,ANL-01-R02 / CLN-07-R04 step change
C0003671,base
C0003672,base
C0003673,base
C0003674,ANL-01-R02 / CLN-07-R04 step change
C0003675,ANL-01-R02 / CLN-07-R04 step change
C0003676,base
C0003677,base
C0003678,base
C0003679,base
C0003680,base
C0003681,base
C0003682,base
C0003683,base
C0003684,base
C0003685,base
C0003686,base
C0003687,base
C0003688,ANL-01-R02 / CLN-07-R04 step change
C0003689,ANL-01-R02 / CLN-07-R04 step change
C0003690,base
C0003691,base
C0003692,base
C0003693,base
C0003694,base
C0003695,base
C0003696,base
C0003697,ANL-01-R02 / CLN-07-R04 step change
C0003698,ANL-01-R02 / CLN-07-R04 step change
C0003699,ANL-01-R02 / CLN-07-R04 step change
C0003700,base
C0003701,base
C0003702,base
C0003703,base
C0003704,base
C0003705,base
C0003706,base
C0003707,base
C0003708,ANL-01-R02 / CLN-07-R04 step change
C0003709,ANL-01-R02 / CLN-07-R04 step change
C0003710,ANL-01-R02 / CLN-07-R04 step change
C0003711,base
C0003712,base
C0003713,ANL-01-R02 / CLN-07-R04 step change
C0003714,base
C0003715,base
C0003716,base
C0003717,base
C0003718,base
C0003719,base
C0003720,base
C0003721,base
C0003722,ANL-01-R02 / CLN-07-R04 step change
C0003723,base
C0003724,base
C0003725,base
C0003726,base
C0003727,base
C0003728,base
C0003729,base
C0003730,base
C0003731,base
C0003732,base
C0003733,ring
C0003734,ANL-01-R02 / CLN-07-R04 step change
C0003735,base
C0003736,base
C0003737,base
C0003738,base
C0003739,base
C0003740,base
C0003741,base
C0003742,ANL-01-R02 / CLN-07-R04 step change
C0003743,ANL-01-R02 / CLN-07-R04 step change
C0003744,ANL-01-R02 / CLN-07-R04 step change
C0003745,base
C0003746,base
C0003747,base
C0003748,base
C0003749,ring
C0003750,ring
C0003751,ring
C0003752,ANL-01-R02 / CLN-07-R04 step change
C0003753,ANL-01-R02 / CLN-07-R04 step change
C0003754,base
C0003755,base
C0003756,base
C0003757,base
C0003758,base
C0003759,base
C0003760,base
C0003761,base
C0003762,base
C0003763,base
C0003764,base
C0003765,base
C0003766,base
C0003767,base
C0003768,base
C0003769,base
C0003770,base
C0003771,base
C0003772,base
C0003773,base
C0003774,base
C0003775,base
C0003776,base
C0003777,base
C0003778,base
C0003779,ANL-01-R02 / CLN-07-R04 step change
C0003780,base
C0003781,base
C0003782,base
C0003783,base
C0003784,base
C0003785,base
C0003786,base
C0003787,base
C0003788,base
C0003789,base
C0003790,base
C0003791,base
C0003792,base
C0003793,base
C0003794,base
C0003795,base
C0003796,base
C0003797,base
C0003798,base
C0003799,base
C0003800,base
C0003801,base
C0003802,base
C0003803,ANL-01-R02 / CLN-07-R04 step change
C0003804,base
C0003805,base
C0003806,base
C0003807,base
C0003808,base
C0003809,base
C0003810,base
C0003811,base
C0003812,base
C0003813,base
C0003814,base
C0003815,base
C0003816,base
C0003817,base
C0003818,base
C0003819,base
C0003820,base
C0003821,base
C0003822,base
C0003823,base
C0003824,base
C0003825,base
C0003826,base
C0003827,base
C0003828,base
C0003829,ANL-01-R02 / CLN-07-R04 step change
C0003830,base
C0003831,base
C0003832,base
C0003833,base
C0003834,base
C0003835,base
C0003836,base
C0003837,base
C0003838,base
C0003839,base
C0003840,base
C0003841,base
C0003842,base
C0003843,base
C0003844,base
C0003845,base
C0003846,PAY-06-R02 amount arithmetic
C0003847,ANL-01-R02 / CLN-07-R04 step change
C0003848,base
C0003849,base
C0003850,base
C0003851,base
C0003852,base
C0003853,base
C0003854,base
C0003855,base
C0003856,ANL-01-R02 / CLN-07-R04 step change
C0003857,ANL-01-R02 / CLN-07-R04 step change
C0003858,base
C0003859,base
C0003860,ring
C0003861,base
C0003862,base
C0003863,ANL-01-R02 / CLN-07-R04 step change
C0003864,base
C0003865,base
C0003866,base
C0003867,base
C0003868,base
C0003869,ANL-01-R02 / CLN-07-R04 step change
C0003870,ANL-01-R02 / CLN-07-R04 step change
C0003871,base
C0003872,base
C0003873,base
C0003874,ANL-01-R02 / CLN-07-R04 step change
C0003875,base
C0003876,base
C0003877,base
C0003878,base
C0003879,base
C0003880,base
C0003881,base
C0003882,ANL-01-R02 / CLN-07-R04 step change
C0003883,base
C0003884,base
C0003885,base
C0003886,base
C0003887,base
C0003888,base
C0003889,base
C0003890,ANL-01-R02 / CLN-07-R04 step change
C0003891,base
C0003892,base
C0003893,base
C0003894,base
C0003895,base
C0003896,base
C0003897,base
C0003898,base
C0003899,base
C0003900,base
C0003901,base
C0003902,base
C0003903,base
C0003904,base
C0003905,base
C0003906,base
C0003907,base
C0003908,base
C0003909,base
C0003910,base
C0003911,base
C0003912,base
C0003913,ANL-01-R02 / CLN-07-R04 step change
C0003914,base
C0003915,base
C0003916,base
C0003917,base
C0003918,base
C0003919,ANL-01-R02 / CLN-07-R04 step change
C0003920,base
C0003921,base
C0003922,ANL-01-R02 / CLN-07-R04 step change
C0003923,base
C0003924,base
C0003925,base
C0003926,base
C0003927,base
C0003928,base
C0003929,base
C0003930,base
C0003931,ANL-01-R02 / CLN-07-R04 step change
C0003932,ANL-01-R02 / CLN-07-R04 step change
C0003933,ANL-01-R02 / CLN-07-R04 step change
C0003934,base
C0003935,base
C0003936,base
C0003937,base
C0003938,base
C0003939,base
C0003940,base
C0003941,base
C0003942,base
C0003943,base
C0003944,ANL-01-R02 / CLN-07-R04 step change
C0003945,ANL-01-R02 / CLN-07-R04 step change
C0003946,ANL-01-R02 / CLN-07-R04 step change
C0003947,base
C0003948,base
C0003949,base
C0003950,base
C0003951,base
C0003952,base
C0003953,base
C0003954,base
C0003955,base
C0003956,base
C0003957,base
C0003958,base
C0003959,base
C0003960,base
C0003961,base
C0003962,ANL-01-R02 / CLN-07-R04 step change
C0003963,ANL-01-R02 / CLN-07-R04 step change
C0003964,base
C0003965,base
C0003966,base
C0003967,base
C0003968,base
C0003969,base
C0003970,base
C0003971,base
C0003972,base
C0003973,base
C0003974,base
C0003975,base
C0003976,base
C0003977,ANL-01-R02 / CLN-07-R04 step change
C0003978,base
C0003979,base
C0003980,base
C0003981,base
C0003982,base
C0003983,base
C0003984,base
C0003985,base
C0003986,base
C0003987,base
C0003988,base
C0003989,base
C0003990,base
C0003991,base
C0003992,base
C0003993,base
C0003994,base
C0003995,ANL-01-R02 / CLN-07-R04 step change
C0003996,base
C0003997,base
C0003998,base
C0003999,base
C0004000,ANL-01-R02 / CLN-07-R04 step change
C0004001,ANL-01-R02 / CLN-07-R04 step change
C0004002,ANL-01-R02 / CLN-07-R04 step change
C0004003,base
C0004004,base
C0004005,base
C0004006,base
C0004007,base
C0004008,ANL-01-R02 / CLN-07-R04 step change
C0004009,base
C0004010,base
C0004011,base
C0004012,base
C0004013,base
C0004014,base
C0004015,base
C0004016,base
C0004017,base
C0004018,base
C0004019,base
C0004020,base
C0004021,base
C0004022,base
C0004023,base
C0004024,base
C0004025,ANL-01-R02 / CLN-07-R04 step change
C0004026,ANL-01-R02 / CLN-07-R04 step change
C0004027,ANL-01-R02 / CLN-07-R04 step change
C0004028,base
C0004029,base
C0004030,ANL-01-R02 / CLN-07-R04 step change
C0004031,ANL-01-R02 / CLN-07-R04 step change
C0004032,base
C0004033,base
C0004034,base
C0004035,base
C0004036,ANL-01-R02 / CLN-07-R04 step change
C0004037,base
C0004038,base
C0004039,base
C0004040,ring
C0004041,ring
C0004042,ring
C0004043,base
C0004044,base
C0004045,base
C0004046,base
C0004047,base
C0004048,base
C0004049,base
C0004050,ANL-01-R02 / CLN-07-R04 step change
C0004051,ANL-01-R02 / CLN-07-R04 step change
C0004052,base
C0004053,base
C0004054,base
C0004055,base
C0004056,base
C0004057,base
C0004058,base
C0004059,base
C0004060,base
C0004061,base
C0004062,base
C0004063,base
C0004064,base
C0004065,base
C0004066,ANL-01-R02 / CLN-07-R04 step change
C0004067,ANL-01-R02 / CLN-07-R04 step change
C0004068,base
C0004069,base
C0004070,base
C0004071,base
C0004072,base
C0004073,base
C0004074,base
C0004075,base
C0004076,base
C0004077,base
C0004078,base
C0004079,base
C0004080,CLN-05-R01 length-of-stay outlier
C0004081,base
C0004082,base
C0004083,base
C0004084,base
C0004085,base
C0004086,base
C0004087,base
C0004088,base
C0004089,base
C0004090,base
C0004091,base
C0004092,base
C0004093,base
C0004094,base
C0004095,base
C0004096,base
C0004097,base
C0004098,base
C0004099,base
C0004100,base
C0004101,base
C0004102,base
C0004103,base
C0004104,base
C0004105,ANL-01-R02 / CLN-07-R04 step change
C0004106,ANL-01-R02 / CLN-07-R04 step change
C0004107,base
C0004108,base
C0004109,base
C0004110,base
C0004111,base
C0004112,base
C0004113,base
C0004114,base
C0004115,base
C0004116,base
C0004117,base
C0004118,base
C0004119,base
C0004120,base
C0004121,ANL-01-R02 / CLN-07-R04 step change
C0004122,base
C0004123,base
C0004124,base
C0004125,base
C0004126,base
C0004127,base
C0004128,base
C0004129,base
C0004130,base
C0004131,base
C0004132,base
C0004133,base
C0004134,base
C0004135,base
C0004136,base
C0004137,base
C0004138,base
C0004139,base
C0004140,ANL-01-R02 / CLN-07-R04 step change
C0004141,base
C0004142,base
C0004143,base
C0004144,base
C0004145,base
C0004146,base
C0004147,base
C0004148,base
C0004149,base
C0004150,base
C0004151,base
C0004152,base
C0004153,base
C0004154,base
C0004155,base
C0004156,base
C0004157,base
C0004158,base
C0004159,base
C0004160,base
C0004161,base
C0004162,base
C0004163,base
C0004164,base
C0004165,base
C0004166,base
C0004167,base
C0004168,ANL-01-R02 / CLN-07-R04 step change
C0004169,base
C0004170,base
C0004171,base
C0004172,base
C0004173,base
C0004174,base
C0004175,base
C0004176,base
C0004177,base
C0004178,base
C0004179,base
C0004180,ANL-01-R02 / CLN-07-R04 step change
C0004181,ANL-01-R02 / CLN-07-R04 step change
C0004182,ANL-01-R02 / CLN-07-R04 step change
C0004183,base
C0004184,base
C0004185,base
C0004186,base
C0004187,base
C0004188,CLN-07-R02 capacity breach
C0004189,CLN-07-R02 capacity breach
C0004190,ANL-01-R02 / CLN-07-R04 step change
C0004191,ANL-01-R02 / CLN-07-R04 step change
C0004192,ANL-01-R02 / CLN-07-R04 step change
C0004193,base
C0004194,base
C0004195,base
C0004196,base
C0004197,base
C0004198,base
C0004199,base
C0004200,base
C0004201,base
C0004202,base
C0004203,base
C0004204,base
C0004205,base
C0004206,base
C0004207,PAY-01-R01 exact duplicate
C0004208,PAY-01-R01 exact duplicate
C0004209,CLN-07-R02 capacity breach
C0004210,CLN-07-R02 capacity breach
C0004211,ANL-01-R02 / CLN-07-R04 step change
C0004212,base
C0004213,base
C0004214,base
C0004215,base
C0004216,base
C0004217,base
C0004218,base
C0004219,base
C0004220,base
C0004221,base
C0004222,base
C0004223,base
C0004224,base
C0004225,PAY-01-R02 near duplicate
C0004226,CLN-07-R02 capacity breach
C0004227,CLN-07-R02 capacity breach
C0004228,CLN-07-R02 capacity breach
C0004229,CLN-07-R02 capacity breach
C0004230,CLN-07-R02 capacity breach
C0004231,CLN-07-R02 capacity breach
C0004232,ANL-01-R02 / CLN-07-R04 step change
C0004233,base
C0004234,base
C0004235,base
C0004236,base
C0004237,base
C0004238,base
C0004239,base
C0004240,base
C0004241,base
C0004242,base
C0004243,base
C0004244,base
C0004245,base
C0004246,CLN-07-R02 capacity breach
C0004247,CLN-07-R02 capacity breach
C0004248,ANL-01-R02 / CLN-07-R04 step change
C0004249,ANL-01-R02 / CLN-07-R04 step change
C0004250,ANL-01-R02 / CLN-07-R04 step change
C0004251,base
C0004252,base
C0004253,base
C0004254,base
C0004255,PAY-01-R02 near duplicate
C0004256,CLN-07-R02 capacity breach
C0004257,CLN-07-R02 capacity breach
C0004258,CLN-07-R02 capacity breach
C0004259,CLN-07-R02 capacity breach
C0004260,CLN-07-R02 capacity breach
C0004261,CLN-07-R02 capacity breach
C0004262,CLN-07-R02 capacity breach
C0004263,CLN-07-R02 capacity breach
C0004264,CLN-07-R02 capacity breach
C0004265,CLN-07-R02 capacity breach
C0004266,ANL-01-R02 / CLN-07-R04 step change
C0004267,ANL-01-R02 / CLN-07-R04 step change
C0004268,base
C0004269,base
C0004270,base
C0004271,base
C0004272,base
C0004273,CLN-07-R02 capacity breach
C0004274,CLN-07-R02 capacity breach
C0004275,CLN-07-R02 capacity breach
C0004276,CLN-07-R02 capacity breach
C0004277,ANL-01-R02 / CLN-07-R04 step change
C0004278,CLN-07-R02 capacity breach
C0004279,CLN-07-R02 capacity breach
C0004280,CLN-07-R02 capacity breach
C0004281,CLN-07-R02 capacity breach
C0004282,CLN-07-R02 capacity breach
C0004283,CLN-07-R02 capacity breach
C0004284,CLN-07-R02 capacity breach
C0004285,CLN-07-R02 capacity breach
C0004286,ANL-01-R02 / CLN-07-R04 step change
C0004287,base
C0004288,base
C0004289,base
C0004290,base
C0004291,base
C0004292,base
C0004293,base
C0004294,base
C0004295,base
C0004296,base
C0004297,base
C0004298,base
C0004299,base
C0004300,base
C0004301,base
C0004302,base
C0004303,base
C0004304,base
C0004305,base
C0004306,base
C0004307,CLN-07-R02 capacity breach
C0004308,CLN-07-R02 capacity breach
C0004309,CLN-07-R02 capacity breach
C0004310,CLN-07-R02 capacity breach
C0004311,ANL-01-R02 / CLN-07-R04 step change
C0004312,base
C0004313,base
C0004314,base
C0004315,base
C0004316,base
C0004317,base
C0004318,base
C0004319,base
C0004320,base
C0004321,base
C0004322,base
C0004323,base
C0004324,CLN-07-R02 capacity breach
C0004325,CLN-07-R02 capacity breach
C0004326,CLN-07-R02 capacity breach
C0004327,CLN-07-R02 capacity breach
C0004328,CLN-07-R02 capacity breach
C0004329,ANL-01-R02 / CLN-07-R04 step change
C0004330,ANL-01-R02 / CLN-07-R04 step change
C0004331,ANL-01-R02 / CLN-07-R04 step change
C0004332,ANL-01-R02 / CLN-07-R04 step change
C0004333,base
C0004334,base
C0004335,base
C0004336,ring
C0004337,ring
C0004338,base
C0004339,base
C0004340,base
C0004341,base
C0004342,base
C0004343,base
C0004344,base
C0004345,base
C0004346,CLN-07-R02 capacity breach
C0004347,CLN-07-R02 capacity breach
C0004348,CLN-07-R02 capacity breach
C0004349,CLN-07-R02 capacity breach
C0004350,CLN-07-R02 capacity breach
C0004351,CLN-07-R02 capacity breach
C0004352,CLN-07-R02 capacity breach
C0004353,CLN-07-R02 capacity breach
C0004354,CLN-07-R02 capacity breach
C0004355,CLN-07-R02 capacity breach
C0004356,ANL-01-R02 / CLN-07-R04 step change
C0004357,ANL-01-R02 / CLN-07-R04 step change
C0004358,ANL-01-R02 / CLN-07-R04 step change
C0004359,base
C0004360,base
C0004361,base
C0004362,base
C0004363,base
C0004364,base
C0004365,base
C0004366,base
C0004367,CLN-05-R01 length-of-stay outlier
C0004368,CLN-07-R02 capacity breach
C0004369,CLN-07-R02 capacity breach
C0004370,CLN-07-R02 capacity breach
C0004371,CLN-07-R02 capacity breach
C0004372,CLN-07-R02 capacity breach
C0004373,CLN-07-R02 capacity breach
C0004374,CLN-07-R02 capacity breach
C0004375,CLN-07-R02 capacity breach
C0004376,CLN-07-R02 capacity breach
C0004377,ANL-01-R02 / CLN-07-R04 step change
C0004378,ANL-01-R02 / CLN-07-R04 step change
C0004379,base
C0004380,base
C0004381,base
C0004382,base
C0004383,base
C0004384,base
C0004385,base
C0004386,ANL-01-R02 / CLN-07-R04 step change
C0004387,ANL-01-R02 / CLN-07-R04 step change
C0004388,ANL-01-R02 / CLN-07-R04 step change
C0004389,base
C0004390,base
C0004391,base
C0004392,base
C0004393,ANL-01-R02 / CLN-07-R04 step change
C0004394,base
C0004395,ANL-01-R02 / CLN-07-R04 step change
C0004396,base
C0004397,base
C0004398,base
C0004399,ANL-01-R02 / CLN-07-R04 step change
C0004400,ANL-01-R02 / CLN-07-R04 step change
C0004401,base
C0004402,base
C0004403,base
C0004404,ring
C0004405,ring
C0004406,base
C0004407,base
C0004408,ring
C0004409,base
C0004410,base
C0004411,base
C0004412,base
C0004413,base
C0004414,base
C0004415,base
C0004416,base
C0004417,base
C0004418,base
C0004419,base
C0004420,base
C0004421,ANL-01-R02 / CLN-07-R04 step change
C0004422,base
C0004423,base
C0004424,base
C0004425,base
C0004426,base
C0004427,base
C0004428,base
C0004429,base
C0004430,ANL-01-R02 / CLN-07-R04 step change
C0004431,ANL-01-R02 / CLN-07-R04 step change
C0004432,base
C0004433,base
C0004434,base
C0004435,base
C0004436,base
C0004437,base
C0004438,base
C0004439,base
C0004440,base
C0004441,base
C0004442,base
C0004443,base
C0004444,base
C0004445,base
C0004446,base
C0004447,base
C0004448,base
C0004449,base
C0004450,base
C0004451,base
C0004452,ANL-01-R02 / CLN-07-R04 step change
C0004453,ANL-01-R02 / CLN-07-R04 step change
C0004454,base
C0004455,base
C0004456,base
C0004457,base
C0004458,base
C0004459,base
C0004460,base
C0004461,base
C0004462,base
C0004463,base
C0004464,ANL-01-R02 / CLN-07-R04 step change
C0004465,ANL-01-R02 / CLN-07-R04 step change
C0004466,base
C0004467,base
C0004468,base
C0004469,base
C0004470,base
C0004471,base
C0004472,base
C0004473,base
C0004474,base
C0004475,base
C0004476,base
C0004477,base
C0004478,base
C0004479,base
C0004480,base
C0004481,base
C0004482,base
C0004483,base
C0004484,PAY-01-R03 / CLN-05-R03 episode repeat
C0004485,ANL-01-R02 / CLN-07-R04 step change
C0004486,ANL-01-R02 / CLN-07-R04 step change
C0004487,ANL-01-R02 / CLN-07-R04 step change
C0004488,ANL-01-R02 / CLN-07-R04 step change
C0004489,base
C0004490,base
C0004491,base
C0004492,base
C0004493,base
C0004494,base
C0004495,base
C0004496,base
C0004497,base
C0004498,base
C0004499,ANL-01-R02 / CLN-07-R04 step change
C0004500,ANL-01-R02 / CLN-07-R04 step change
C0004501,base
C0004502,base
C0004503,base
C0004504,base
C0004505,base
C0004506,base
C0004507,base
C0004508,base
C0004509,base
C0004510,base
C0004511,base
C0004512,base
C0004513,ANL-01-R02 / CLN-07-R04 step change
C0004514,ANL-01-R02 / CLN-07-R04 step change
C0004515,ANL-01-R02 / CLN-07-R04 step change
C0004516,base
C0004517,base
C0004518,base
C0004519,base
C0004520,base
C0004521,ANL-01-R02 / CLN-07-R04 step change
C0004522,ANL-01-R02 / CLN-07-R04 step change
C0004523,ANL-01-R02 / CLN-07-R04 step change
C0004524,base
C0004525,base
C0004526,base
C0004527,base
C0004528,base
C0004529,base
C0004530,base
C0004531,ANL-01-R02 / CLN-07-R04 step change
C0004532,base
C0004533,base
C0004534,base
C0004535,base
C0004536,ANL-01-R02 / CLN-07-R04 step change
C0004537,base
C0004538,base
C0004539,base
C0004540,base
C0004541,base
C0004542,base
C0004543,base
C0004544,base
C0004545,ANL-01-R02 / CLN-07-R04 step change
C0004546,base
C0004547,base
C0004548,base
C0004549,base
C0004550,base
C0004551,base
C0004552,ANL-01-R02 / CLN-07-R04 step change
C0004553,ANL-01-R02 / CLN-07-R04 step change
C0004554,ANL-01-R02 / CLN-07-R04 step change
C0004555,base
C0004556,base
C0004557,base
C0004558,base
C0004559,base
C0004560,base
C0004561,base
C0004562,base
C0004563,base
C0004564,ANL-01-R02 / CLN-07-R04 step change
C0004565,ANL-01-R02 / CLN-07-R04 step change
C0004566,ANL-01-R02 / CLN-07-R04 step change
C0004567,base
C0004568,ANL-01-R02 / CLN-07-R04 step change
C0004569,ring
C0004570,ring
C0004571,ring
C0004572,ring
C0004573,base
C0004574,base
C0004575,base
C0004576,base
C0004577,base
C0004578,base
C0004579,ANL-01-R02 / CLN-07-R04 step change
C0004580,ANL-01-R02 / CLN-07-R04 step change
C0004581,ANL-01-R02 / CLN-07-R04 step change
C0004582,base
C0004583,base
C0004584,base
C0004585,base
C0004586,base
C0004587,base
C0004588,base
C0004589,base
C0004590,base
C0004591,base
C0004592,base
C0004593,base
C0004594,base
C0004595,ANL-01-R02 / CLN-07-R04 step change
C0004596,base
C0004597,base
C0004598,base
C0004599,base
C0004600,base
C0004601,base
C0004602,base
C0004603,base
C0004604,base
C0004605,base
C0004606,base
C0004607,base
C0004608,base
C0004609,base
C0004610,base
C0004611,base
C0004612,ANL-01-R02 / CLN-07-R04 step change
C0004613,ANL-01-R02 / CLN-07-R04 step change
C0004614,base
C0004615,base
C0004616,base
C0004617,base
C0004618,base
C0004619,base
C0004620,base
C0004621,base
C0004622,base
C0004623,base
C0004624,ring
C0004625,ring
C0004626,ring
C0004627,base
C0004628,base
C0004629,base
C0004630,base
C0004631,base
C0004632,base
C0004633,ANL-01-R02 / CLN-07-R04 step change
C0004634,ANL-01-R02 / CLN-07-R04 step change
C0004635,base
C0004636,base
C0004637,base
C0004638,base
C0004639,base
C0004640,base
C0004641,base
C0004642,base
C0004643,base
C0004644,base
C0004645,base
C0004646,base
C0004647,PAY-01-R03 / CLN-05-R03 episode repeat
C0004648,ANL-01-R02 / CLN-07-R04 step change
C0004649,ANL-01-R02 / CLN-07-R04 step change
C0004650,ANL-01-R02 / CLN-07-R04 step change
C0004651,base
C0004652,base
C0004653,base
C0004654,base
C0004655,base
C0004656,base
C0004657,base
C0004658,ANL-01-R02 / CLN-07-R04 step change
C0004659,base
C0004660,base
C0004661,base
C0004662,base
C0004663,base
C0004664,base
C0004665,base
C0004666,base
C0004667,base
C0004668,base
C0004669,base
C0004670,base
C0004671,base
C0004672,base
C0004673,base
C0004674,base
C0004675,ANL-01-R02 / CLN-07-R04 step change
C0004676,ANL-01-R02 / CLN-07-R04 step change
C0004677,base
C0004678,base
C0004679,base
C0004680,base
C0004681,base
C0004682,base
C0004683,base
C0004684,base
C0004685,base
C0004686,base
C0004687,base
C0004688,base
C0004689,base
C0004690,base
C0004691,base
C0004692,base
C0004693,base
C0004694,ANL-01-R02 / CLN-07-R04 step change
C0004695,base
C0004696,base
C0004697,base
C0004698,base
C0004699,base
C0004700,base
C0004701,base
C0004702,ANL-01-R02 / CLN-07-R04 step change
C0004703,ANL-01-R02 / CLN-07-R04 step change
C0004704,ANL-01-R02 / CLN-07-R04 step change
C0004705,base
C0004706,base
C0004707,base
C0004708,base
C0004709,base
C0004710,base
C0004711,base
C0004712,base
C0004713,base
C0004714,ANL-01-R02 / CLN-07-R04 step change
C0004715,base
C0004716,base
C0004717,base
C0004718,ANL-01-R02 / CLN-07-R04 step change
C0004719,base
C0004720,base
C0004721,base
C0004722,base
C0004723,base
C0004724,base
C0004725,base
C0004726,base
C0004727,ANL-01-R02 / CLN-07-R04 step change
C0004728,ANL-01-R02 / CLN-07-R04 step change
C0004729,base
C0004730,base
C0004731,base
C0004732,base
C0004733,base
C0004734,ANL-01-R02 / CLN-07-R04 step change
C0004735,ANL-01-R02 / CLN-07-R04 step change
C0004736,ANL-01-R02 / CLN-07-R04 step change
C0004737,base
C0004738,base
C0004739,base
C0004740,base
C0004741,base
C0004742,base
C0004743,base
C0004744,base
C0004745,base
C0004746,base
C0004747,base
C0004748,base
C0004749,base
C0004750,base
C0004751,base
C0004752,base
C0004753,base
C0004754,base
C0004755,base
C0004756,base
C0004757,base
C0004758,base
C0004759,base
C0004760,base
C0004761,base
C0004762,PAY-01-R03 / CLN-05-R03 episode repeat
C0004763,ANL-01-R02 / CLN-07-R04 step change
C0004764,ANL-01-R02 / CLN-07-R04 step change
C0004765,ANL-01-R02 / CLN-07-R04 step change
C0004766,ANL-01-R02 / CLN-07-R04 step change
C0004767,base
C0004768,base
C0004769,base
C0004770,base
C0004771,base
C0004772,base
C0004773,base
C0004774,base
C0004775,base
C0004776,base
C0004777,base
C0004778,base
C0004779,base
C0004780,PAY-01-R03 / CLN-05-R03 episode repeat
C0004781,base
C0004782,base
C0004783,base
C0004784,base
C0004785,base
C0004786,base
C0004787,ANL-01-R02 / CLN-07-R04 step change
C0004788,ANL-01-R02 / CLN-07-R04 step change
C0004789,ANL-01-R02 / CLN-07-R04 step change
C0004790,base
C0004791,base
C0004792,base
C0004793,base
C0004794,base
C0004795,ANL-01-R02 / CLN-07-R04 step change
C0004796,ANL-01-R02 / CLN-07-R04 step change
C0004797,ANL-01-R02 / CLN-07-R04 step change
C0004798,ANL-01-R02 / CLN-07-R04 step change
C0004799,base
C0004800,base
C0004801,base
C0004802,base
C0004803,base
C0004804,base
C0004805,base
C0004806,base
C0004807,base
C0004808,base
C0004809,base
C0004810,base
C0004811,base
C0004812,base
C0004813,base
C0004814,base
C0004815,base
C0004816,base
C0004817,base
C0004818,base
C0004819,base
C0004820,base
C0004821,base
C0004822,base
C0004823,base
C0004824,base
C0004825,base
C0004826,base
C0004827,base
C0004828,base
C0004829,base
C0004830,ANL-01-R02 / CLN-07-R04 step change
C0004831,base
C0004832,base
C0004833,base
C0004834,base
C0004835,base
C0004836,base
C0004837,base
C0004838,base
C0004839,base
C0004840,ANL-01-R02 / CLN-07-R04 step change
C0004841,ANL-01-R02 / CLN-07-R04 step change
C0004842,ANL-01-R02 / CLN-07-R04 step change
C0004843,ANL-01-R02 / CLN-07-R04 step change
C0004844,base
C0004845,base
C0004846,base
C0004847,base
C0004848,base
C0004849,base
C0004850,base
C0004851,base
C0004852,base
C0004853,base
C0004854,base
C0004855,base
C0004856,base
C0004857,base
C0004858,base
C0004859,base
C0004860,base
C0004861,base
C0004862,ANL-01-R02 / CLN-07-R04 step change
C0004863,ANL-01-R02 / CLN-07-R04 step change
C0004864,ANL-01-R02 / CLN-07-R04 step change
C0004865,base
C0004866,base
C0004867,base
C0004868,base
C0004869,base
C0004870,ring
C0004871,base
C0004872,base
C0004873,base
C0004874,base
C0004875,base
C0004876,base
C0004877,base
C0004878,ANL-01-R02 / CLN-07-R04 step change
C0004879,base
C0004880,base
C0004881,base
C0004882,base
C0004883,base
C0004884,base
C0004885,base
C0004886,base
C0004887,ANL-01-R02 / CLN-07-R04 step change
C0004888,base
C0004889,base
C0004890,base
C0004891,ANL-01-R02 / CLN-07-R04 step change
C0004892,ANL-01-R02 / CLN-07-R04 step change
C0004893,ANL-01-R02 / CLN-07-R04 step change
C0004894,ANL-01-R02 / CLN-07-R04 step change
C0004895,ANL-01-R02 / CLN-07-R04 step change
C0004896,base
C0004897,base
C0004898,base
C0004899,base
C0004900,base
C0004901,base
C0004902,base
C0004903,base
C0004904,base
C0004905,base
C0004906,base
C0004907,base
C0004908,base
C0004909,ANL-01-R02 / CLN-07-R04 step change
C0004910,ANL-01-R02 / CLN-07-R04 step change
C0004911,ANL-01-R02 / CLN-07-R04 step change
C0004912,base
C0004913,base
C0004914,base
C0004915,base
C0004916,base
C0004917,base
C0004918,base
C0004919,base
C0004920,base
C0004921,base
C0004922,base
C0004923,base
C0004924,base
C0004925,base
C0004926,base
C0004927,base
C0004928,base
C0004929,base
C0004930,base
C0004931,base
C0004932,base
C0004933,base
C0004934,ANL-01-R02 / CLN-07-R04 step change
C0004935,base
C0004936,base
C0004937,base
C0004938,base
C0004939,base
C0004940,base
C0004941,base
C0004942,base
C0004943,base
C0004944,base
C0004945,ANL-01-R02 / CLN-07-R04 step change
C0004946,base
C0004947,base
C0004948,base
C0004949,base
C0004950,base
C0004951,base
C0004952,base
C0004953,base
C0004954,base
C0004955,base
C0004956,base
C0004957,base
C0004958,ANL-01-R02 / CLN-07-R04 step change
C0004959,ANL-01-R02 / CLN-07-R04 step change
C0004960,base
C0004961,base
C0004962,base
C0004963,base
C0004964,base
C0004965,base
C0004966,base
C0004967,ANL-01-R02 / CLN-07-R04 step change
C0004968,ANL-01-R02 / CLN-07-R04 step change
C0004969,ANL-01-R02 / CLN-07-R04 step change
C0004970,ANL-01-R02 / CLN-07-R04 step change
C0004971,base
C0004972,base
C0004973,base
C0004974,base
C0004975,base
C0004976,ANL-01-R02 / CLN-07-R04 step change
C0004977,ANL-01-R02 / CLN-07-R04 step change
C0004978,ANL-01-R02 / CLN-07-R04 step change
C0004979,base
C0004980,base
C0004981,base
C0004982,base
C0004983,base
C0004984,base
C0004985,base
C0004986,base
C0004987,base
C0004988,base
C0004989,base
C0004990,base
C0004991,base
C0004992,base
C0004993,base
C0004994,base
C0004995,base
C0004996,base
C0004997,base
C0004998,base
C0004999,ANL-01-R02 / CLN-07-R04 step change
C0005000,ANL-01-R02 / CLN-07-R04 step change
C0005001,base
C0005002,base
C0005003,base
C0005004,base
C0005005,base
C0005006,base
C0005007,base
C0005008,base
C0005009,PAY-01-R03 / CLN-05-R03 episode repeat
C0005010,ANL-01-R02 / CLN-07-R04 step change
C0005011,ANL-01-R02 / CLN-07-R04 step change
C0005012,ANL-01-R02 / CLN-07-R04 step change
C0005013,ANL-01-R02 / CLN-07-R04 step change
C0005014,base
C0005015,base
C0005016,base
C0005017,base
C0005018,base
C0005019,base
C0005020,base
C0005021,base
C0005022,base
C0005023,base
C0005024,base
C0005025,base
C0005026,ring
C0005027,ring
C0005028,base
C0005029,base
C0005030,base
C0005031,base
C0005032,base
C0005033,base
C0005034,base
C0005035,ANL-01-R02 / CLN-07-R04 step change
C0005036,ANL-01-R02 / CLN-07-R04 step change
C0005037,ANL-01-R02 / CLN-07-R04 step change
C0005038,base
C0005039,base
C0005040,base
C0005041,base
C0005042,ring
C0005043,ring
C0005044,ring
C0005045,ANL-01-R02 / CLN-07-R04 step change
C0005046,ANL-01-R02 / CLN-07-R04 step change
C0005047,base
C0005048,base
C0005049,base
C0005050,base
C0005051,ring
C0005052,ring
C0005053,base
C0005054,base
C0005055,base
C0005056,ANL-01-R02 / CLN-07-R04 step change
C0005057,ANL-01-R02 / CLN-07-R04 step change
C0005058,base
C0005059,base
C0005060,base
C0005061,base
C0005062,base
C0005063,base
C0005064,base
C0005065,CLN-05-R01 length-of-stay outlier
C0005066,ANL-01-R02 / CLN-07-R04 step change
C0005067,ANL-01-R02 / CLN-07-R04 step change
C0005068,ANL-01-R02 / CLN-07-R04 step change
C0005069,base
C0005070,base
C0005071,base
C0005072,base
C0005073,base
C0005074,base
C0005075,base
C0005076,base
C0005077,ANL-01-R02 / CLN-07-R04 step change
C0005078,ANL-01-R02 / CLN-07-R04 step change
C0005079,base
C0005080,base
C0005081,base
C0005082,base
C0005083,base
C0005084,base
C0005085,base
C0005086,base
C0005087,base
C0005088,base
C0005089,base
C0005090,base
C0005091,base
C0005092,base
C0005093,base
C0005094,base
C0005095,base
C0005096,base
C0005097,base
C0005098,base
C0005099,base
C0005100,base
C0005101,CLN-05-R01 length-of-stay outlier
C0005102,ANL-01-R02 / CLN-07-R04 step change
C0005103,ANL-01-R02 / CLN-07-R04 step change
C0005104,base
C0005105,base
C0005106,base
C0005107,ANL-01-R02 / CLN-07-R04 step change
C0005108,ANL-01-R02 / CLN-07-R04 step change
C0005109,ANL-01-R02 / CLN-07-R04 step change
C0005110,base
C0005111,base
C0005112,base
C0005113,base
C0005114,base
C0005115,base
C0005116,base
C0005117,base
C0005118,base
C0005119,base
C0005120,base
C0005121,base
C0005122,base
C0005123,base
C0005124,ANL-01-R02 / CLN-07-R04 step change
C0005125,ANL-01-R02 / CLN-07-R04 step change
C0005126,base
C0005127,base
C0005128,base
C0005129,base
C0005130,base
C0005131,base
C0005132,base
C0005133,base
C0005134,base
C0005135,base
C0005136,base
C0005137,base
C0005138,base
C0005139,base
C0005140,ANL-01-R02 / CLN-07-R04 step change
C0005141,ANL-01-R02 / CLN-07-R04 step change
C0005142,base
C0005143,base
C0005144,base
C0005145,base
C0005146,base
C0005147,base
C0005148,ANL-01-R02 / CLN-07-R04 step change
C0005149,ANL-01-R02 / CLN-07-R04 step change
C0005150,ANL-01-R02 / CLN-07-R04 step change
C0005151,ANL-01-R02 / CLN-07-R04 step change
C0005152,base
C0005153,base
C0005154,ring
C0005155,ring
C0005156,base
C0005157,base
C0005158,base
C0005159,ANL-01-R02 / CLN-07-R04 step change
C0005160,ANL-01-R02 / CLN-07-R04 step change
C0005161,ANL-01-R02 / CLN-07-R04 step change
C0005162,ANL-01-R02 / CLN-07-R04 step change
C0005163,ANL-01-R02 / CLN-07-R04 step change
C0005164,base
C0005165,base
C0005166,base
C0005167,base
C0005168,base
C0005169,base
C0005170,base
C0005171,base
C0005172,base
C0005173,base
C0005174,base
C0005175,ANL-01-R02 / CLN-07-R04 step change
C0005176,ANL-01-R02 / CLN-07-R04 step change
C0005177,base
C0005178,base
C0005179,ANL-01-R02 / CLN-07-R04 step change
C0005180,base
C0005181,base
C0005182,base
C0005183,base
C0005184,base
C0005185,base
C0005186,base
C0005187,base
C0005188,base
C0005189,base
C0005190,base
C0005191,base
C0005192,base
C0005193,base
C0005194,base
C0005195,ring
C0005196,ring
C0005197,ring
C0005198,base
C0005199,base
C0005200,base
C0005201,base
C0005202,base
C0005203,PAY-01-R03 / CLN-05-R03 episode repeat
C0005204,ANL-01-R02 / CLN-07-R04 step change
C0005205,ANL-01-R02 / CLN-07-R04 step change
C0005206,base
C0005207,base
C0005208,base
C0005209,base
C0005210,base
C0005211,base
C0005212,base
C0005213,base
C0005214,base
C0005215,ANL-01-R02 / CLN-07-R04 step change
C0005216,ANL-01-R02 / CLN-07-R04 step change
C0005217,ANL-01-R02 / CLN-07-R04 step change
C0005218,ANL-01-R02 / CLN-07-R04 step change
C0005219,ANL-01-R02 / CLN-07-R04 step change
C0005220,ANL-01-R02 / CLN-07-R04 step change
C0005221,ANL-01-R02 / CLN-07-R04 step change
C0005222,base
C0005223,base
C0005224,ANL-01-R02 / CLN-07-R04 step change
C0005225,base
C0005226,base
C0005227,base
C0005228,base
C0005229,base
C0005230,base
C0005231,base
C0005232,base
C0005233,base
C0005234,base
C0005235,base
C0005236,base
C0005237,base
C0005238,base
C0005239,base
C0005240,PAY-01-R03 / CLN-05-R03 episode repeat
C0005241,ANL-01-R02 / CLN-07-R04 step change
C0005242,ANL-01-R02 / CLN-07-R04 step change
C0005243,ANL-01-R02 / CLN-07-R04 step change
C0005244,ANL-01-R02 / CLN-07-R04 step change
C0005245,base
C0005246,base
C0005247,base
C0005248,base
C0005249,base
C0005250,base
C0005251,base
C0005252,base
C0005253,ANL-01-R02 / CLN-07-R04 step change
C0005254,ANL-01-R02 / CLN-07-R04 step change
C0005255,base
C0005256,base
C0005257,base
C0005258,base
C0005259,base
C0005260,base
C0005261,base
C0005262,ANL-01-R02 / CLN-07-R04 step change
C0005263,ANL-01-R02 / CLN-07-R04 step change
C0005264,ANL-01-R02 / CLN-07-R04 step change
C0005265,base
C0005266,base
C0005267,base
C0005268,base
C0005269,base
C0005270,base
C0005271,base
C0005272,base
C0005273,base
C0005274,base
C0005275,base
C0005276,base
C0005277,base
C0005278,base
C0005279,base
C0005280,ANL-01-R02 / CLN-07-R04 step change
C0005281,ANL-01-R02 / CLN-07-R04 step change
C0005282,ANL-01-R02 / CLN-07-R04 step change
C0005283,ANL-01-R02 / CLN-07-R04 step change
C0005284,base
C0005285,base
C0005286,base
C0005287,base
C0005288,base
C0005289,base
C0005290,base
C0005291,base
C0005292,base
C0005293,base
C0005294,base
C0005295,ANL-01-R02 / CLN-07-R04 step change
C0005296,ANL-01-R02 / CLN-07-R04 step change
C0005297,base
C0005298,base
C0005299,base
C0005300,base
C0005301,base
C0005302,base
C0005303,base
C0005304,base
C0005305,base
C0005306,base
C0005307,ANL-01-R02 / CLN-07-R04 step change
C0005308,base
C0005309,base
C0005310,base
C0005311,ANL-01-R02 / CLN-07-R04 step change
C0005312,ANL-01-R02 / CLN-07-R04 step change
C0005313,ANL-01-R02 / CLN-07-R04 step change
C0005314,base
C0005315,base
C0005316,base
C0005317,base
C0005318,base
C0005319,base
C0005320,base
C0005321,base
C0005322,base
C0005323,base
C0005324,ANL-01-R02 / CLN-07-R04 step change
C0005325,ANL-01-R02 / CLN-07-R04 step change
C0005326,ANL-01-R02 / CLN-07-R04 step change
C0005327,base
C0005328,base
C0005329,base
C0005330,base
C0005331,base
C0005332,base
C0005333,base
C0005334,base
C0005335,base
C0005336,base
C0005337,base
C0005338,base
C0005339,base
C0005340,base
C0005341,base
C0005342,base
C0005343,base
C0005344,ANL-01-R02 / CLN-07-R04 step change
C0005345,ANL-01-R02 / CLN-07-R04 step change
C0005346,base
C0005347,base
C0005348,base
C0005349,base
C0005350,ANL-01-R02 / CLN-07-R04 step change
C0005351,ANL-01-R02 / CLN-07-R04 step change
C0005352,ANL-01-R02 / CLN-07-R04 step change
C0005353,base
C0005354,base
C0005355,base
C0005356,base
C0005357,base
C0005358,base
C0005359,base
C0005360,base
C0005361,base
C0005362,base
C0005363,base
C0005364,base
C0005365,base
C0005366,base
C0005367,base
C0005368,ANL-01-R02 / CLN-07-R04 step change
C0005369,base
C0005370,base
C0005371,base
C0005372,base
C0005373,base
C0005374,base
C0005375,base
C0005376,base
C0005377,base
C0005378,base
C0005379,base
C0005380,ANL-01-R02 / CLN-07-R04 step change
C0005381,base
C0005382,base
C0005383,base
C0005384,base
C0005385,base
C0005386,base
C0005387,base
C0005388,base
C0005389,base
C0005390,base
C0005391,base
C0005392,base
C0005393,base
C0005394,base
C0005395,base
C0005396,base
C0005397,base
C0005398,base
C0005399,ANL-01-R02 / CLN-07-R04 step change
C0005400,ANL-01-R02 / CLN-07-R04 step change
C0005401,ANL-01-R02 / CLN-07-R04 step change
C0005402,ANL-01-R02 / CLN-07-R04 step change
C0005403,base
C0005404,base
C0005405,base
C0005406,base
C0005407,base
C0005408,base
C0005409,base
C0005410,base
C0005411,base
C0005412,base
C0005413,PAY-06-R02 amount arithmetic
C0005414,PAY-01-R02 near duplicate
C0005415,ANL-01-R02 / CLN-07-R04 step change
C0005416,ANL-01-R02 / CLN-07-R04 step change
C0005417,ANL-01-R02 / CLN-07-R04 step change
C0005418,ANL-01-R02 / CLN-07-R04 step change
C0005419,base
C0005420,base
C0005421,base
C0005422,base
C0005423,base
C0005424,base
C0005425,base
C0005426,base
C0005427,base
C0005428,base
C0005429,base
C0005430,PAY-06-R02 amount arithmetic
C0005431,PAY-01-R02 near duplicate
C0005432,ANL-01-R02 / CLN-07-R04 step change
C0005433,ANL-01-R02 / CLN-07-R04 step change
C0005434,base
C0005435,base
C0005436,ring
C0005437,ring
C0005438,ring
C0005439,base
C0005440,base
C0005441,base
C0005442,base
C0005443,base
C0005444,base
C0005445,base
C0005446,base
C0005447,base
C0005448,base
C0005449,base
C0005450,base
C0005451,base
C0005452,base
C0005453,base
C0005454,ANL-01-R02 / CLN-07-R04 step change
C0005455,ANL-01-R02 / CLN-07-R04 step change
C0005456,base
C0005457,base
C0005458,base
C0005459,base
C0005460,base
C0005461,base
C0005462,base
C0005463,base
C0005464,base
C0005465,base
C0005466,ANL-01-R02 / CLN-07-R04 step change
C0005467,base
C0005468,base
C0005469,base
C0005470,base
C0005471,base
C0005472,base
C0005473,base
C0005474,base
C0005475,base
C0005476,base
C0005477,base
C0005478,base
C0005479,base
C0005480,base
C0005481,base
C0005482,base
C0005483,base
C0005484,base
C0005485,base
C0005486,ANL-01-R02 / CLN-07-R04 step change
C0005487,ANL-01-R02 / CLN-07-R04 step change
C0005488,ANL-01-R02 / CLN-07-R04 step change
C0005489,ANL-01-R02 / CLN-07-R04 step change
C0005490,base
C0005491,base
C0005492,base
C0005493,base
C0005494,base
C0005495,base
C0005496,base
C0005497,base
C0005498,base
C0005499,base
C0005500,base
C0005501,base
C0005502,base
C0005503,base
C0005504,PAY-01-R01 exact duplicate
C0005505,PAY-01-R01 exact duplicate
C0005506,PAY-01-R03 / CLN-05-R03 episode repeat
C0005507,ANL-01-R02 / CLN-07-R04 step change
C0005508,ANL-01-R02 / CLN-07-R04 step change
C0005509,base
C0005510,base
C0005511,base
C0005512,base
C0005513,ANL-01-R02 / CLN-07-R04 step change
C0005514,ANL-01-R02 / CLN-07-R04 step change
C0005515,base
C0005516,base
C0005517,base
C0005518,base
C0005519,base
C0005520,base
C0005521,base
C0005522,base
C0005523,base
C0005524,base
C0005525,ANL-01-R02 / CLN-07-R04 step change
C0005526,ANL-01-R02 / CLN-07-R04 step change
C0005527,ANL-01-R02 / CLN-07-R04 step change
C0005528,ANL-01-R02 / CLN-07-R04 step change
C0005529,ANL-01-R02 / CLN-07-R04 step change
C0005530,base
C0005531,base
C0005532,base
C0005533,base
C0005534,base
C0005535,base
C0005536,base
C0005537,ANL-01-R02 / CLN-07-R04 step change
C0005538,base
C0005539,base
C0005540,base
C0005541,base
C0005542,base
C0005543,base
C0005544,base
C0005545,base
C0005546,ANL-01-R02 / CLN-07-R04 step change
C0005547,base
C0005548,base
C0005549,base
C0005550,base
C0005551,base
C0005552,base
C0005553,base
C0005554,base
C0005555,base
C0005556,ANL-01-R02 / CLN-07-R04 step change
C0005557,base
C0005558,base
C0005559,base
C0005560,base
C0005561,base
C0005562,base
C0005563,base
C0005564,base
C0005565,base
C0005566,ANL-01-R02 / CLN-07-R04 step change
C0005567,ANL-01-R02 / CLN-07-R04 step change
C0005568,ANL-01-R02 / CLN-07-R04 step change
C0005569,base
C0005570,base
C0005571,base
C0005572,base
C0005573,base
C0005574,base
C0005575,base
C0005576,base
C0005577,base
C0005578,PAY-06-R02 amount arithmetic
C0005579,ANL-01-R02 / CLN-07-R04 step change
C0005580,ANL-01-R02 / CLN-07-R04 step change
C0005581,base
C0005582,ANL-01-R02 / CLN-07-R04 step change
C0005583,ANL-01-R02 / CLN-07-R04 step change
C0005584,ANL-01-R02 / CLN-07-R04 step change
C0005585,base
C0005586,base
C0005587,base
C0005588,base
C0005589,base
C0005590,base
C0005591,base
C0005592,base
C0005593,base
C0005594,base
C0005595,base
C0005596,base
C0005597,base
C0005598,base
C0005599,base
C0005600,base
C0005601,base
C0005602,base
C0005603,base
C0005604,base
C0005605,base
C0005606,base
C0005607,base
C0005608,ANL-01-R02 / CLN-07-R04 step change
C0005609,ANL-01-R02 / CLN-07-R04 step change
C0005610,ANL-01-R02 / CLN-07-R04 step change
C0005611,ANL-01-R02 / CLN-07-R04 step change
C0005612,base
C0005613,base
C0005614,base
C0005615,ANL-01-R02 / CLN-07-R04 step change
C0005616,base
C0005617,base
C0005618,base
C0005619,base
C0005620,base
C0005621,base
C0005622,base
C0005623,base
C0005624,base
C0005625,CLN-05-R01 length-of-stay outlier
C0005626,ANL-01-R02 / CLN-07-R04 step change
C0005627,ANL-01-R02 / CLN-07-R04 step change
C0005628,ANL-01-R02 / CLN-07-R04 step change
C0005629,base
C0005630,base
C0005631,base
C0005632,base
C0005633,base
C0005634,base
C0005635,base
C0005636,base
C0005637,base
C0005638,base
C0005639,base
C0005640,ANL-01-R02 / CLN-07-R04 step change
C0005641,base
C0005642,base
C0005643,base
C0005644,base
C0005645,base
C0005646,base
C0005647,ANL-01-R02 / CLN-07-R04 step change
C0005648,ANL-01-R02 / CLN-07-R04 step change
C0005649,ANL-01-R02 / CLN-07-R04 step change
C0005650,ANL-01-R02 / CLN-07-R04 step change
C0005651,base
C0005652,base
C0005653,base
C0005654,base
C0005655,base
C0005656,base
C0005657,base
C0005658,base
C0005659,ANL-01-R02 / CLN-07-R04 step change
C0005660,ANL-01-R02 / CLN-07-R04 step change
C0005661,base
C0005662,base
C0005663,base
C0005664,base
C0005665,base
C0005666,base
C0005667,base
C0005668,base
C0005669,base
C0005670,base
C0005671,base
C0005672,base
C0005673,base
C0005674,base
C0005675,base
C0005676,ANL-01-R02 / CLN-07-R04 step change
C0005677,base
C0005678,base
C0005679,base
C0005680,base
C0005681,base
C0005682,base
C0005683,base
C0005684,base
C0005685,base
C0005686,base
C0005687,ANL-01-R02 / CLN-07-R04 step change
C0005688,ANL-01-R02 / CLN-07-R04 step change
C0005689,ANL-01-R02 / CLN-07-R04 step change
C0005690,base
C0005691,base
C0005692,base
C0005693,base
C0005694,base
C0005695,ANL-01-R02 / CLN-07-R04 step change
C0005696,base
C0005697,base
C0005698,base
C0005699,base
C0005700,ring
C0005701,ring
C0005702,base
C0005703,ANL-01-R02 / CLN-07-R04 step change
C0005704,ANL-01-R02 / CLN-07-R04 step change
C0005705,ANL-01-R02 / CLN-07-R04 step change
C0005706,ANL-01-R02 / CLN-07-R04 step change
C0005707,ANL-01-R02 / CLN-07-R04 step change
C0005708,ANL-01-R02 / CLN-07-R04 step change
C0005709,ANL-01-R02 / CLN-07-R04 step change
C0005710,base
C0005711,base
C0005712,base
C0005713,base
C0005714,base
C0005715,base
C0005716,ANL-01-R02 / CLN-07-R04 step change
C0005717,ANL-01-R02 / CLN-07-R04 step change
C0005718,ANL-01-R02 / CLN-07-R04 step change
C0005719,ANL-01-R02 / CLN-07-R04 step change
C0005720,base
C0005721,base
C0005722,base
C0005723,base
C0005724,base
C0005725,base
C0005726,base
C0005727,base
C0005728,base
C0005729,base
C0005730,base
C0005731,base
C0005732,base
C0005733,base
C0005734,base
C0005735,base
C0005736,base
C0005737,base
C0005738,base
C0005739,base
C0005740,base
C0005741,ANL-01-R02 / CLN-07-R04 step change
C0005742,ANL-01-R02 / CLN-07-R04 step change
C0005743,base
C0005744,base
C0005745,base
C0005746,base
C0005747,base
C0005748,base
C0005749,base
C0005750,base
C0005751,base
C0005752,base
C0005753,ANL-01-R02 / CLN-07-R04 step change
C0005754,ANL-01-R02 / CLN-07-R04 step change
C0005755,base
C0005756,base
C0005757,base
C0005758,base
C0005759,base
C0005760,base
C0005761,base
C0005762,base
C0005763,base
C0005764,base
C0005765,ANL-01-R02 / CLN-07-R04 step change
C0005766,ring
C0005767,ring
C0005768,ring
C0005769,base
C0005770,base
C0005771,ANL-01-R02 / CLN-07-R04 step change
C0005772,ANL-01-R02 / CLN-07-R04 step change
C0005773,base
C0005774,base
C0005775,base
C0005776,base
C0005777,ANL-01-R02 / CLN-07-R04 step change
C0005778,ANL-01-R02 / CLN-07-R04 step change
C0005779,ANL-01-R02 / CLN-07-R04 step change
C0005780,base
C0005781,base
C0005782,base
C0005783,base
C0005784,base
C0005785,base
C0005786,base
C0005787,base
C0005788,base
C0005789,base
C0005790,ANL-01-R02 / CLN-07-R04 step change
C0005791,base
C0005792,base
C0005793,base
C0005794,base
C0005795,base
C0005796,base
C0005797,base
C0005798,base
C0005799,base
C0005800,base
C0005801,base
C0005802,base
C0005803,base
C0005804,base
C0005805,base
C0005806,base
C0005807,base
C0005808,ANL-01-R02 / CLN-07-R04 step change
C0005809,ANL-01-R02 / CLN-07-R04 step change
C0005810,ANL-01-R02 / CLN-07-R04 step change
C0005811,base
C0005812,base
C0005813,base
C0005814,base
C0005815,base
C0005816,base
C0005817,base
C0005818,base
C0005819,ANL-01-R02 / CLN-07-R04 step change
C0005820,ANL-01-R02 / CLN-07-R04 step change
C0005821,ANL-01-R02 / CLN-07-R04 step change
C0005822,base
C0005823,ANL-01-R02 / CLN-07-R04 step change
C0005824,base
C0005825,base
C0005826,base
C0005827,base
C0005828,base
C0005829,base
C0005830,base
C0005831,base
C0005832,base
C0005833,ANL-01-R02 / CLN-07-R04 step change
C0005834,ANL-01-R02 / CLN-07-R04 step change
C0005835,base
C0005836,base
C0005837,base
C0005838,base
C0005839,base
C0005840,base
C0005841,base
C0005842,base
C0005843,base
C0005844,ANL-01-R02 / CLN-07-R04 step change
C0005845,ANL-01-R02 / CLN-07-R04 step change
C0005846,base
C0005847,base
C0005848,base
C0005849,base
C0005850,ANL-01-R02 / CLN-07-R04 step change
C0005851,ANL-01-R02 / CLN-07-R04 step change
C0005852,ANL-01-R02 / CLN-07-R04 step change
C0005853,base
C0005854,ring
C0005855,ring
C0005856,ring
C0005857,ANL-01-R02 / CLN-07-R04 step change
C0005858,ANL-01-R02 / CLN-07-R04 step change
C0005859,base
C0005860,base
C0005861,base
C0005862,base
C0005863,base
C0005864,base
C0005865,base
C0005866,base
C0005867,base
C0005868,base
C0005869,ANL-01-R02 / CLN-07-R04 step change
C0005870,ANL-01-R02 / CLN-07-R04 step change
C0005871,ANL-01-R02 / CLN-07-R04 step change
C0005872,ANL-01-R02 / CLN-07-R04 step change
C0005873,ANL-01-R02 / CLN-07-R04 step change
C0005874,ANL-01-R02 / CLN-07-R04 step change
C0005875,ANL-01-R02 / CLN-07-R04 step change
C0005876,base
C0005877,base
C0005878,base
C0005879,base
C0005880,base
C0005881,base
C0005882,base
C0005883,base
C0005884,base
C0005885,base
C0005886,base
C0005887,base
C0005888,ANL-01-R02 / CLN-07-R04 step change
C0005889,ANL-01-R02 / CLN-07-R04 step change
C0005890,base
C0005891,base
C0005892,base
C0005893,base
C0005894,base
C0005895,base
C0005896,ANL-01-R02 / CLN-07-R04 step change
C0005897,ANL-01-R02 / CLN-07-R04 step change
C0005898,base
C0005899,base
C0005900,base
C0005901,base
C0005902,base
C0005903,base
C0005904,base
C0005905,ANL-01-R02 / CLN-07-R04 step change
C0005906,ANL-01-R02 / CLN-07-R04 step change
C0005907,ANL-01-R02 / CLN-07-R04 step change
C0005908,ANL-01-R02 / CLN-07-R04 step change
C0005909,ANL-01-R02 / CLN-07-R04 step change
C0005910,base
C0005911,base
C0005912,base
C0005913,base
C0005914,base
C0005915,base
C0005916,ANL-01-R02 / CLN-07-R04 step change
C0005917,ANL-01-R02 / CLN-07-R04 step change
C0005918,base
C0005919,base
C0005920,base
C0005921,base
C0005922,base
C0005923,ANL-01-R02 / CLN-07-R04 step change
C0005924,ANL-01-R02 / CLN-07-R04 step change
C0005925,ANL-01-R02 / CLN-07-R04 step change
C0005926,base
C0005927,base
C0005928,base
C0005929,base
C0005930,base
C0005931,base
C0005932,base
C0005933,base
C0005934,base
C0005935,base
C0005936,base
C0005937,base
C0005938,base
C0005939,base
C0005940,base
C0005941,base
C0005942,base
C0005943,base
C0005944,base
C0005945,base
C0005946,base
C0005947,base
C0005948,base
C0005949,base
C0005950,base
C0005951,ANL-01-R02 / CLN-07-R04 step change
C0005952,ANL-01-R02 / CLN-07-R04 step change
C0005953,base
C0005954,base
C0005955,base
C0005956,base
C0005957,base
C0005958,base
C0005959,base
C0005960,base
C0005961,base
C0005962,base
C0005963,base
C0005964,base
C0005965,base
C0005966,base
C0005967,base
C0005968,base
C0005969,base
C0005970,base
C0005971,base
C0005972,base
C0005973,base
C0005974,base
C0005975,base
C0005976,base
C0005977,base
C0005978,base
C0005979,base
C0005980,base
C0005981,base
C0005982,base
C0005983,ANL-01-R02 / CLN-07-R04 step change
C0005984,ANL-01-R02 / CLN-07-R04 step change
C0005985,ANL-01-R02 / CLN-07-R04 step change
C0005986,base
C0005987,base
C0005988,base
C0005989,base
C0005990,base
C0005991,base
C0005992,ANL-01-R02 / CLN-07-R04 step change
C0005993,base
C0005994,base
C0005995,base
C0005996,base
C0005997,base
C0005998,base
C0005999,base
C0006000,base
C0006001,base
C0006002,base
C0006003,base
C0006004,ANL-01-R02 / CLN-07-R04 step change
C0006005,ANL-01-R02 / CLN-07-R04 step change
C0006006,ANL-01-R02 / CLN-07-R04 step change
C0006007,base
C0006008,base
C0006009,base
C0006010,base
C0006011,base
C0006012,base
C0006013,base
C0006014,base
C0006015,base
C0006016,base
C0006017,base
C0006018,base
C0006019,base
C0006020,base
C0006021,ANL-01-R02 / CLN-07-R04 step change
C0006022,base
C0006023,ANL-01-R02 / CLN-07-R04 step change
C0006024,ANL-01-R02 / CLN-07-R04 step change
C0006025,ANL-01-R02 / CLN-07-R04 step change
C0006026,base
C0006027,base
C0006028,base
C0006029,base
C0006030,base
C0006031,base
C0006032,ANL-01-R02 / CLN-07-R04 step change
C0006033,ANL-01-R02 / CLN-07-R04 step change
C0006034,ANL-01-R02 / CLN-07-R04 step change
C0006035,base
C0006036,base
C0006037,base
C0006038,base
C0006039,base
C0006040,base
C0006041,base
C0006042,base
C0006043,base
C0006044,base
C0006045,base
C0006046,base
C0006047,base
C0006048,ANL-01-R02 / CLN-07-R04 step change
C0006049,ANL-01-R02 / CLN-07-R04 step change
C0006050,ANL-01-R02 / CLN-07-R04 step change
C0006051,base
C0006052,base
C0006053,base
C0006054,base
C0006055,base
C0006056,base
C0006057,ANL-01-R02 / CLN-07-R04 step change
C0006058,ANL-01-R02 / CLN-07-R04 step change
C0006059,base
C0006060,base
C0006061,base
C0006062,base
C0006063,base
C0006064,base
C0006065,base
C0006066,ANL-01-R02 / CLN-07-R04 step change
C0006067,ANL-01-R02 / CLN-07-R04 step change
C0006068,ANL-01-R02 / CLN-07-R04 step change
C0006069,ANL-01-R02 / CLN-07-R04 step change
C0006070,ANL-01-R02 / CLN-07-R04 step change
C0006071,base
C0006072,base
C0006073,base
C0006074,ANL-01-R02 / CLN-07-R04 step change
C0006075,ANL-01-R02 / CLN-07-R04 step change
C0006076,base
C0006077,base
C0006078,base
C0006079,base
C0006080,base
C0006081,base
C0006082,base
C0006083,base
C0006084,base
C0006085,base
C0006086,base
C0006087,ANL-01-R02 / CLN-07-R04 step change
C0006088,ANL-01-R02 / CLN-07-R04 step change
C0006089,base
C0006090,base
C0006091,base
C0006092,base
C0006093,base
C0006094,base
C0006095,base
C0006096,base
C0006097,ANL-01-R02 / CLN-07-R04 step change
C0006098,ANL-01-R02 / CLN-07-R04 step change
C0006099,base
C0006100,base
C0006101,base
C0006102,base
C0006103,base
C0006104,base
C0006105,base
C0006106,base
C0006107,base
C0006108,ANL-01-R02 / CLN-07-R04 step change
C0006109,ANL-01-R02 / CLN-07-R04 step change
C0006110,ANL-01-R02 / CLN-07-R04 step change
C0006111,ANL-01-R02 / CLN-07-R04 step change
C0006112,base
C0006113,base
C0006114,base
C0006115,base
C0006116,base
C0006117,base
C0006118,base
C0006119,base
C0006120,base
C0006121,base
C0006122,ANL-01-R02 / CLN-07-R04 step change
C0006123,ANL-01-R02 / CLN-07-R04 step change
C0006124,ANL-01-R02 / CLN-07-R04 step change
C0006125,base
C0006126,base
C0006127,base
C0006128,base
C0006129,base
C0006130,base
C0006131,base
C0006132,base
C0006133,base
C0006134,base
C0006135,base
C0006136,base
C0006137,base
C0006138,base
C0006139,base
C0006140,base
C0006141,base
C0006142,base
C0006143,base
C0006144,base
C0006145,base
C0006146,ANL-01-R02 / CLN-07-R04 step change
C0006147,base
C0006148,base
C0006149,base
C0006150,base
C0006151,base
C0006152,ring
C0006153,base
C0006154,base
C0006155,ANL-01-R02 / CLN-07-R04 step change
C0006156,ANL-01-R02 / CLN-07-R04 step change
C0006157,base
C0006158,base
C0006159,base
C0006160,base
C0006161,base
C0006162,base
C0006163,ANL-01-R02 / CLN-07-R04 step change
C0006164,ANL-01-R02 / CLN-07-R04 step change
C0006165,base
C0006166,base
C0006167,base
C0006168,base
C0006169,base
C0006170,base
C0006171,base
C0006172,base
C0006173,base
C0006174,ANL-01-R02 / CLN-07-R04 step change
C0006175,ANL-01-R02 / CLN-07-R04 step change
C0006176,base
C0006177,base
C0006178,base
C0006179,base
C0006180,base
C0006181,base
C0006182,base
C0006183,base
C0006184,base
C0006185,base
C0006186,base
C0006187,base
C0006188,base
C0006189,base
C0006190,ANL-01-R02 / CLN-07-R04 step change
C0006191,ANL-01-R02 / CLN-07-R04 step change
C0006192,base
C0006193,base
C0006194,base
C0006195,base
C0006196,base
C0006197,base
C0006198,base
C0006199,base
C0006200,base
C0006201,base
C0006202,base
C0006203,base
C0006204,ANL-01-R02 / CLN-07-R04 step change
C0006205,ANL-01-R02 / CLN-07-R04 step change
C0006206,ANL-01-R02 / CLN-07-R04 step change
C0006207,ANL-01-R02 / CLN-07-R04 step change
C0006208,ANL-01-R02 / CLN-07-R04 step change
C0006209,base
C0006210,base
C0006211,base
C0006212,base
C0006213,base
C0006214,base
C0006215,base
C0006216,ANL-01-R02 / CLN-07-R04 step change
C0006217,ANL-01-R02 / CLN-07-R04 step change
C0006218,base
C0006219,ring
C0006220,ring
C0006221,base
C0006222,base
C0006223,base
C0006224,base
C0006225,base
C0006226,base
C0006227,ANL-01-R02 / CLN-07-R04 step change
C0006228,ANL-01-R02 / CLN-07-R04 step change
C0006229,ANL-01-R02 / CLN-07-R04 step change
C0006230,ANL-01-R02 / CLN-07-R04 step change
C0006231,ANL-01-R02 / CLN-07-R04 step change
C0006232,base
C0006233,base
C0006234,base
C0006235,base
C0006236,base
C0006237,base
C0006238,base
C0006239,base
C0006240,base
C0006241,base
C0006242,base
C0006243,base
C0006244,ANL-01-R02 / CLN-07-R04 step change
C0006245,ANL-01-R02 / CLN-07-R04 step change
C0006246,base
C0006247,base
C0006248,base
C0006249,base
C0006250,ANL-01-R02 / CLN-07-R04 step change
C0006251,ANL-01-R02 / CLN-07-R04 step change
C0006252,ANL-01-R02 / CLN-07-R04 step change
C0006253,ring
C0006254,ring
C0006255,ring
C0006256,base
C0006257,base
C0006258,base
C0006259,base
C0006260,base
C0006261,base
C0006262,base
C0006263,ANL-01-R02 / CLN-07-R04 step change
C0006264,base
C0006265,base
C0006266,base
C0006267,base
C0006268,base
C0006269,ANL-01-R02 / CLN-07-R04 step change
C0006270,ANL-01-R02 / CLN-07-R04 step change
C0006271,base
C0006272,base
C0006273,base
C0006274,base
C0006275,base
C0006276,base
C0006277,ANL-01-R02 / CLN-07-R04 step change
C0006278,ANL-01-R02 / CLN-07-R04 step change
C0006279,base
C0006280,base
C0006281,base
C0006282,base
C0006283,base
C0006284,base
C0006285,base
C0006286,base
C0006287,base
C0006288,base
C0006289,ANL-01-R02 / CLN-07-R04 step change
C0006290,ANL-01-R02 / CLN-07-R04 step change
C0006291,base
C0006292,base
C0006293,base
C0006294,base
C0006295,ring
C0006296,ring
C0006297,ring
C0006298,base
C0006299,base
C0006300,base
C0006301,ANL-01-R02 / CLN-07-R04 step change
C0006302,ANL-01-R02 / CLN-07-R04 step change
C0006303,ANL-01-R02 / CLN-07-R04 step change
C0006304,ANL-01-R02 / CLN-07-R04 step change
C0006305,ANL-01-R02 / CLN-07-R04 step change
C0006306,base
C0006307,base
C0006308,base
C0006309,base
C0006310,base
C0006311,ANL-01-R02 / CLN-07-R04 step change
C0006312,base
C0006313,base
C0006314,base
C0006315,base
C0006316,base
C0006317,base
C0006318,ANL-01-R02 / CLN-07-R04 step change
C0006319,ANL-01-R02 / CLN-07-R04 step change
C0006320,base
C0006321,base
C0006322,base
C0006323,base
C0006324,base
C0006325,base
C0006326,base
C0006327,base
C0006328,base
C0006329,ring
C0006330,ring
C0006331,base
C0006332,base
C0006333,base
C0006334,base
C0006335,ANL-01-R02 / CLN-07-R04 step change
C0006336,ANL-01-R02 / CLN-07-R04 step change
C0006337,base
C0006338,base
C0006339,base
C0006340,base
C0006341,base
C0006342,base
C0006343,ANL-01-R02 / CLN-07-R04 step change
C0006344,ANL-01-R02 / CLN-07-R04 step change
C0006345,base
C0006346,base
C0006347,base
C0006348,base
C0006349,base
C0006350,base
C0006351,base
C0006352,base
C0006353,base
C0006354,base
C0006355,base
C0006356,base
C0006357,base
C0006358,ANL-01-R02 / CLN-07-R04 step change
C0006359,ANL-01-R02 / CLN-07-R04 step change
C0006360,ANL-01-R02 / CLN-07-R04 step change
C0006361,ANL-01-R02 / CLN-07-R04 step change
C0006362,ANL-01-R02 / CLN-07-R04 step change
C0006363,ANL-01-R02 / CLN-07-R04 step change
C0006364,ANL-01-R02 / CLN-07-R04 step change
C0006365,base
C0006366,base
C0006367,base
C0006368,base
C0006369,base
C0006370,ANL-01-R02 / CLN-07-R04 step change
C0006371,ANL-01-R02 / CLN-07-R04 step change
C0006372,ANL-01-R02 / CLN-07-R04 step change
C0006373,base
C0006374,base
C0006375,base
C0006376,base
C0006377,base
C0006378,base
C0006379,base
C0006380,base
C0006381,base
C0006382,base
C0006383,base
C0006384,base
C0006385,base
C0006386,base
C0006387,base
C0006388,base
C0006389,PAY-01-R03 / CLN-05-R03 episode repeat
C0006390,ANL-01-R02 / CLN-07-R04 step change
C0006391,ANL-01-R02 / CLN-07-R04 step change
C0006392,ANL-01-R02 / CLN-07-R04 step change
C0006393,ANL-01-R02 / CLN-07-R04 step change
C0006394,base
C0006395,base
C0006396,base
C0006397,base
C0006398,base
C0006399,base
C0006400,base
C0006401,ANL-01-R02 / CLN-07-R04 step change
C0006402,base
C0006403,base
C0006404,base
C0006405,base
C0006406,base
C0006407,base
C0006408,base
C0006409,base
C0006410,ANL-01-R02 / CLN-07-R04 step change
C0006411,ANL-01-R02 / CLN-07-R04 step change
C0006412,ANL-01-R02 / CLN-07-R04 step change
C0006413,base
C0006414,base
C0006415,ANL-01-R02 / CLN-07-R04 step change
C0006416,ANL-01-R02 / CLN-07-R04 step change
C0006417,ANL-01-R02 / CLN-07-R04 step change
C0006418,ANL-01-R02 / CLN-07-R04 step change
C0006419,ANL-01-R02 / CLN-07-R04 step change
C0006420,base
C0006421,base
C0006422,base
C0006423,base
C0006424,base
C0006425,base
C0006426,base
C0006427,base
C0006428,base
C0006429,base
C0006430,base
C0006431,ANL-01-R02 / CLN-07-R04 step change
C0006432,ANL-01-R02 / CLN-07-R04 step change
C0006433,ANL-01-R02 / CLN-07-R04 step change
C0006434,base
C0006435,base
C0006436,ring
C0006437,base
C0006438,base
C0006439,base
C0006440,ANL-01-R02 / CLN-07-R04 step change
C0006441,ANL-01-R02 / CLN-07-R04 step change
C0006442,base
C0006443,base
C0006444,ring
C0006445,ring
C0006446,base
C0006447,base
C0006448,base
C0006449,base
C0006450,base
C0006451,base
C0006452,base
C0006453,base
C0006454,base
C0006455,base
C0006456,base
C0006457,base
C0006458,base
C0006459,base
C0006460,base
C0006461,base
C0006462,base
C0006463,base
C0006464,base
C0006465,base
C0006466,base
C0006467,ANL-01-R02 / CLN-07-R04 step change
C0006468,ANL-01-R02 / CLN-07-R04 step change
C0006469,base
C0006470,base
C0006471,base
C0006472,base
C0006473,base
C0006474,base
C0006475,PAY-01-R03 / CLN-05-R03 episode repeat
C0006476,ANL-01-R02 / CLN-07-R04 step change
C0006477,ANL-01-R02 / CLN-07-R04 step change
C0006478,ANL-01-R02 / CLN-07-R04 step change
C0006479,base
C0006480,base
C0006481,base
C0006482,base
C0006483,base
C0006484,base
C0006485,base
C0006486,base
C0006487,base
C0006488,base
C0006489,base
C0006490,base
C0006491,ANL-01-R02 / CLN-07-R04 step change
C0006492,ANL-01-R02 / CLN-07-R04 step change
C0006493,base
C0006494,base
C0006495,base
C0006496,base
C0006497,ANL-01-R02 / CLN-07-R04 step change
C0006498,base
C0006499,base
C0006500,base
C0006501,base
C0006502,base
C0006503,base
C0006504,base
C0006505,base
C0006506,base
C0006507,base
C0006508,base
C0006509,base
C0006510,base
C0006511,base
C0006512,base
C0006513,PAY-01-R03 / CLN-05-R03 episode repeat
C0006514,ANL-01-R02 / CLN-07-R04 step change
C0006515,base
C0006516,base
C0006517,base
C0006518,base
C0006519,base
C0006520,base
C0006521,base
C0006522,base
C0006523,base
C0006524,CLN-05-R01 length-of-stay outlier
C0006525,ANL-01-R02 / CLN-07-R04 step change
C0006526,ANL-01-R02 / CLN-07-R04 step change
C0006527,ANL-01-R02 / CLN-07-R04 step change
C0006528,base
C0006529,base
C0006530,base
C0006531,base
C0006532,base
C0006533,base
C0006534,base
C0006535,base
C0006536,base
C0006537,ANL-01-R02 / CLN-07-R04 step change
C0006538,ANL-01-R02 / CLN-07-R04 step change
C0006539,base
C0006540,base
C0006541,base
C0006542,ANL-01-R02 / CLN-07-R04 step change
C0006543,base
C0006544,base
C0006545,base
C0006546,base
C0006547,base
C0006548,base
C0006549,base
C0006550,ANL-01-R02 / CLN-07-R04 step change
C0006551,ANL-01-R02 / CLN-07-R04 step change
C0006552,ring
C0006553,ring
C0006554,ring
C0006555,base
C0006556,base
C0006557,base
C0006558,base
C0006559,ANL-01-R02 / CLN-07-R04 step change
C0006560,base
C0006561,base
C0006562,base
C0006563,base
C0006564,base
C0006565,base
C0006566,base
C0006567,base
C0006568,base
C0006569,base
C0006570,base
C0006571,base
C0006572,base
C0006573,base
C0006574,base
C0006575,ANL-01-R02 / CLN-07-R04 step change
C0006576,ANL-01-R02 / CLN-07-R04 step change
C0006577,ANL-01-R02 / CLN-07-R04 step change
C0006578,ANL-01-R02 / CLN-07-R04 step change
C0006579,base
C0006580,base
C0006581,base
C0006582,base
C0006583,base
C0006584,base
C0006585,base
C0006586,base
C0006587,base
C0006588,base
C0006589,ANL-01-R02 / CLN-07-R04 step change
C0006590,ANL-01-R02 / CLN-07-R04 step change
C0006591,ANL-01-R02 / CLN-07-R04 step change
C0006592,ANL-01-R02 / CLN-07-R04 step change
C0006593,ANL-01-R02 / CLN-07-R04 step change
C0006594,base
C0006595,base
C0006596,base
C0006597,base
C0006598,base
C0006599,base
C0006600,base
C0006601,base
C0006602,base
C0006603,base
C0006604,base
C0006605,ANL-01-R02 / CLN-07-R04 step change
C0006606,ANL-01-R02 / CLN-07-R04 step change
C0006607,ANL-01-R02 / CLN-07-R04 step change
C0006608,base
C0006609,base
C0006610,base
C0006611,base
C0006612,base
C0006613,base
C0006614,ANL-01-R02 / CLN-07-R04 step change
C0006615,base
C0006616,base
C0006617,base
C0006618,base
C0006619,base
C0006620,base
C0006621,base
C0006622,base
C0006623,base
C0006624,base
C0006625,base
C0006626,base
C0006627,base
C0006628,base
C0006629,base
C0006630,base
C0006631,ANL-01-R02 / CLN-07-R04 step change
C0006632,ANL-01-R02 / CLN-07-R04 step change
C0006633,ANL-01-R02 / CLN-07-R04 step change
C0006634,base
C0006635,base
C0006636,base
C0006637,base
C0006638,base
C0006639,base
C0006640,base
C0006641,base
C0006642,base
C0006643,base
C0006644,base
C0006645,base
C0006646,PAY-06-R02 amount arithmetic
C0006647,ANL-01-R02 / CLN-07-R04 step change
C0006648,ANL-01-R02 / CLN-07-R04 step change
C0006649,base
C0006650,base
C0006651,base
C0006652,base
C0006653,base
C0006654,base
C0006655,base
C0006656,base
C0006657,base
C0006658,PAY-01-R03 / CLN-05-R03 episode repeat
C0006659,ANL-01-R02 / CLN-07-R04 step change
C0006660,ANL-01-R02 / CLN-07-R04 step change
C0006661,ANL-01-R02 / CLN-07-R04 step change
C0006662,base
C0006663,base
C0006664,base
C0006665,base
C0006666,base
C0006667,base
C0006668,base
C0006669,base
C0006670,base
C0006671,base
C0006672,ANL-01-R02 / CLN-07-R04 step change
C0006673,ANL-01-R02 / CLN-07-R04 step change
C0006674,ANL-01-R02 / CLN-07-R04 step change
C0006675,base
C0006676,base
C0006677,base
C0006678,base
C0006679,base
C0006680,base
C0006681,base
C0006682,base
C0006683,base
C0006684,base
C0006685,base
C0006686,base
C0006687,CLN-07-R02 capacity breach
C0006688,CLN-07-R02 capacity breach
C0006689,CLN-07-R02 capacity breach
C0006690,CLN-07-R02 capacity breach
C0006691,CLN-07-R02 capacity breach
C0006692,ANL-01-R02 / CLN-07-R04 step change
C0006693,ANL-01-R02 / CLN-07-R04 step change
C0006694,base
C0006695,base
C0006696,base
C0006697,base
C0006698,base
C0006699,base
C0006700,base
C0006701,CLN-07-R02 capacity breach
C0006702,CLN-07-R02 capacity breach
C0006703,CLN-07-R02 capacity breach
C0006704,CLN-07-R02 capacity breach
C0006705,CLN-07-R02 capacity breach
C0006706,CLN-07-R02 capacity breach
C0006707,CLN-07-R02 capacity breach
C0006708,CLN-07-R02 capacity breach
C0006709,CLN-07-R02 capacity breach
C0006710,base
C0006711,base
C0006712,ring
C0006713,ring
C0006714,CLN-07-R02 capacity breach
C0006715,CLN-07-R02 capacity breach
C0006716,CLN-07-R02 capacity breach
C0006717,CLN-07-R02 capacity breach
C0006718,CLN-07-R02 capacity breach
C0006719,CLN-07-R02 capacity breach
C0006720,ANL-01-R02 / CLN-07-R04 step change
C0006721,base
C0006722,base
C0006723,base
C0006724,base
C0006725,base
C0006726,base
C0006727,base
C0006728,base
C0006729,CLN-07-R02 capacity breach
C0006730,CLN-07-R02 capacity breach
C0006731,CLN-07-R02 capacity breach
C0006732,CLN-07-R02 capacity breach
C0006733,CLN-07-R02 capacity breach
C0006734,CLN-07-R02 capacity breach
C0006735,ANL-01-R02 / CLN-07-R04 step change
C0006736,ANL-01-R02 / CLN-07-R04 step change
C0006737,base
C0006738,base
C0006739,base
C0006740,base
C0006741,base
C0006742,base
C0006743,base
C0006744,CLN-07-R02 capacity breach
C0006745,CLN-07-R02 capacity breach
C0006746,CLN-07-R02 capacity breach
C0006747,CLN-07-R02 capacity breach
C0006748,CLN-07-R02 capacity breach
C0006749,ANL-01-R02 / CLN-07-R04 step change
C0006750,base
C0006751,base
C0006752,ring
C0006753,base
C0006754,base
C0006755,base
C0006756,base
C0006757,base
C0006758,base
C0006759,base
C0006760,base
C0006761,CLN-05-R01 length-of-stay outlier
C0006762,CLN-07-R02 capacity breach
C0006763,CLN-07-R02 capacity breach
C0006764,CLN-07-R02 capacity breach
C0006765,CLN-07-R02 capacity breach
C0006766,CLN-07-R02 capacity breach
C0006767,CLN-07-R02 capacity breach
C0006768,CLN-07-R02 capacity breach
C0006769,ANL-01-R02 / CLN-07-R04 step change
C0006770,ANL-01-R02 / CLN-07-R04 step change
C0006771,ANL-01-R02 / CLN-07-R04 step change
C0006772,ANL-01-R02 / CLN-07-R04 step change
C0006773,base
C0006774,base
C0006775,base
C0006776,base
C0006777,base
C0006778,base
C0006779,base
C0006780,base
C0006781,base
C0006782,base
C0006783,CLN-07-R02 capacity breach
C0006784,CLN-07-R02 capacity breach
C0006785,CLN-07-R02 capacity breach
C0006786,CLN-07-R02 capacity breach
C0006787,ANL-01-R02 / CLN-07-R04 step change
C0006788,ANL-01-R02 / CLN-07-R04 step change
C0006789,ANL-01-R02 / CLN-07-R04 step change
C0006790,ANL-01-R02 / CLN-07-R04 step change
C0006791,ANL-01-R02 / CLN-07-R04 step change
C0006792,ANL-01-R02 / CLN-07-R04 step change
C0006793,base
C0006794,base
C0006795,base
C0006796,base
C0006797,base
C0006798,base
C0006799,base
C0006800,base
C0006801,base
C0006802,base
C0006803,base
C0006804,base
C0006805,base
C0006806,base
C0006807,base
C0006808,base
C0006809,PAY-01-R02 near duplicate
C0006810,CLN-07-R02 capacity breach
C0006811,CLN-07-R02 capacity breach
C0006812,CLN-07-R02 capacity breach
C0006813,CLN-07-R02 capacity breach
C0006814,CLN-07-R02 capacity breach
C0006815,ANL-01-R02 / CLN-07-R04 step change
C0006816,ANL-01-R02 / CLN-07-R04 step change
C0006817,base
C0006818,base
C0006819,base
C0006820,base
C0006821,base
C0006822,base
C0006823,base
C0006824,base
C0006825,base
C0006826,CLN-07-R02 capacity breach
C0006827,CLN-07-R02 capacity breach
C0006828,CLN-07-R02 capacity breach
C0006829,CLN-07-R02 capacity breach
C0006830,ANL-01-R02 / CLN-07-R04 step change
C0006831,ANL-01-R02 / CLN-07-R04 step change
C0006832,ANL-01-R02 / CLN-07-R04 step change
C0006833,base
C0006834,base
C0006835,base
C0006836,base
C0006837,base
C0006838,base
C0006839,base
C0006840,base
C0006841,base
C0006842,base
C0006843,CLN-07-R02 capacity breach
C0006844,CLN-07-R02 capacity breach
C0006845,CLN-07-R02 capacity breach
C0006846,CLN-07-R02 capacity breach
C0006847,CLN-07-R02 capacity breach
C0006848,ANL-01-R02 / CLN-07-R04 step change
C0006849,ANL-01-R02 / CLN-07-R04 step change
C0006850,ANL-01-R02 / CLN-07-R04 step change
C0006851,base
C0006852,base
C0006853,base
C0006854,base
C0006855,base
C0006856,base
C0006857,base
C0006858,base
C0006859,base
C0006860,base
C0006861,base
C0006862,base
C0006863,CLN-07-R02 capacity breach
C0006864,CLN-07-R02 capacity breach
C0006865,CLN-07-R02 capacity breach
C0006866,CLN-07-R02 capacity breach
C0006867,CLN-07-R02 capacity breach
C0006868,CLN-07-R02 capacity breach
C0006869,ANL-01-R02 / CLN-07-R04 step change
C0006870,base
C0006871,base
C0006872,base
C0006873,base
C0006874,base
C0006875,ANL-01-R02 / CLN-07-R04 step change
C0006876,ANL-01-R02 / CLN-07-R04 step change
C0006877,ANL-01-R02 / CLN-07-R04 step change
C0006878,base
C0006879,base
C0006880,ring
C0006881,base
C0006882,base
C0006883,base
C0006884,base
C0006885,base
C0006886,base
C0006887,PAY-01-R02 near duplicate
C0006888,ANL-01-R02 / CLN-07-R04 step change
C0006889,ANL-01-R02 / CLN-07-R04 step change
C0006890,ANL-01-R02 / CLN-07-R04 step change
C0006891,base
C0006892,base
C0006893,base
C0006894,base
C0006895,base
C0006896,base
C0006897,base
C0006898,base
C0006899,base
C0006900,base
C0006901,base
C0006902,ANL-01-R02 / CLN-07-R04 step change
C0006903,ANL-01-R02 / CLN-07-R04 step change
C0006904,ANL-01-R02 / CLN-07-R04 step change
C0006905,ANL-01-R02 / CLN-07-R04 step change
C0006906,base
C0006907,base
C0006908,base
C0006909,base
C0006910,ANL-01-R02 / CLN-07-R04 step change
C0006911,ANL-01-R02 / CLN-07-R04 step change
C0006912,ANL-01-R02 / CLN-07-R04 step change
C0006913,base
C0006914,base
C0006915,base
C0006916,base
C0006917,base
C0006918,base
C0006919,base
C0006920,base
C0006921,base
C0006922,base
C0006923,base
C0006924,base
C0006925,base
C0006926,base
C0006927,base
C0006928,base
C0006929,ANL-01-R02 / CLN-07-R04 step change
C0006930,ANL-01-R02 / CLN-07-R04 step change
C0006931,ANL-01-R02 / CLN-07-R04 step change
C0006932,base
C0006933,base
C0006934,base
C0006935,base
C0006936,base
C0006937,base
C0006938,base
C0006939,base
C0006940,base
C0006941,base
C0006942,base
C0006943,base
C0006944,base
C0006945,base
C0006946,base
C0006947,base
C0006948,ANL-01-R02 / CLN-07-R04 step change
C0006949,ANL-01-R02 / CLN-07-R04 step change
C0006950,base
C0006951,base
C0006952,base
C0006953,base
C0006954,base
C0006955,base
C0006956,base
C0006957,ANL-01-R02 / CLN-07-R04 step change
C0006958,ANL-01-R02 / CLN-07-R04 step change
C0006959,base
C0006960,base
C0006961,base
C0006962,base
C0006963,base
C0006964,base
C0006965,base
C0006966,base
C0006967,base
C0006968,base
C0006969,PAY-01-R02 near duplicate
C0006970,ANL-01-R02 / CLN-07-R04 step change
C0006971,ANL-01-R02 / CLN-07-R04 step change
C0006972,ring
C0006973,base
C0006974,base
C0006975,base
C0006976,base
C0006977,base
C0006978,base
C0006979,base
C0006980,base
C0006981,base
C0006982,base
C0006983,base
C0006984,base
C0006985,base
C0006986,base
C0006987,base
C0006988,base
C0006989,ANL-01-R02 / CLN-07-R04 step change
C0006990,base
C0006991,base
C0006992,base
C0006993,base
C0006994,base
C0006995,base
C0006996,ANL-01-R02 / CLN-07-R04 step change
C0006997,base
C0006998,base
C0006999,base
C0007000,base
C0007001,base
C0007002,base
C0007003,base
C0007004,base
C0007005,base
C0007006,base
C0007007,base
C0007008,base
C0007009,base
C0007010,base
C0007011,base
C0007012,base
C0007013,base
C0007014,base
C0007015,base
C0007016,PAY-01-R03 / CLN-05-R03 episode repeat
C0007017,ANL-01-R02 / CLN-07-R04 step change
C0007018,base
C0007019,base
C0007020,base
C0007021,base
C0007022,ANL-01-R02 / CLN-07-R04 step change
C0007023,ANL-01-R02 / CLN-07-R04 step change
C0007024,ANL-01-R02 / CLN-07-R04 step change
C0007025,PAY-01-R02 near duplicate
C0007026,ANL-01-R02 / CLN-07-R04 step change
C0007027,ANL-01-R02 / CLN-07-R04 step change
C0007028,base
C0007029,base
C0007030,base
C0007031,base
C0007032,ANL-01-R02 / CLN-07-R04 step change
C0007033,base
C0007034,base
C0007035,base
C0007036,base
C0007037,base
C0007038,base
C0007039,base
C0007040,base
C0007041,base
C0007042,base
C0007043,base
C0007044,base
C0007045,base
C0007046,ANL-01-R02 / CLN-07-R04 step change
C0007047,base
C0007048,base
C0007049,base
C0007050,base
C0007051,base
C0007052,base
C0007053,base
C0007054,base
C0007055,ANL-01-R02 / CLN-07-R04 step change
C0007056,ANL-01-R02 / CLN-07-R04 step change
C0007057,ANL-01-R02 / CLN-07-R04 step change
C0007058,base
C0007059,base
C0007060,base
C0007061,base
C0007062,base
C0007063,base
C0007064,base
C0007065,base
C0007066,base
C0007067,base
C0007068,base
C0007069,ANL-01-R02 / CLN-07-R04 step change
C0007070,ANL-01-R02 / CLN-07-R04 step change
C0007071,ANL-01-R02 / CLN-07-R04 step change
C0007072,ANL-01-R02 / CLN-07-R04 step change
C0007073,base
C0007074,ring
C0007075,base
C0007076,base
C0007077,base
C0007078,base
C0007079,base
C0007080,ANL-01-R02 / CLN-07-R04 step change
C0007081,ANL-01-R02 / CLN-07-R04 step change
C0007082,ANL-01-R02 / CLN-07-R04 step change
C0007083,ANL-01-R02 / CLN-07-R04 step change
C0007084,base
C0007085,base
C0007086,base
C0007087,base
C0007088,base
C0007089,ANL-01-R02 / CLN-07-R04 step change
C0007090,ANL-01-R02 / CLN-07-R04 step change
C0007091,base
C0007092,base
C0007093,base
C0007094,base
C0007095,base
C0007096,base
C0007097,base
C0007098,base
C0007099,base
C0007100,base
C0007101,base
C0007102,base
C0007103,base
C0007104,ANL-01-R02 / CLN-07-R04 step change
C0007105,ANL-01-R02 / CLN-07-R04 step change
C0007106,ANL-01-R02 / CLN-07-R04 step change
C0007107,base
C0007108,base
C0007109,base
C0007110,base
C0007111,base
C0007112,base
C0007113,base
C0007114,base
C0007115,base
C0007116,base
C0007117,base
C0007118,base
C0007119,ANL-01-R02 / CLN-07-R04 step change
C0007120,ANL-01-R02 / CLN-07-R04 step change
C0007121,base
C0007122,base
C0007123,base
C0007124,base
C0007125,base
C0007126,base
C0007127,base
C0007128,base
C0007129,base
C0007130,base
C0007131,base
C0007132,base
C0007133,base
C0007134,base
C0007135,PAY-01-R01 exact duplicate
C0007136,PAY-01-R01 exact duplicate
C0007137,base
C0007138,base
C0007139,base
C0007140,base
C0007141,base
C0007142,base
C0007143,base
C0007144,base
C0007145,base
C0007146,base
C0007147,base
C0007148,ANL-01-R02 / CLN-07-R04 step change
C0007149,ANL-01-R02 / CLN-07-R04 step change
C0007150,base
C0007151,base
C0007152,base
C0007153,base
C0007154,ANL-01-R02 / CLN-07-R04 step change
C0007155,ANL-01-R02 / CLN-07-R04 step change
C0007156,ANL-01-R02 / CLN-07-R04 step change
C0007157,base
C0007158,base
C0007159,base
C0007160,base
C0007161,base
C0007162,base
C0007163,base
C0007164,base
C0007165,ANL-01-R02 / CLN-07-R04 step change
C0007166,ANL-01-R02 / CLN-07-R04 step change
C0007167,base
C0007168,base
C0007169,base
C0007170,base
C0007171,base
C0007172,base
C0007173,base
C0007174,base
C0007175,base
C0007176,base
C0007177,base
C0007178,base
C0007179,base
C0007180,base
C0007181,base
C0007182,base
C0007183,base
C0007184,ANL-01-R02 / CLN-07-R04 step change
C0007185,ANL-01-R02 / CLN-07-R04 step change
C0007186,base
C0007187,base
C0007188,base
C0007189,base
C0007190,base
C0007191,base
C0007192,base
C0007193,base
C0007194,base
C0007195,base
C0007196,base
C0007197,base
C0007198,base
C0007199,base
C0007200,base
C0007201,base
C0007202,ANL-01-R02 / CLN-07-R04 step change
C0007203,base
C0007204,base
C0007205,base
C0007206,base
C0007207,base
C0007208,base
C0007209,base
C0007210,base
C0007211,base
C0007212,base
C0007213,ANL-01-R02 / CLN-07-R04 step change
C0007214,ANL-01-R02 / CLN-07-R04 step change
C0007215,base
C0007216,base
C0007217,base
C0007218,base
C0007219,base
C0007220,PAY-01-R03 / CLN-05-R03 episode repeat
C0007221,ANL-01-R02 / CLN-07-R04 step change
C0007222,base
C0007223,base
C0007224,base
C0007225,base
C0007226,base
C0007227,base
C0007228,base
C0007229,ANL-01-R02 / CLN-07-R04 step change
C0007230,ANL-01-R02 / CLN-07-R04 step change
C0007231,ANL-01-R02 / CLN-07-R04 step change
C0007232,base
C0007233,ANL-01-R02 / CLN-07-R04 step change
C0007234,ANL-01-R02 / CLN-07-R04 step change
C0007235,ANL-01-R02 / CLN-07-R04 step change
C0007236,ANL-01-R02 / CLN-07-R04 step change
C0007237,base
C0007238,base
C0007239,base
C0007240,base
C0007241,base
C0007242,base
C0007243,base
C0007244,base
C0007245,base
C0007246,base
C0007247,base
C0007248,base
C0007249,ANL-01-R02 / CLN-07-R04 step change
C0007250,ANL-01-R02 / CLN-07-R04 step change
C0007251,base
C0007252,base
C0007253,base
C0007254,base
C0007255,base
C0007256,base
C0007257,base
C0007258,base
C0007259,base
C0007260,base
C0007261,base
C0007262,base
C0007263,base
C0007264,ANL-01-R02 / CLN-07-R04 step change
C0007265,ANL-01-R02 / CLN-07-R04 step change
C0007266,ANL-01-R02 / CLN-07-R04 step change
C0007267,base
C0007268,base
C0007269,base
C0007270,base
C0007271,base
C0007272,base
C0007273,base
C0007274,base
C0007275,base
C0007276,ANL-01-R02 / CLN-07-R04 step change
C0007277,ANL-01-R02 / CLN-07-R04 step change
C0007278,ANL-01-R02 / CLN-07-R04 step change
C0007279,base
C0007280,base
C0007281,base
C0007282,base
C0007283,base
C0007284,base
C0007285,base
C0007286,base
C0007287,ANL-01-R02 / CLN-07-R04 step change
C0007288,ANL-01-R02 / CLN-07-R04 step change
C0007289,base
C0007290,base
C0007291,base
C0007292,base
C0007293,base
C0007294,ANL-01-R02 / CLN-07-R04 step change
C0007295,ANL-01-R02 / CLN-07-R04 step change
C0007296,ANL-01-R02 / CLN-07-R04 step change
C0007297,ANL-01-R02 / CLN-07-R04 step change
C0007298,base
C0007299,base
C0007300,base
C0007301,base
C0007302,base
C0007303,base
C0007304,base
C0007305,ANL-01-R02 / CLN-07-R04 step change
C0007306,ANL-01-R02 / CLN-07-R04 step change
C0007307,ANL-01-R02 / CLN-07-R04 step change
C0007308,base
C0007309,base
C0007310,base
C0007311,base
C0007312,ANL-01-R02 / CLN-07-R04 step change
C0007313,base
C0007314,base
C0007315,base
C0007316,base
C0007317,base
C0007318,base
C0007319,base
C0007320,base
C0007321,base
C0007322,base
C0007323,base
C0007324,PAY-01-R01 exact duplicate
C0007325,PAY-01-R01 exact duplicate
C0007326,base
C0007327,base
C0007328,base
C0007329,base
C0007330,base
C0007331,base
C0007332,ANL-01-R02 / CLN-07-R04 step change
C0007333,ANL-01-R02 / CLN-07-R04 step change
C0007334,ANL-01-R02 / CLN-07-R04 step change
C0007335,base
C0007336,base
C0007337,ring
C0007338,ring
C0007339,ring
C0007340,ring
C0007341,base
C0007342,base
C0007343,base
C0007344,base
C0007345,base
C0007346,base
C0007347,base
C0007348,base
C0007349,base
C0007350,base
C0007351,base
C0007352,base
C0007353,base
C0007354,base
C0007355,base
C0007356,base
C0007357,base
C0007358,base
C0007359,base
C0007360,base
C0007361,base
C0007362,base
C0007363,base
C0007364,ANL-01-R02 / CLN-07-R04 step change
C0007365,ANL-01-R02 / CLN-07-R04 step change
C0007366,base
C0007367,base
C0007368,base
C0007369,base
C0007370,base
C0007371,ANL-01-R02 / CLN-07-R04 step change
C0007372,ANL-01-R02 / CLN-07-R04 step change
C0007373,ANL-01-R02 / CLN-07-R04 step change
C0007374,base
C0007375,base
C0007376,base
C0007377,base
C0007378,base
C0007379,base
C0007380,base
C0007381,base
C0007382,base
C0007383,base
C0007384,base
C0007385,ANL-01-R02 / CLN-07-R04 step change
C0007386,base
C0007387,base
C0007388,base
C0007389,ANL-01-R02 / CLN-07-R04 step change
C0007390,ANL-01-R02 / CLN-07-R04 step change
C0007391,base
C0007392,base
C0007393,base
C0007394,base
C0007395,base
C0007396,base
C0007397,base
C0007398,ANL-01-R02 / CLN-07-R04 step change
C0007399,base
C0007400,base
C0007401,base
C0007402,base
C0007403,base
C0007404,base
C0007405,base
C0007406,base
C0007407,base
C0007408,base
C0007409,base
C0007410,base
C0007411,base
C0007412,base
C0007413,base
C0007414,base
C0007415,base
C0007416,ANL-01-R02 / CLN-07-R04 step change
C0007417,ANL-01-R02 / CLN-07-R04 step change
C0007418,ANL-01-R02 / CLN-07-R04 step change
C0007419,ANL-01-R02 / CLN-07-R04 step change
C0007420,base
C0007421,base
C0007422,base
C0007423,base
C0007424,base
C0007425,base
C0007426,ANL-01-R02 / CLN-07-R04 step change
C0007427,ANL-01-R02 / CLN-07-R04 step change
C0007428,base
C0007429,base
C0007430,base
C0007431,base
C0007432,base
C0007433,base
C0007434,base
C0007435,ANL-01-R02 / CLN-07-R04 step change
C0007436,ANL-01-R02 / CLN-07-R04 step change
C0007437,base
C0007438,base
C0007439,base
C0007440,base
C0007441,base
C0007442,ANL-01-R02 / CLN-07-R04 step change
C0007443,base
C0007444,base
C0007445,base
C0007446,base
C0007447,base
C0007448,base
C0007449,base
C0007450,base
C0007451,ANL-01-R02 / CLN-07-R04 step change
C0007452,ANL-01-R02 / CLN-07-R04 step change
C0007453,base
C0007454,base
C0007455,base
C0007456,base
C0007457,base
C0007458,base
C0007459,base
C0007460,base
C0007461,base
C0007462,base
C0007463,base
C0007464,base
C0007465,base
C0007466,base
C0007467,base
C0007468,base
C0007469,base
C0007470,ANL-01-R02 / CLN-07-R04 step change
C0007471,base
C0007472,base
C0007473,ANL-01-R02 / CLN-07-R04 step change
C0007474,ANL-01-R02 / CLN-07-R04 step change
C0007475,ANL-01-R02 / CLN-07-R04 step change
C0007476,base
C0007477,base
C0007478,base
C0007479,base
C0007480,base
C0007481,base
C0007482,ring
C0007483,ring
C0007484,ring
C0007485,ring
C0007486,ring
C0007487,base
C0007488,base
C0007489,base
C0007490,ANL-01-R02 / CLN-07-R04 step change
C0007491,ANL-01-R02 / CLN-07-R04 step change
C0007492,base
C0007493,base
C0007494,base
C0007495,base
C0007496,base
C0007497,ANL-01-R02 / CLN-07-R04 step change
C0007498,ANL-01-R02 / CLN-07-R04 step change
C0007499,base
C0007500,base
C0007501,base
C0007502,ANL-01-R02 / CLN-07-R04 step change
C0007503,base
C0007504,base
C0007505,base
C0007506,base
C0007507,base
C0007508,base
C0007509,base
C0007510,base
C0007511,base
C0007512,base
C0007513,base
C0007514,base
C0007515,base
C0007516,base
C0007517,base
C0007518,base
C0007519,base
C0007520,ANL-01-R02 / CLN-07-R04 step change
C0007521,ANL-01-R02 / CLN-07-R04 step change
C0007522,base
C0007523,base
C0007524,base
C0007525,base
C0007526,base
C0007527,base
C0007528,base
C0007529,base
C0007530,ANL-01-R02 / CLN-07-R04 step change
C0007531,ANL-01-R02 / CLN-07-R04 step change
C0007532,ANL-01-R02 / CLN-07-R04 step change
C0007533,base
C0007534,base
C0007535,base
C0007536,base
C0007537,base
C0007538,ANL-01-R02 / CLN-07-R04 step change
C0007539,ANL-01-R02 / CLN-07-R04 step change
C0007540,ANL-01-R02 / CLN-07-R04 step change
C0007541,base
C0007542,base
C0007543,base
C0007544,base
C0007545,base
C0007546,ANL-01-R02 / CLN-07-R04 step change
C0007547,base
C0007548,ring
C0007549,ring
C0007550,ring
C0007551,base
C0007552,base
C0007553,base
C0007554,base
C0007555,base
C0007556,ANL-01-R02 / CLN-07-R04 step change
C0007557,base
C0007558,base
C0007559,base
C0007560,base
C0007561,base
C0007562,base
C0007563,base
C0007564,base
C0007565,base
C0007566,base
C0007567,base
C0007568,base
C0007569,base
C0007570,base
C0007571,base
C0007572,base
C0007573,ANL-01-R02 / CLN-07-R04 step change
C0007574,base
C0007575,base
C0007576,base
C0007577,base
C0007578,base
C0007579,base
C0007580,ANL-01-R02 / CLN-07-R04 step change
C0007581,ANL-01-R02 / CLN-07-R04 step change
C0007582,base
C0007583,base
C0007584,base
C0007585,base
C0007586,base
C0007587,base
C0007588,base
C0007589,base
C0007590,base
C0007591,base
C0007592,base
C0007593,ANL-01-R02 / CLN-07-R04 step change
C0007594,base
C0007595,base
C0007596,base
C0007597,base
C0007598,base
C0007599,base
C0007600,base
C0007601,base
C0007602,base
C0007603,base
C0007604,ANL-01-R02 / CLN-07-R04 step change
C0007605,base
C0007606,base
C0007607,base
C0007608,base
C0007609,base
C0007610,base
C0007611,ANL-01-R02 / CLN-07-R04 step change
C0007612,base
C0007613,base
C0007614,base
C0007615,base
C0007616,base
C0007617,base
C0007618,base
C0007619,base
C0007620,ANL-01-R02 / CLN-07-R04 step change
C0007621,ANL-01-R02 / CLN-07-R04 step change
C0007622,base
C0007623,base
C0007624,base
C0007625,base
C0007626,ANL-01-R02 / CLN-07-R04 step change
C0007627,ANL-01-R02 / CLN-07-R04 step change
C0007628,ANL-01-R02 / CLN-07-R04 step change
C0007629,ANL-01-R02 / CLN-07-R04 step change
C0007630,base
C0007631,base
C0007632,base
C0007633,ANL-01-R02 / CLN-07-R04 step change
C0007634,ANL-01-R02 / CLN-07-R04 step change
C0007635,base
C0007636,base
C0007637,base
C0007638,base
C0007639,base
C0007640,base
C0007641,base
C0007642,base
C0007643,ANL-01-R02 / CLN-07-R04 step change
C0007644,ANL-01-R02 / CLN-07-R04 step change
C0007645,base
C0007646,base
C0007647,base
C0007648,base
C0007649,base
C0007650,base
C0007651,base
C0007652,ANL-01-R02 / CLN-07-R04 step change
C0007653,ANL-01-R02 / CLN-07-R04 step change
C0007654,base
C0007655,base
C0007656,base
C0007657,base
C0007658,base
C0007659,base
C0007660,base
C0007661,base
C0007662,base
C0007663,base
C0007664,base
C0007665,base
C0007666,base
C0007667,ANL-01-R02 / CLN-07-R04 step change
C0007668,base
C0007669,base
C0007670,base
C0007671,base
C0007672,base
C0007673,base
C0007674,base
C0007675,base
C0007676,base
C0007677,base
C0007678,base
C0007679,base
C0007680,base
C0007681,ANL-01-R02 / CLN-07-R04 step change
C0007682,ANL-01-R02 / CLN-07-R04 step change
C0007683,ANL-01-R02 / CLN-07-R04 step change
C0007684,base
C0007685,base
C0007686,base
C0007687,base
C0007688,base
C0007689,base
C0007690,ANL-01-R02 / CLN-07-R04 step change
C0007691,ANL-01-R02 / CLN-07-R04 step change
C0007692,ANL-01-R02 / CLN-07-R04 step change
C0007693,base
C0007694,base
C0007695,base
C0007696,base
C0007697,base
C0007698,base
C0007699,base
C0007700,base
C0007701,base
C0007702,base
C0007703,base
C0007704,base
C0007705,base
C0007706,base
C0007707,base
C0007708,base
C0007709,ANL-01-R02 / CLN-07-R04 step change
C0007710,ANL-01-R02 / CLN-07-R04 step change
C0007711,base
C0007712,base
C0007713,base
C0007714,base
C0007715,ANL-01-R02 / CLN-07-R04 step change
C0007716,base
C0007717,base
C0007718,base
C0007719,base
C0007720,base
C0007721,base
C0007722,base
C0007723,base
C0007724,base
C0007725,base
C0007726,base
C0007727,base
C0007728,base
C0007729,base
C0007730,ANL-01-R02 / CLN-07-R04 step change
C0007731,ANL-01-R02 / CLN-07-R04 step change
C0007732,ANL-01-R02 / CLN-07-R04 step change
C0007733,ANL-01-R02 / CLN-07-R04 step change
C0007734,base
C0007735,base
C0007736,base
C0007737,base
C0007738,base
C0007739,base
C0007740,base
C0007741,base
C0007742,base
C0007743,base
C0007744,base
C0007745,base
C0007746,base
C0007747,base
C0007748,base
C0007749,base
C0007750,ANL-01-R02 / CLN-07-R04 step change
C0007751,ANL-01-R02 / CLN-07-R04 step change
C0007752,ANL-01-R02 / CLN-07-R04 step change
C0007753,base
C0007754,base
C0007755,base
C0007756,base
C0007757,base
C0007758,base
C0007759,base
C0007760,base
C0007761,base
C0007762,base
C0007763,base
C0007764,base
C0007765,ANL-01-R02 / CLN-07-R04 step change
C0007766,ANL-01-R02 / CLN-07-R04 step change
C0007767,base
C0007768,base
C0007769,base
C0007770,base
C0007771,base
C0007772,base
C0007773,base
C0007774,base
C0007775,base
C0007776,PAY-01-R02 near duplicate
C0007777,ANL-01-R02 / CLN-07-R04 step change
C0007778,ANL-01-R02 / CLN-07-R04 step change
C0007779,ANL-01-R02 / CLN-07-R04 step change
C0007780,base
C0007781,base
C0007782,base
C0007783,base
C0007784,base
C0007785,base
C0007786,base
C0007787,base
C0007788,base
C0007789,base
C0007790,base
C0007791,base
C0007792,base
C0007793,base
C0007794,base
C0007795,base
C0007796,base
C0007797,base
C0007798,base
C0007799,base
C0007800,base
C0007801,base
C0007802,ANL-01-R02 / CLN-07-R04 step change
C0007803,ring
C0007804,ring
C0007805,ring
C0007806,ring
C0007807,base
C0007808,base
C0007809,base
C0007810,base
C0007811,base
C0007812,base
C0007813,base
C0007814,base
C0007815,base
C0007816,base
C0007817,base
C0007818,base
C0007819,base
C0007820,base
C0007821,ANL-01-R02 / CLN-07-R04 step change
C0007822,ANL-01-R02 / CLN-07-R04 step change
C0007823,base
C0007824,base
C0007825,base
C0007826,base
C0007827,PAY-01-R02 near duplicate
C0007828,ANL-01-R02 / CLN-07-R04 step change
C0007829,ANL-01-R02 / CLN-07-R04 step change
C0007830,base
C0007831,base
C0007832,base
C0007833,base
C0007834,base
C0007835,ANL-01-R02 / CLN-07-R04 step change
C0007836,ANL-01-R02 / CLN-07-R04 step change
C0007837,ANL-01-R02 / CLN-07-R04 step change
C0007838,base
C0007839,base
C0007840,base
C0007841,base
C0007842,base
C0007843,base
C0007844,base
C0007845,base
C0007846,base
C0007847,base
C0007848,base
C0007849,base
C0007850,base
C0007851,base
C0007852,base
C0007853,base
C0007854,base
C0007855,base
C0007856,ANL-01-R02 / CLN-07-R04 step change
C0007857,base
C0007858,base
C0007859,base
C0007860,base
C0007861,base
C0007862,base
C0007863,base
C0007864,base
C0007865,base
C0007866,base
C0007867,base
C0007868,base
C0007869,base
C0007870,base
C0007871,CLN-05-R01 length-of-stay outlier
C0007872,ANL-01-R02 / CLN-07-R04 step change
C0007873,ANL-01-R02 / CLN-07-R04 step change
C0007874,ANL-01-R02 / CLN-07-R04 step change
C0007875,base
C0007876,base
C0007877,base
C0007878,base
C0007879,base
C0007880,ANL-01-R02 / CLN-07-R04 step change
C0007881,ANL-01-R02 / CLN-07-R04 step change
C0007882,ANL-01-R02 / CLN-07-R04 step change
C0007883,base
C0007884,base
C0007885,base
C0007886,base
C0007887,base
C0007888,base
C0007889,base
C0007890,base
C0007891,base
C0007892,base
C0007893,base
C0007894,base
C0007895,base
C0007896,base
C0007897,base
C0007898,base
C0007899,base
C0007900,base
C0007901,base
C0007902,base
C0007903,base
C0007904,base
C0007905,ANL-01-R02 / CLN-07-R04 step change
C0007906,ANL-01-R02 / CLN-07-R04 step change
C0007907,base
C0007908,base
C0007909,base
C0007910,base
C0007911,base
C0007912,base
C0007913,base
C0007914,base
C0007915,base
C0007916,base
C0007917,base
C0007918,base
C0007919,ANL-01-R02 / CLN-07-R04 step change
C0007920,ANL-01-R02 / CLN-07-R04 step change
C0007921,base
C0007922,base
C0007923,base
C0007924,base
C0007925,base
C0007926,base
C0007927,ANL-01-R02 / CLN-07-R04 step change
C0007928,base
C0007929,base
C0007930,base
C0007931,base
C0007932,base
C0007933,base
C0007934,base
C0007935,base
C0007936,base
C0007937,base
C0007938,base
C0007939,base
C0007940,base
C0007941,ANL-01-R02 / CLN-07-R04 step change
C0007942,ANL-01-R02 / CLN-07-R04 step change
C0007943,base
C0007944,base
C0007945,base
C0007946,base
C0007947,base
C0007948,base
C0007949,base
C0007950,base
C0007951,base
C0007952,base
C0007953,base
C0007954,base
C0007955,ANL-01-R02 / CLN-07-R04 step change
C0007956,ANL-01-R02 / CLN-07-R04 step change
C0007957,base
C0007958,ring
C0007959,base
C0007960,ANL-01-R02 / CLN-07-R04 step change
C0007961,ANL-01-R02 / CLN-07-R04 step change
C0007962,ANL-01-R02 / CLN-07-R04 step change
C0007963,ANL-01-R02 / CLN-07-R04 step change
C0007964,ANL-01-R02 / CLN-07-R04 step change
C0007965,base
C0007966,ANL-01-R02 / CLN-07-R04 step change
C0007967,ANL-01-R02 / CLN-07-R04 step change
C0007968,ANL-01-R02 / CLN-07-R04 step change
C0007969,base
C0007970,base
C0007971,base
C0007972,base
C0007973,base
C0007974,base
C0007975,base
C0007976,base
C0007977,base
C0007978,base
C0007979,base
C0007980,base
C0007981,ANL-01-R02 / CLN-07-R04 step change
C0007982,base
C0007983,base
C0007984,base
C0007985,base
C0007986,base
C0007987,base
C0007988,base
C0007989,base
C0007990,ANL-01-R02 / CLN-07-R04 step change
C0007991,ANL-01-R02 / CLN-07-R04 step change
C0007992,base
C0007993,base
C0007994,base
C0007995,ANL-01-R02 / CLN-07-R04 step change
C0007996,base
C0007997,base
C0007998,base
C0007999,base
C0008000,ANL-01-R02 / CLN-07-R04 step change
C0008001,base
C0008002,base
C0008003,base
C0008004,base
C0008005,base
C0008006,base
C0008007,ANL-01-R02 / CLN-07-R04 step change
C0008008,ANL-01-R02 / CLN-07-R04 step change
C0008009,ANL-01-R02 / CLN-07-R04 step change
C0008010,base
C0008011,base
C0008012,base
C0008013,base
C0008014,base
C0008015,base
C0008016,base
C0008017,base
C0008018,ANL-01-R02 / CLN-07-R04 step change
C0008019,ANL-01-R02 / CLN-07-R04 step change
C0008020,base
C0008021,base
C0008022,base
C0008023,base
C0008024,base
C0008025,base
C0008026,base
C0008027,base
C0008028,base
C0008029,base
C0008030,base
C0008031,base
C0008032,ANL-01-R02 / CLN-07-R04 step change
C0008033,ANL-01-R02 / CLN-07-R04 step change
C0008034,base
C0008035,base
C0008036,base
C0008037,base
C0008038,base
C0008039,base
C0008040,base
C0008041,base
C0008042,base
C0008043,ANL-01-R02 / CLN-07-R04 step change
C0008044,base
C0008045,base
C0008046,base
C0008047,base
C0008048,base
C0008049,base
C0008050,base
C0008051,ANL-01-R02 / CLN-07-R04 step change
C0008052,base
C0008053,base
C0008054,base
C0008055,base
C0008056,base
C0008057,base
C0008058,ANL-01-R02 / CLN-07-R04 step change
C0008059,ANL-01-R02 / CLN-07-R04 step change
C0008060,ring
C0008061,ring
C0008062,base
C0008063,base
C0008064,base
C0008065,base
C0008066,base
C0008067,base
C0008068,base
C0008069,base
C0008070,base
C0008071,base
C0008072,base
C0008073,base
C0008074,base
C0008075,base
C0008076,ANL-01-R02 / CLN-07-R04 step change
C0008077,base
C0008078,base
C0008079,base
C0008080,base
C0008081,base
C0008082,base
C0008083,ANL-01-R02 / CLN-07-R04 step change
C0008084,ANL-01-R02 / CLN-07-R04 step change
C0008085,base
C0008086,base
C0008087,base
C0008088,base
C0008089,base
C0008090,ANL-01-R02 / CLN-07-R04 step change
C0008091,base
C0008092,base
C0008093,base
C0008094,base
C0008095,base
C0008096,base
C0008097,base
C0008098,base
C0008099,base
C0008100,base
C0008101,base
C0008102,base
C0008103,base
C0008104,base
C0008105,base
C0008106,base
C0008107,ANL-01-R02 / CLN-07-R04 step change
C0008108,ANL-01-R02 / CLN-07-R04 step change
C0008109,base
C0008110,base
C0008111,base
C0008112,base
C0008113,base
C0008114,ring
C0008115,ring
C0008116,base
C0008117,base
C0008118,CLN-05-R01 length-of-stay outlier
C0008119,base
C0008120,base
C0008121,base
C0008122,base
C0008123,ANL-01-R02 / CLN-07-R04 step change
C0008124,base
C0008125,base
C0008126,base
C0008127,base
C0008128,base
C0008129,base
C0008130,base
C0008131,base
C0008132,base
C0008133,base
C0008134,base
C0008135,base
C0008136,base
C0008137,base
C0008138,base
C0008139,base
C0008140,base
C0008141,base
C0008142,base
C0008143,ANL-01-R02 / CLN-07-R04 step change
C0008144,base
C0008145,base
C0008146,base
C0008147,base
C0008148,base
C0008149,base
C0008150,base
C0008151,ring
C0008152,ring
C0008153,ring
C0008154,ring
C0008155,ring
C0008156,base
C0008157,base
C0008158,base
C0008159,ANL-01-R02 / CLN-07-R04 step change
C0008160,base
C0008161,base
C0008162,base
C0008163,base
C0008164,base
C0008165,ANL-01-R02 / CLN-07-R04 step change
C0008166,ANL-01-R02 / CLN-07-R04 step change
C0008167,base
C0008168,base
C0008169,base
C0008170,base
C0008171,base
C0008172,base
C0008173,base
C0008174,base
C0008175,base
C0008176,base
C0008177,base
C0008178,base
C0008179,base
C0008180,base
C0008181,base
C0008182,base
C0008183,base
C0008184,base
C0008185,base
C0008186,base
C0008187,base
C0008188,base
C0008189,ANL-01-R02 / CLN-07-R04 step change
C0008190,ANL-01-R02 / CLN-07-R04 step change
C0008191,base
C0008192,base
C0008193,base
C0008194,base
C0008195,ANL-01-R02 / CLN-07-R04 step change
C0008196,ANL-01-R02 / CLN-07-R04 step change
C0008197,ANL-01-R02 / CLN-07-R04 step change
C0008198,base
C0008199,base
C0008200,base
C0008201,base
C0008202,ANL-01-R02 / CLN-07-R04 step change
C0008203,ANL-01-R02 / CLN-07-R04 step change
C0008204,base
C0008205,base
C0008206,base
C0008207,base
C0008208,base
C0008209,base
C0008210,base
C0008211,base
C0008212,base
C0008213,base
C0008214,base
C0008215,base
C0008216,base
C0008217,base
C0008218,base
C0008219,base
C0008220,base
C0008221,ANL-01-R02 / CLN-07-R04 step change
C0008222,base
C0008223,base
C0008224,base
C0008225,base
C0008226,base
C0008227,ANL-01-R02 / CLN-07-R04 step change
C0008228,ANL-01-R02 / CLN-07-R04 step change
C0008229,ring
C0008230,ring
C0008231,base
C0008232,base
C0008233,base
C0008234,base
C0008235,base
C0008236,base
C0008237,base
C0008238,base
C0008239,base
C0008240,base
C0008241,base
C0008242,base
C0008243,base
C0008244,PAY-06-R02 amount arithmetic
C0008245,ANL-01-R02 / CLN-07-R04 step change
C0008246,ANL-01-R02 / CLN-07-R04 step change
C0008247,base
C0008248,base
C0008249,base
C0008250,base
C0008251,base
C0008252,base
C0008253,base
C0008254,base
C0008255,base
C0008256,base
C0008257,base
C0008258,base
C0008259,base
C0008260,base
C0008261,base
C0008262,base
C0008263,base
C0008264,base
C0008265,ANL-01-R02 / CLN-07-R04 step change
C0008266,ANL-01-R02 / CLN-07-R04 step change
C0008267,base
C0008268,base
C0008269,base
C0008270,base
C0008271,base
C0008272,base
C0008273,base
C0008274,base
C0008275,base
C0008276,base
C0008277,base
C0008278,base
C0008279,base
C0008280,base
C0008281,base
C0008282,base
C0008283,base
C0008284,base
C0008285,base
C0008286,base
C0008287,base
C0008288,base
C0008289,base
C0008290,base
C0008291,base
C0008292,base
C0008293,ANL-01-R02 / CLN-07-R04 step change
C0008294,base
C0008295,base
C0008296,base
C0008297,base
C0008298,base
C0008299,base
C0008300,base
C0008301,base
C0008302,base
C0008303,base
C0008304,base
C0008305,base
C0008306,base
C0008307,base
C0008308,base
C0008309,base
C0008310,base
C0008311,base
C0008312,base
C0008313,ANL-01-R02 / CLN-07-R04 step change
C0008314,ANL-01-R02 / CLN-07-R04 step change
C0008315,ANL-01-R02 / CLN-07-R04 step change
C0008316,base
C0008317,base
C0008318,base
C0008319,base
C0008320,base
C0008321,base
C0008322,base
C0008323,base
C0008324,base
C0008325,PAY-01-R03 / CLN-05-R03 episode repeat
C0008326,base
C0008327,ANL-01-R02 / CLN-07-R04 step change
C0008328,base
C0008329,base
C0008330,base
C0008331,base
C0008332,base
C0008333,base
C0008334,base
C0008335,base
C0008336,base
C0008337,base
C0008338,base
C0008339,PAY-01-R02 near duplicate
C0008340,base
C0008341,base
C0008342,base
C0008343,base
C0008344,base
C0008345,base
C0008346,base
C0008347,ring
C0008348,ring
C0008349,ring
C0008350,base
C0008351,PAY-01-R02 near duplicate
C0008352,ANL-01-R02 / CLN-07-R04 step change
C0008353,base
C0008354,base
C0008355,base
C0008356,base
C0008357,base
C0008358,base
C0008359,base
C0008360,base
C0008361,base
C0008362,base
C0008363,base
C0008364,base
C0008365,base
C0008366,ANL-01-R02 / CLN-07-R04 step change
C0008367,ANL-01-R02 / CLN-07-R04 step change
C0008368,ANL-01-R02 / CLN-07-R04 step change
C0008369,base
C0008370,base
C0008371,base
C0008372,base
C0008373,base
C0008374,base
C0008375,base
C0008376,base
C0008377,base
C0008378,base
C0008379,base
C0008380,ANL-01-R02 / CLN-07-R04 step change
C0008381,base
C0008382,base
C0008383,base
C0008384,base
C0008385,base
C0008386,base
C0008387,base
C0008388,base
C0008389,base
C0008390,base
C0008391,base
C0008392,base
C0008393,base
C0008394,base
C0008395,base
C0008396,base
C0008397,base
C0008398,base
C0008399,base
C0008400,base
C0008401,base
C0008402,base
C0008403,base
C0008404,base
C0008405,base
C0008406,base
C0008407,base
C0008408,base
C0008409,base
C0008410,base
C0008411,base
C0008412,base
C0008413,base
C0008414,base
C0008415,base
C0008416,base
C0008417,base
C0008418,base
C0008419,base
C0008420,base
C0008421,base
C0008422,base
C0008423,base
C0008424,base
C0008425,base
C0008426,ANL-01-R02 / CLN-07-R04 step change
C0008427,base
C0008428,base
C0008429,ring
C0008430,ring
C0008431,base
C0008432,base
C0008433,base
C0008434,base
C0008435,base
C0008436,base
C0008437,base
C0008438,base
C0008439,base
C0008440,base
C0008441,base
C0008442,base
C0008443,base
C0008444,base
C0008445,base
C0008446,base
C0008447,base
C0008448,base
C0008449,ANL-01-R02 / CLN-07-R04 step change
C0008450,base
C0008451,base
C0008452,base
C0008453,base
C0008454,base
C0008455,base
C0008456,base
C0008457,base
C0008458,base
C0008459,base
C0008460,base
C0008461,base
C0008462,base
C0008463,base
C0008464,ANL-01-R02 / CLN-07-R04 step change
C0008465,base
C0008466,base
C0008467,base
C0008468,base
C0008469,base
C0008470,base
C0008471,base
C0008472,base
C0008473,ring
C0008474,base
C0008475,base
C0008476,base
C0008477,base
C0008478,base
C0008479,base
C0008480,base
C0008481,base
C0008482,base
C0008483,base
C0008484,ANL-01-R02 / CLN-07-R04 step change
C0008485,base
C0008486,base
C0008487,base
C0008488,base
C0008489,base
C0008490,base
C0008491,base
C0008492,base
C0008493,base
C0008494,base
C0008495,base
C0008496,base
C0008497,base
C0008498,base
C0008499,base
C0008500,base
C0008501,base
C0008502,base
C0008503,base
C0008504,base
C0008505,base
C0008506,base
C0008507,PAY-06-R02 amount arithmetic
C0008508,base
C0008509,base
C0008510,PAY-01-R03 / CLN-05-R03 episode repeat
C0008511,ANL-01-R02 / CLN-07-R04 step change
C0008512,ring
C0008513,ring
C0008514,base
C0008515,base
C0008516,base
C0008517,base
C0008518,base
C0008519,ANL-01-R02 / CLN-07-R04 step change
C0008520,base
C0008521,base
C0008522,base
C0008523,base
C0008524,base
C0008525,base
C0008526,base
C0008527,base
C0008528,base
C0008529,base
C0008530,base
C0008531,base
C0008532,base
C0008533,base
C0008534,base
C0008535,base
C0008536,ANL-01-R02 / CLN-07-R04 step change
C0008537,ANL-01-R02 / CLN-07-R04 step change
C0008538,base
C0008539,base
C0008540,base
C0008541,base
C0008542,base
C0008543,base
C0008544,ANL-01-R02 / CLN-07-R04 step change
C0008545,base
C0008546,base
C0008547,base
C0008548,base
C0008549,base
C0008550,base
C0008551,base
C0008552,base
C0008553,base
C0008554,base
C0008555,base
C0008556,base
C0008557,base
C0008558,ring
C0008559,ring
C0008560,base
C0008561,base
C0008562,base
C0008563,base
C0008564,base
C0008565,base
C0008566,base
C0008567,base
C0008568,base
C0008569,base
C0008570,base
C0008571,base
C0008572,base
C0008573,base
C0008574,base
C0008575,base
C0008576,base
C0008577,base
C0008578,base
C0008579,base
C0008580,base
C0008581,ANL-01-R02 / CLN-07-R04 step change
C0008582,base
C0008583,base
C0008584,base
C0008585,base
C0008586,base
C0008587,base
C0008588,base
C0008589,base
C0008590,base
C0008591,base
C0008592,base
C0008593,base
C0008594,base
C0008595,ANL-01-R02 / CLN-07-R04 step change
C0008596,base
C0008597,base
C0008598,base
C0008599,base
C0008600,base
C0008601,ring
C0008602,ring
C0008603,ring
C0008604,base
C0008605,base
C0008606,base
C0008607,base
C0008608,ANL-01-R02 / CLN-07-R04 step change
C0008609,base
C0008610,base
C0008611,base
C0008612,base
C0008613,base
C0008614,base
C0008615,base
C0008616,base
C0008617,base
C0008618,base
C0008619,base
C0008620,base
C0008621,base
C0008622,base
C0008623,base
C0008624,base
C0008625,base
C0008626,base
C0008627,base
C0008628,base
C0008629,base
C0008630,base
C0008631,base
C0008632,base
C0008633,base
C0008634,ANL-01-R02 / CLN-07-R04 step change
C0008635,base
C0008636,base
C0008637,base
C0008638,base
C0008639,ring
C0008640,base
C0008641,base
C0008642,base
C0008643,base
C0008644,base
C0008645,base
C0008646,base
C0008647,base
C0008648,base
C0008649,ANL-01-R02 / CLN-07-R04 step change
C0008650,base
C0008651,base
C0008652,base
C0008653,base
C0008654,base
C0008655,base
C0008656,base
C0008657,base
C0008658,base
C0008659,base
C0008660,base
C0008661,base
C0008662,ANL-01-R02 / CLN-07-R04 step change
C0008663,base
C0008664,base
C0008665,base
C0008666,base
C0008667,base
C0008668,base
C0008669,base
C0008670,base
C0008671,base
C0008672,base
C0008673,base
C0008674,base
C0008675,base
C0008676,base
C0008677,base
C0008678,base
C0008679,base
C0008680,ANL-01-R02 / CLN-07-R04 step change
C0008681,base
C0008682,base
C0008683,base
C0008684,base
C0008685,base
C0008686,base
C0008687,base
C0008688,base
C0008689,base
C0008690,base
C0008691,base
C0008692,base
C0008693,ANL-01-R02 / CLN-07-R04 step change
C0008694,base
C0008695,base
C0008696,base
C0008697,base
C0008698,base
C0008699,base
C0008700,base
C0008701,PAY-01-R01 exact duplicate
C0008702,PAY-01-R01 exact duplicate
C0008703,ANL-01-R02 / CLN-07-R04 step change
C0008704,base
C0008705,base
C0008706,base
C0008707,base
C0008708,base
C0008709,base
C0008710,base
C0008711,base
C0008712,base
C0008713,base
C0008714,base
C0008715,base
C0008716,base
C0008717,base
C0008718,ANL-01-R02 / CLN-07-R04 step change
C0008719,ANL-01-R02 / CLN-07-R04 step change
C0008720,base
C0008721,base
C0008722,base
C0008723,base
C0008724,base
C0008725,base
C0008726,base
C0008727,base
C0008728,base
C0008729,base
C0008730,base
C0008731,base
C0008732,base
C0008733,base
C0008734,base
C0008735,base
C0008736,base
C0008737,base
C0008738,base
C0008739,ANL-01-R02 / CLN-07-R04 step change
C0008740,ring
C0008741,ring
C0008742,ring
C0008743,ring
C0008744,base
C0008745,base
C0008746,base
C0008747,base
C0008748,base
C0008749,base
C0008750,base
C0008751,base
C0008752,PAY-01-R03 / CLN-05-R03 episode repeat
C0008753,base
C0008754,base
C0008755,base
C0008756,base
C0008757,base
C0008758,base
C0008759,base
C0008760,base
C0008761,base
C0008762,base
C0008763,base
C0008764,base
C0008765,base
C0008766,base
C0008767,base
C0008768,base
C0008769,ANL-01-R02 / CLN-07-R04 step change
C0008770,ANL-01-R02 / CLN-07-R04 step change
C0008771,base
C0008772,base
C0008773,base
C0008774,base
C0008775,base
C0008776,base
C0008777,base
C0008778,base
C0008779,base
C0008780,base
C0008781,base
C0008782,base
C0008783,base
C0008784,base
C0008785,base
C0008786,base
C0008787,base
C0008788,base
C0008789,base
C0008790,base
C0008791,base
C0008792,base
C0008793,base
C0008794,base
C0008795,base
C0008796,base
C0008797,base
C0008798,base
C0008799,PAY-01-R03 / CLN-05-R03 episode repeat
C0008800,ANL-01-R02 / CLN-07-R04 step change
C0008801,base
C0008802,base
C0008803,base
C0008804,base
C0008805,base
C0008806,base
C0008807,base
C0008808,base
C0008809,base
C0008810,base
C0008811,base
C0008812,ANL-01-R02 / CLN-07-R04 step change
C0008813,base
C0008814,base
C0008815,base
C0008816,base
C0008817,base
C0008818,base
C0008819,base
C0008820,base
C0008821,base
C0008822,base
C0008823,base
C0008824,base
C0008825,base
C0008826,base
C0008827,ANL-01-R02 / CLN-07-R04 step change
C0008828,base
C0008829,base
C0008830,base
C0008831,base
C0008832,base
C0008833,base
C0008834,base
C0008835,base
C0008836,base
C0008837,base
C0008838,base
C0008839,base
C0008840,base
C0008841,base
C0008842,base
C0008843,base
C0008844,base
C0008845,base
C0008846,base
C0008847,base
C0008848,base
C0008849,base
C0008850,base
C0008851,base
C0008852,base
C0008853,base
C0008854,ANL-01-R02 / CLN-07-R04 step change
C0008855,base
C0008856,base
C0008857,base
C0008858,base
C0008859,base
C0008860,base
C0008861,base
C0008862,base
C0008863,base
C0008864,base
C0008865,base
C0008866,base
C0008867,base
C0008868,base
C0008869,base
C0008870,ANL-01-R02 / CLN-07-R04 step change
C0008871,ANL-01-R02 / CLN-07-R04 step change
C0008872,base
C0008873,base
C0008874,base
C0008875,base
C0008876,base
C0008877,base
C0008878,ANL-01-R02 / CLN-07-R04 step change
C0008879,ANL-01-R02 / CLN-07-R04 step change
C0008880,base
C0008881,base
C0008882,base
C0008883,base
C0008884,base
C0008885,base
C0008886,ANL-01-R02 / CLN-07-R04 step change
C0008887,base
C0008888,base
C0008889,base
C0008890,base
C0008891,base
C0008892,base
C0008893,base
C0008894,base
C0008895,base
C0008896,base
C0008897,base
C0008898,base
C0008899,base
C0008900,base
C0008901,base
C0008902,base
C0008903,base
C0008904,base
C0008905,base
C0008906,ANL-01-R02 / CLN-07-R04 step change
C0008907,ANL-01-R02 / CLN-07-R04 step change
C0008908,ANL-01-R02 / CLN-07-R04 step change
C0008909,ANL-01-R02 / CLN-07-R04 step change
C0008910,base
C0008911,base
C0008912,base
C0008913,base
C0008914,base
C0008915,ANL-01-R02 / CLN-07-R04 step change
C0008916,base
C0008917,base
C0008918,base
C0008919,base
C0008920,base
C0008921,base
C0008922,base
C0008923,ANL-01-R02 / CLN-07-R04 step change
C0008924,base
C0008925,base
C0008926,base
C0008927,base
C0008928,base
C0008929,base
C0008930,base
C0008931,base
C0008932,base
C0008933,base
C0008934,base
C0008935,base
C0008936,base
C0008937,base
C0008938,base
C0008939,base
C0008940,base
C0008941,base
C0008942,base
C0008943,base
C0008944,base
C0008945,base
C0008946,base
C0008947,base
C0008948,ANL-01-R02 / CLN-07-R04 step change
C0008949,base
C0008950,base
C0008951,base
C0008952,base
C0008953,ANL-01-R02 / CLN-07-R04 step change
C0008954,base
C0008955,base
C0008956,base
C0008957,base
C0008958,base
C0008959,base
C0008960,base
C0008961,base
C0008962,base
C0008963,PAY-06-R02 amount arithmetic
C0008964,ANL-01-R02 / CLN-07-R04 step change
C0008965,ANL-01-R02 / CLN-07-R04 step change
C0008966,base
C0008967,base
C0008968,base
C0008969,base
C0008970,base
C0008971,base
C0008972,base
C0008973,base
C0008974,ANL-01-R02 / CLN-07-R04 step change
C0008975,base
C0008976,base
C0008977,base
C0008978,base
C0008979,base
C0008980,base
C0008981,base
C0008982,ANL-01-R02 / CLN-07-R04 step change
C0008983,ANL-01-R02 / CLN-07-R04 step change
C0008984,base
C0008985,base
C0008986,base
C0008987,base
C0008988,base
C0008989,base
C0008990,base
C0008991,base
C0008992,base
C0008993,base
C0008994,ring
C0008995,ring
C0008996,ring
C0008997,base
C0008998,base
C0008999,base
C0009000,base
C0009001,base
C0009002,PAY-01-R03 / CLN-05-R03 episode repeat
C0009003,ANL-01-R02 / CLN-07-R04 step change
C0009004,ANL-01-R02 / CLN-07-R04 step change
C0009005,base
C0009006,base
C0009007,base
C0009008,base
C0009009,base
C0009010,base
C0009011,ANL-01-R02 / CLN-07-R04 step change
C0009012,base
C0009013,base
C0009014,base
C0009015,base
C0009016,base
C0009017,base
C0009018,base
C0009019,base
C0009020,base
C0009021,base
C0009022,base
C0009023,base
C0009024,base
C0009025,base
C0009026,ANL-01-R02 / CLN-07-R04 step change
C0009027,base
C0009028,base
C0009029,base
C0009030,base
C0009031,base
C0009032,base
C0009033,base
C0009034,PAY-01-R03 / CLN-05-R03 episode repeat
C0009035,ANL-01-R02 / CLN-07-R04 step change
C0009036,base
C0009037,base
C0009038,base
C0009039,base
C0009040,base
C0009041,base
C0009042,base
C0009043,ANL-01-R02 / CLN-07-R04 step change
C0009044,ANL-01-R02 / CLN-07-R04 step change
C0009045,base
C0009046,base
C0009047,base
C0009048,base
C0009049,CLN-07-R02 capacity breach
C0009050,CLN-07-R02 capacity breach
C0009051,CLN-07-R02 capacity breach
C0009052,CLN-07-R02 capacity breach
C0009053,CLN-07-R02 capacity breach
C0009054,base
C0009055,base
C0009056,base
C0009057,base
C0009058,base
C0009059,base
C0009060,base
C0009061,base
C0009062,CLN-07-R02 capacity breach
C0009063,CLN-07-R02 capacity breach
C0009064,CLN-07-R02 capacity breach
C0009065,CLN-07-R02 capacity breach
C0009066,CLN-07-R02 capacity breach
C0009067,CLN-07-R02 capacity breach
C0009068,ANL-01-R02 / CLN-07-R04 step change
C0009069,ANL-01-R02 / CLN-07-R04 step change
C0009070,ANL-01-R02 / CLN-07-R04 step change
C0009071,base
C0009072,base
C0009073,base
C0009074,base
C0009075,base
C0009076,base
C0009077,base
C0009078,CLN-07-R02 capacity breach
C0009079,CLN-07-R02 capacity breach
C0009080,CLN-07-R02 capacity breach
C0009081,CLN-07-R02 capacity breach
C0009082,CLN-07-R02 capacity breach
C0009083,CLN-07-R02 capacity breach
C0009084,CLN-07-R02 capacity breach
C0009085,CLN-07-R02 capacity breach
C0009086,ANL-01-R02 / CLN-07-R04 step change
C0009087,ANL-01-R02 / CLN-07-R04 step change
C0009088,base
C0009089,base
C0009090,base
C0009091,base
C0009092,base
C0009093,base
C0009094,base
C0009095,base
C0009096,base
C0009097,CLN-07-R02 capacity breach
C0009098,CLN-07-R02 capacity breach
C0009099,CLN-07-R02 capacity breach
C0009100,CLN-07-R02 capacity breach
C0009101,CLN-07-R02 capacity breach
C0009102,CLN-07-R02 capacity breach
C0009103,ANL-01-R02 / CLN-07-R04 step change
C0009104,base
C0009105,base
C0009106,base
C0009107,base
C0009108,base
C0009109,base
C0009110,base
C0009111,base
C0009112,base
C0009113,base
C0009114,base
C0009115,base
C0009116,CLN-07-R02 capacity breach
C0009117,CLN-07-R02 capacity breach
C0009118,CLN-07-R02 capacity breach
C0009119,CLN-07-R02 capacity breach
C0009120,CLN-07-R02 capacity breach
C0009121,CLN-07-R02 capacity breach
C0009122,ANL-01-R02 / CLN-07-R04 step change
C0009123,base
C0009124,base
C0009125,base
C0009126,base
C0009127,base
C0009128,base
C0009129,base
C0009130,base
C0009131,base
C0009132,base
C0009133,base
C0009134,CLN-07-R02 capacity breach
C0009135,CLN-07-R02 capacity breach
C0009136,CLN-07-R02 capacity breach
C0009137,CLN-07-R02 capacity breach
C0009138,CLN-07-R02 capacity breach
C0009139,CLN-07-R02 capacity breach
C0009140,base
C0009141,base
C0009142,base
C0009143,base
C0009144,base
C0009145,base
C0009146,base
C0009147,base
C0009148,CLN-07-R02 capacity breach
C0009149,CLN-07-R02 capacity breach
C0009150,CLN-07-R02 capacity breach
C0009151,CLN-07-R02 capacity breach
C0009152,CLN-07-R02 capacity breach
C0009153,ANL-01-R02 / CLN-07-R04 step change
C0009154,ANL-01-R02 / CLN-07-R04 step change
C0009155,base
C0009156,base
C0009157,CLN-07-R02 capacity breach
C0009158,CLN-07-R02 capacity breach
C0009159,CLN-07-R02 capacity breach
C0009160,CLN-07-R02 capacity breach
C0009161,ANL-01-R02 / CLN-07-R04 step change
C0009162,base
C0009163,CLN-07-R02 capacity breach
C0009164,CLN-07-R02 capacity breach
C0009165,CLN-07-R02 capacity breach
C0009166,CLN-07-R02 capacity breach
C0009167,CLN-07-R02 capacity breach
C0009168,ANL-01-R02 / CLN-07-R04 step change
C0009169,ANL-01-R02 / CLN-07-R04 step change
C0009170,ANL-01-R02 / CLN-07-R04 step change
C0009171,base
C0009172,base
C0009173,base
C0009174,base
C0009175,CLN-07-R02 capacity breach
C0009176,CLN-07-R02 capacity breach
C0009177,CLN-07-R02 capacity breach
C0009178,CLN-07-R02 capacity breach
C0009179,ANL-01-R02 / CLN-07-R04 step change
C0009180,base
C0009181,base
C0009182,base
C0009183,base
C0009184,base
C0009185,base
C0009186,base
C0009187,base
C0009188,base
C0009189,base
C0009190,base
C0009191,base
C0009192,CLN-07-R02 capacity breach
C0009193,CLN-07-R02 capacity breach
C0009194,CLN-07-R02 capacity breach
C0009195,CLN-07-R02 capacity breach
C0009196,CLN-07-R02 capacity breach
C0009197,CLN-07-R02 capacity breach
C0009198,CLN-07-R02 capacity breach
C0009199,ANL-01-R02 / CLN-07-R04 step change
C0009200,ANL-01-R02 / CLN-07-R04 step change
C0009201,ANL-01-R02 / CLN-07-R04 step change
C0009202,base
C0009203,base
C0009204,base
C0009205,base
C0009206,base
C0009207,base
C0009208,base
C0009209,base
C0009210,base
C0009211,base
C0009212,base
C0009213,base
C0009214,ANL-01-R02 / CLN-07-R04 step change
C0009215,base
C0009216,base
C0009217,ANL-01-R02 / CLN-07-R04 step change
C0009218,ANL-01-R02 / CLN-07-R04 step change
C0009219,base
C0009220,base
C0009221,base
C0009222,base
C0009223,base
C0009224,base
C0009225,base
C0009226,base
C0009227,base
C0009228,base
C0009229,base
C0009230,base
C0009231,base
C0009232,base
C0009233,base
C0009234,base
C0009235,base
C0009236,base
C0009237,base
C0009238,base
C0009239,base
C0009240,base
C0009241,base
C0009242,base
C0009243,base
C0009244,ANL-01-R02 / CLN-07-R04 step change
C0009245,base
C0009246,base
C0009247,base
C0009248,base
C0009249,base
C0009250,base
C0009251,ANL-01-R02 / CLN-07-R04 step change
C0009252,base
C0009253,base
C0009254,base
C0009255,base
C0009256,base
C0009257,base
C0009258,base
C0009259,base
C0009260,base
C0009261,base
C0009262,base
C0009263,base
C0009264,base
C0009265,base
C0009266,ANL-01-R02 / CLN-07-R04 step change
C0009267,base
C0009268,base
C0009269,base
C0009270,base
C0009271,base
C0009272,base
C0009273,base
C0009274,base
C0009275,base
C0009276,base
C0009277,base
C0009278,base
C0009279,base
C0009280,base
C0009281,base
C0009282,ANL-01-R02 / CLN-07-R04 step change
C0009283,base
C0009284,base
C0009285,base
C0009286,base
C0009287,base
C0009288,base
C0009289,base
C0009290,base
C0009291,base
C0009292,base
C0009293,base
C0009294,base
C0009295,ANL-01-R02 / CLN-07-R04 step change
C0009296,ANL-01-R02 / CLN-07-R04 step change
C0009297,base
C0009298,base
C0009299,base
C0009300,base
C0009301,base
C0009302,base
C0009303,base
C0009304,ANL-01-R02 / CLN-07-R04 step change
C0009305,base
C0009306,base
C0009307,base
C0009308,base
C0009309,base
C0009310,base
C0009311,base
C0009312,base
C0009313,base
C0009314,base
C0009315,base
C0009316,base
C0009317,base
C0009318,base
C0009319,base
C0009320,base
C0009321,base
C0009322,base
C0009323,base
C0009324,base
C0009325,base
C0009326,base
C0009327,base
C0009328,base
C0009329,base
C0009330,base
C0009331,base
C0009332,base
C0009333,base
C0009334,base
C0009335,base
C0009336,base
C0009337,base
C0009338,base
C0009339,base
C0009340,base
C0009341,base
C0009342,base
C0009343,base
C0009344,base
C0009345,base
C0009346,base
C0009347,base
C0009348,base
C0009349,base
C0009350,base
C0009351,base
C0009352,base
C0009353,base
C0009354,base
C0009355,base
C0009356,base
C0009357,base
C0009358,base
C0009359,base
C0009360,base
C0009361,base
C0009362,base
C0009363,base
C0009364,base
C0009365,base
C0009366,base
C0009367,base
C0009368,base
C0009369,base
C0009370,ANL-01-R02 / CLN-07-R04 step change
C0009371,ANL-01-R02 / CLN-07-R04 step change
C0009372,base
C0009373,base
C0009374,base
C0009375,base
C0009376,base
C0009377,base
C0009378,base
C0009379,base
C0009380,base
C0009381,base
C0009382,base
C0009383,base
C0009384,base
C0009385,base
C0009386,base
C0009387,base
C0009388,base
C0009389,base
C0009390,base
C0009391,base
C0009392,base
C0009393,base
C0009394,base
C0009395,base
C0009396,base
C0009397,base
C0009398,base
C0009399,base
C0009400,base
C0009401,base
C0009402,base
C0009403,base
C0009404,base
C0009405,base
C0009406,base
C0009407,base
C0009408,ANL-01-R02 / CLN-07-R04 step change
C0009409,ANL-01-R02 / CLN-07-R04 step change
C0009410,base
C0009411,base
C0009412,base
C0009413,base
C0009414,base
C0009415,base
C0009416,base
C0009417,base
C0009418,base
C0009419,ANL-01-R02 / CLN-07-R04 step change
C0009420,base
C0009421,base
C0009422,base
C0009423,base
C0009424,base
C0009425,base
C0009426,base
C0009427,base
C0009428,base
C0009429,base
C0009430,base
C0009431,base
C0009432,base
C0009433,base
C0009434,base
C0009435,base
C0009436,base
C0009437,base
C0009438,base
C0009439,base
C0009440,base
C0009441,base
C0009442,ANL-01-R02 / CLN-07-R04 step change
C0009443,ANL-01-R02 / CLN-07-R04 step change
C0009444,base
C0009445,base
C0009446,base
C0009447,base
C0009448,base
C0009449,base
C0009450,base
C0009451,base
C0009452,base
C0009453,base
C0009454,base
C0009455,base
C0009456,base
C0009457,base
C0009458,ANL-01-R02 / CLN-07-R04 step change
C0009459,base
C0009460,base
C0009461,base
C0009462,base
C0009463,base
C0009464,base
C0009465,base
C0009466,base
C0009467,base
C0009468,base
C0009469,base
C0009470,base
C0009471,base
C0009472,base
C0009473,base
C0009474,base
C0009475,ANL-01-R02 / CLN-07-R04 step change
C0009476,ANL-01-R02 / CLN-07-R04 step change
C0009477,ANL-01-R02 / CLN-07-R04 step change
C0009478,base
C0009479,base
C0009480,base
C0009481,base
C0009482,base
C0009483,base
C0009484,base
C0009485,base
C0009486,base
C0009487,ANL-01-R02 / CLN-07-R04 step change
C0009488,base
C0009489,base
C0009490,base
C0009491,base
C0009492,base
C0009493,base
C0009494,base
C0009495,base
C0009496,base
C0009497,base
C0009498,base
C0009499,base
C0009500,base
C0009501,base
C0009502,ANL-01-R02 / CLN-07-R04 step change
C0009503,base
C0009504,base
C0009505,ANL-01-R02 / CLN-07-R04 step change
C0009506,ANL-01-R02 / CLN-07-R04 step change
C0009507,base
C0009508,base
C0009509,base
C0009510,base
C0009511,ANL-01-R02 / CLN-07-R04 step change
C0009512,ANL-01-R02 / CLN-07-R04 step change
C0009513,base
C0009514,base
C0009515,base
C0009516,base
C0009517,base
C0009518,base
C0009519,base
C0009520,base
C0009521,base
C0009522,ANL-01-R02 / CLN-07-R04 step change
C0009523,ANL-01-R02 / CLN-07-R04 step change
C0009524,base
C0009525,base
C0009526,base
C0009527,base
C0009528,base
C0009529,base
C0009530,base
C0009531,base
C0009532,base
C0009533,base
C0009534,base
C0009535,base
C0009536,base
C0009537,base
C0009538,base
C0009539,base
C0009540,base
C0009541,base
C0009542,base
C0009543,base
C0009544,base
C0009545,PAY-01-R02 near duplicate
C0009546,ANL-01-R02 / CLN-07-R04 step change
C0009547,ANL-01-R02 / CLN-07-R04 step change
C0009548,base
C0009549,base
C0009550,base
C0009551,base
C0009552,base
C0009553,base
C0009554,base
C0009555,base
C0009556,base
C0009557,base
C0009558,base
C0009559,base
C0009560,base
C0009561,base
C0009562,base
C0009563,base
C0009564,base
C0009565,base
C0009566,base
C0009567,base
C0009568,base
C0009569,PAY-01-R02 near duplicate
C0009570,ANL-01-R02 / CLN-07-R04 step change
C0009571,base
C0009572,base
C0009573,base
C0009574,base
C0009575,base
C0009576,base
C0009577,base
C0009578,base
C0009579,base
C0009580,base
C0009581,base
C0009582,base
C0009583,base
C0009584,base
C0009585,base
C0009586,base
C0009587,ANL-01-R02 / CLN-07-R04 step change
C0009588,base
C0009589,base
C0009590,base
C0009591,base
C0009592,base
C0009593,base
C0009594,base
C0009595,base
C0009596,base
C0009597,base
C0009598,base
C0009599,base
C0009600,base
C0009601,base
C0009602,base
C0009603,base
C0009604,base
C0009605,base
C0009606,base
C0009607,base
C0009608,base
C0009609,CLN-05-R01 length-of-stay outlier
C0009610,ANL-01-R02 / CLN-07-R04 step change
C0009611,ANL-01-R02 / CLN-07-R04 step change
C0009612,base
C0009613,base
C0009614,base
C0009615,base
C0009616,base
C0009617,base
C0009618,base
C0009619,base
C0009620,base
C0009621,base
C0009622,base
C0009623,base
C0009624,ANL-01-R02 / CLN-07-R04 step change
C0009625,base
C0009626,base
C0009627,base
C0009628,base
C0009629,base
C0009630,base
C0009631,base
C0009632,base
C0009633,base
C0009634,base
C0009635,base
C0009636,base
C0009637,base
C0009638,base
C0009639,base
C0009640,base
C0009641,base
C0009642,base
C0009643,base
C0009644,base
C0009645,base
C0009646,base
C0009647,base
C0009648,ANL-01-R02 / CLN-07-R04 step change
C0009649,ANL-01-R02 / CLN-07-R04 step change
C0009650,base
C0009651,base
C0009652,base
C0009653,base
C0009654,base
C0009655,base
C0009656,base
C0009657,base
C0009658,base
C0009659,base
C0009660,base
C0009661,ANL-01-R02 / CLN-07-R04 step change
C0009662,base
C0009663,base
C0009664,base
C0009665,base
C0009666,base
C0009667,ANL-01-R02 / CLN-07-R04 step change
C0009668,base
C0009669,base
C0009670,base
C0009671,base
C0009672,base
C0009673,base
C0009674,ANL-01-R02 / CLN-07-R04 step change
C0009675,ANL-01-R02 / CLN-07-R04 step change
C0009676,base
C0009677,base
C0009678,base
C0009679,base
C0009680,ANL-01-R02 / CLN-07-R04 step change
C0009681,ANL-01-R02 / CLN-07-R04 step change
C0009682,base
C0009683,base
C0009684,base
C0009685,base
C0009686,base
C0009687,base
C0009688,base
C0009689,base
C0009690,base
C0009691,base
C0009692,base
C0009693,base
C0009694,base
C0009695,base
C0009696,base
C0009697,base
C0009698,base
C0009699,ANL-01-R02 / CLN-07-R04 step change
C0009700,base
C0009701,base
C0009702,base
C0009703,base
C0009704,base
C0009705,base
C0009706,base
C0009707,base
C0009708,base
C0009709,base
C0009710,base
C0009711,base
C0009712,base
C0009713,base
C0009714,base
C0009715,base
C0009716,base
C0009717,base
C0009718,base
C0009719,ANL-01-R02 / CLN-07-R04 step change
C0009720,ANL-01-R02 / CLN-07-R04 step change
C0009721,base
C0009722,base
C0009723,base
C0009724,base
C0009725,base
C0009726,base
C0009727,base
C0009728,base
C0009729,ANL-01-R02 / CLN-07-R04 step change
C0009730,base
C0009731,base
C0009732,base
C0009733,base
C0009734,base
C0009735,base
C0009736,base
C0009737,base
C0009738,base
C0009739,base
C0009740,base
C0009741,base
C0009742,base
C0009743,base
C0009744,base
C0009745,base
C0009746,base
C0009747,base
C0009748,base
C0009749,PAY-01-R03 / CLN-05-R03 episode repeat
C0009750,ANL-01-R02 / CLN-07-R04 step change
C0009751,base
C0009752,base
C0009753,base
C0009754,base
C0009755,base
C0009756,base
C0009757,base
C0009758,base
C0009759,base
C0009760,base
C0009761,base
C0009762,base
C0009763,base
C0009764,base
C0009765,base
C0009766,base
C0009767,base
C0009768,base
C0009769,ring
C0009770,ring
C0009771,ring
C0009772,base
C0009773,base
C0009774,base
C0009775,base
C0009776,ANL-01-R02 / CLN-07-R04 step change
C0009777,base
C0009778,base
C0009779,base
C0009780,base
C0009781,base
C0009782,NET-04-R02 originator concentration
C0009783,base
C0009784,base
C0009785,base
C0009786,base
C0009787,base
C0009788,base
C0009789,base
C0009790,base
C0009791,base
C0009792,base
C0009793,base
C0009794,base
C0009795,base
C0009796,NET-04-R02 originator concentration
C0009797,NET-04-R02 originator concentration
C0009798,ANL-01-R02 / CLN-07-R04 step change
C0009799,base
C0009800,base
C0009801,base
C0009802,base
C0009803,base
C0009804,base
C0009805,base
C0009806,base
C0009807,base
C0009808,base
C0009809,base
C0009810,base
C0009811,base
C0009812,base
C0009813,base
C0009814,base
C0009815,base
C0009816,base
C0009817,base
C0009818,base
C0009819,base
C0009820,base
C0009821,base
C0009822,NET-04-R02 originator concentration
C0009823,base
C0009824,base
C0009825,base
C0009826,base
C0009827,base
C0009828,base
C0009829,base
C0009830,base
C0009831,base
C0009832,base
C0009833,base
C0009834,base
C0009835,base
C0009836,base
C0009837,base
C0009838,base
C0009839,base
C0009840,base
C0009841,NET-04-R02 originator concentration
C0009842,NET-04-R02 originator concentration
C0009843,NET-04-R02 originator concentration
C0009844,ANL-01-R02 / CLN-07-R04 step change
C0009845,ANL-01-R02 / CLN-07-R04 step change
C0009846,base
C0009847,base
C0009848,base
C0009849,base
C0009850,base
C0009851,base
C0009852,base
C0009853,ANL-01-R02 / CLN-07-R04 step change
C0009854,base
C0009855,base
C0009856,base
C0009857,base
C0009858,base
C0009859,ANL-01-R02 / CLN-07-R04 step change
C0009860,ANL-01-R02 / CLN-07-R04 step change
C0009861,base
C0009862,base
C0009863,base
C0009864,base
C0009865,base
C0009866,base
C0009867,ANL-01-R02 / CLN-07-R04 step change
C0009868,ANL-01-R02 / CLN-07-R04 step change
C0009869,base
C0009870,base
C0009871,base
C0009872,base
C0009873,base
C0009874,base
C0009875,base
C0009876,base
C0009877,base
C0009878,base
C0009879,base
C0009880,base
C0009881,base
C0009882,base
C0009883,ANL-01-R02 / CLN-07-R04 step change
C0009884,base
C0009885,base
C0009886,base
C0009887,base
C0009888,base
C0009889,base
C0009890,base
C0009891,NET-04-R02 originator concentration
C0009892,ANL-01-R02 / CLN-07-R04 step change
C0009893,base
C0009894,base
C0009895,base
C0009896,base
C0009897,base
C0009898,base
C0009899,base
C0009900,base
C0009901,base
C0009902,base
C0009903,base
C0009904,base
C0009905,base
C0009906,base
C0009907,base
C0009908,base
C0009909,NET-04-R02 originator concentration
C0009910,ANL-01-R02 / CLN-07-R04 step change
C0009911,base
C0009912,base
C0009913,base
C0009914,base
C0009915,base
C0009916,base
C0009917,base
C0009918,base
C0009919,base
C0009920,base
C0009921,base
C0009922,base
C0009923,base
C0009924,base
C0009925,ANL-01-R02 / CLN-07-R04 step change
C0009926,ANL-01-R02 / CLN-07-R04 step change
C0009927,base
C0009928,base
C0009929,base
C0009930,base
C0009931,base
C0009932,base
C0009933,base
C0009934,base
C0009935,base
C0009936,ring
C0009937,base
C0009938,base
C0009939,base
C0009940,base
C0009941,PAY-01-R02 near duplicate
C0009942,NET-04-R02 originator concentration
C0009943,NET-04-R02 originator concentration
C0009944,NET-04-R02 originator concentration
C0009945,base
C0009946,base
C0009947,base
C0009948,base
C0009949,base
C0009950,base
C0009951,base
C0009952,base
C0009953,ANL-01-R02 / CLN-07-R04 step change
C0009954,base
C0009955,base
C0009956,base
C0009957,base
C0009958,base
C0009959,base
C0009960,base
C0009961,base
C0009962,base
C0009963,NET-04-R02 originator concentration
C0009964,ANL-01-R02 / CLN-07-R04 step change
C0009965,ANL-01-R02 / CLN-07-R04 step change
C0009966,base
C0009967,base
C0009968,base
C0009969,base
C0009970,base
C0009971,base
C0009972,base
C0009973,base
C0009974,base
C0009975,base
C0009976,base
C0009977,base
C0009978,base
C0009979,base
C0009980,NET-04-R02 originator concentration
C0009981,ANL-01-R02 / CLN-07-R04 step change
C0009982,ANL-01-R02 / CLN-07-R04 step change
C0009983,base
C0009984,base
C0009985,base
C0009986,base
C0009987,base
C0009988,base
C0009989,base
C0009990,base
C0009991,base
C0009992,base
C0009993,base
C0009994,ANL-01-R02 / CLN-07-R04 step change
C0009995,ANL-01-R02 / CLN-07-R04 step change
C0009996,base
C0009997,base
C0009998,PAY-01-R02 near duplicate
C0009999,base
C0010000,base
C0010001,base
C0010002,base
C0010003,base
C0010004,base
C0010005,base
C0010006,base
C0010007,base
C0010008,base
C0010009,base
C0010010,base
C0010011,base
C0010012,base
C0010013,base
C0010014,base
C0010015,base
C0010016,base
C0010017,base
C0010018,base
C0010019,base
C0010020,NET-04-R02 originator concentration
C0010021,ANL-01-R02 / CLN-07-R04 step change
C0010022,ANL-01-R02 / CLN-07-R04 step change
C0010023,base
C0010024,base
C0010025,base
C0010026,base
C0010027,base
C0010028,base
C0010029,base
C0010030,NET-04-R02 originator concentration
C0010031,base
C0010032,base
C0010033,base
C0010034,base
C0010035,base
C0010036,base
C0010037,base
C0010038,base
C0010039,base
C0010040,base
C0010041,base
C0010042,base
C0010043,base
C0010044,base
C0010045,base
C0010046,base
C0010047,PAY-01-R03 / CLN-05-R03 episode repeat
C0010048,ANL-01-R02 / CLN-07-R04 step change
C0010049,ANL-01-R02 / CLN-07-R04 step change
C0010050,base
C0010051,base
C0010052,base
C0010053,base
C0010054,base
C0010055,base
C0010056,base
C0010057,base
C0010058,base
C0010059,base
C0010060,base
C0010061,base
C0010062,base
C0010063,base
C0010064,base
C0010065,base
C0010066,base
C0010067,base
C0010068,NET-04-R02 originator concentration
C0010069,NET-04-R02 originator concentration
C0010070,ANL-01-R02 / CLN-07-R04 step change
C0010071,base
C0010072,base
C0010073,base
C0010074,base
C0010075,base
C0010076,base
C0010077,NET-04-R02 originator concentration
C0010078,ANL-01-R02 / CLN-07-R04 step change
C0010079,base
C0010080,base
C0010081,base
C0010082,base
C0010083,base
C0010084,base
C0010085,base
C0010086,base
C0010087,base
C0010088,base
C0010089,base
C0010090,base
C0010091,NET-04-R02 originator concentration
C0010092,ANL-01-R02 / CLN-07-R04 step change
C0010093,base
C0010094,base
C0010095,base
C0010096,base
C0010097,base
C0010098,base
C0010099,base
C0010100,base
C0010101,base
C0010102,base
C0010103,base
C0010104,base
C0010105,base
C0010106,base
C0010107,NET-04-R02 originator concentration
C0010108,base
C0010109,base
C0010110,base
C0010111,base
C0010112,base
C0010113,base
C0010114,ANL-01-R02 / CLN-07-R04 step change
C0010115,base
C0010116,base
C0010117,base
C0010118,NET-04-R02 originator concentration
C0010119,ANL-01-R02 / CLN-07-R04 step change
C0010120,base
C0010121,base
C0010122,base
C0010123,base
C0010124,base
C0010125,base
C0010126,base
C0010127,base
C0010128,base
C0010129,NET-04-R02 originator concentration
C0010130,base
C0010131,base
C0010132,base
C0010133,base
C0010134,ANL-01-R02 / CLN-07-R04 step change
C0010135,ANL-01-R02 / CLN-07-R04 step change
C0010136,base
C0010137,base
C0010138,base
C0010139,base
C0010140,base
C0010141,base
C0010142,base
C0010143,base
C0010144,base
C0010145,base
C0010146,base
C0010147,base
C0010148,base
C0010149,base
C0010150,base
C0010151,base
C0010152,NET-04-R02 originator concentration
C0010153,base
C0010154,base
C0010155,base
C0010156,base
C0010157,base
C0010158,base
C0010159,base
C0010160,base
C0010161,base
C0010162,base
C0010163,base
C0010164,base
C0010165,base
C0010166,base
C0010167,base
C0010168,base
C0010169,base
C0010170,base
C0010171,base
C0010172,base
C0010173,base
C0010174,base
C0010175,base
C0010176,base
C0010177,base
C0010178,NET-04-R02 originator concentration
C0010179,NET-04-R02 originator concentration
C0010180,ANL-01-R02 / CLN-07-R04 step change
C0010181,base
C0010182,base
C0010183,base
C0010184,ANL-01-R02 / CLN-07-R04 step change
C0010185,base
C0010186,base
C0010187,base
C0010188,base
C0010189,base
C0010190,base
C0010191,base
C0010192,base
C0010193,base
C0010194,base
C0010195,base
C0010196,base
C0010197,base
C0010198,base
C0010199,base
C0010200,ANL-01-R02 / CLN-07-R04 step change
C0010201,base
C0010202,base
C0010203,base
C0010204,base
C0010205,base
C0010206,base
C0010207,NET-04-R02 originator concentration
C0010208,ANL-01-R02 / CLN-07-R04 step change
C0010209,ANL-01-R02 / CLN-07-R04 step change
C0010210,base
C0010211,base
C0010212,base
C0010213,base
C0010214,base
C0010215,base
C0010216,base
C0010217,base
C0010218,base
C0010219,base
C0010220,base
C0010221,NET-04-R02 originator concentration
C0010222,ANL-01-R02 / CLN-07-R04 step change
C0010223,ANL-01-R02 / CLN-07-R04 step change
C0010224,ANL-01-R02 / CLN-07-R04 step change
C0010225,base
C0010226,base
C0010227,base
C0010228,base
C0010229,base
C0010230,base
C0010231,base
C0010232,base
C0010233,base
C0010234,base
C0010235,base
C0010236,base
C0010237,base
C0010238,base
C0010239,base
C0010240,base
C0010241,base
C0010242,base
C0010243,base
C0010244,base
C0010245,base
C0010246,base
C0010247,base
C0010248,base
C0010249,base
C0010250,PAY-01-R03 / CLN-05-R03 episode repeat
C0010251,NET-04-R02 originator concentration
C0010252,NET-04-R02 originator concentration
C0010253,NET-04-R02 originator concentration
C0010254,ANL-01-R02 / CLN-07-R04 step change
C0010255,base
C0010256,base
C0010257,base
C0010258,ANL-01-R02 / CLN-07-R04 step change
C0010259,ANL-01-R02 / CLN-07-R04 step change
C0010260,base
C0010261,NET-04-R02 originator concentration
C0010262,ANL-01-R02 / CLN-07-R04 step change
C0010263,base
C0010264,base
C0010265,base
C0010266,base
C0010267,base
C0010268,base
C0010269,base
C0010270,base
C0010271,base
C0010272,base
C0010273,base
C0010274,base
C0010275,base
C0010276,base
C0010277,base
C0010278,base
C0010279,ANL-01-R02 / CLN-07-R04 step change
C0010280,ANL-01-R02 / CLN-07-R04 step change
C0010281,base
C0010282,base
C0010283,base
C0010284,base
C0010285,base
C0010286,base
C0010287,base
C0010288,ANL-01-R02 / CLN-07-R04 step change
C0010289,ANL-01-R02 / CLN-07-R04 step change
C0010290,base
C0010291,base
C0010292,base
C0010293,base
C0010294,base
C0010295,base
C0010296,base
C0010297,base
C0010298,base
C0010299,base
C0010300,base
C0010301,base
C0010302,base
C0010303,base
C0010304,base
C0010305,base
C0010306,base
C0010307,base
C0010308,base
C0010309,base
C0010310,base
C0010311,base
C0010312,base
C0010313,base
C0010314,NET-04-R02 originator concentration
C0010315,NET-04-R02 originator concentration
C0010316,NET-04-R02 originator concentration
C0010317,base
C0010318,base
C0010319,base
C0010320,base
C0010321,base
C0010322,base
C0010323,base
C0010324,base
C0010325,base
C0010326,base
C0010327,ring
C0010328,base
C0010329,base
C0010330,NET-04-R02 originator concentration
C0010331,ANL-01-R02 / CLN-07-R04 step change
C0010332,ANL-01-R02 / CLN-07-R04 step change
C0010333,base
C0010334,base
C0010335,base
C0010336,base
C0010337,base
C0010338,base
C0010339,base
C0010340,base
C0010341,NET-04-R02 originator concentration
C0010342,NET-04-R02 originator concentration
C0010343,NET-04-R02 originator concentration
C0010344,ANL-01-R02 / CLN-07-R04 step change
C0010345,base
C0010346,base
C0010347,base
C0010348,base
C0010349,base
C0010350,base
C0010351,base
C0010352,base
C0010353,base
C0010354,base
C0010355,base
C0010356,base
C0010357,PAY-01-R03 / CLN-05-R03 episode repeat
C0010358,NET-04-R02 originator concentration
C0010359,base
C0010360,base
C0010361,base
C0010362,base
C0010363,base
C0010364,ring
C0010365,base
C0010366,ANL-01-R02 / CLN-07-R04 step change
C0010367,ANL-01-R02 / CLN-07-R04 step change
C0010368,base
C0010369,base
C0010370,base
C0010371,ANL-01-R02 / CLN-07-R04 step change
C0010372,base
C0010373,base
C0010374,base
C0010375,base
C0010376,base
C0010377,base
C0010378,base
C0010379,PAY-06-R02 amount arithmetic
C0010380,ANL-01-R02 / CLN-07-R04 step change
C0010381,base
C0010382,base
C0010383,base
C0010384,base
C0010385,base
C0010386,base
C0010387,NET-04-R02 originator concentration
C0010388,ANL-01-R02 / CLN-07-R04 step change
C0010389,ANL-01-R02 / CLN-07-R04 step change
C0010390,base
C0010391,base
C0010392,base
C0010393,base
C0010394,base
C0010395,base
C0010396,base
C0010397,base
C0010398,base
C0010399,ANL-01-R02 / CLN-07-R04 step change
C0010400,base
C0010401,base
C0010402,base
C0010403,base
C0010404,base
C0010405,base
C0010406,base
C0010407,base
C0010408,base
C0010409,base
C0010410,base
C0010411,base
C0010412,base
C0010413,base
C0010414,base
C0010415,base
C0010416,base
C0010417,base
C0010418,base
C0010419,NET-04-R02 originator concentration
C0010420,NET-04-R02 originator concentration
C0010421,ANL-01-R02 / CLN-07-R04 step change
C0010422,ANL-01-R02 / CLN-07-R04 step change
C0010423,base
C0010424,base
C0010425,base
C0010426,base
C0010427,base
C0010428,base
C0010429,base
C0010430,base
C0010431,base
C0010432,base
C0010433,base
C0010434,base
C0010435,base
C0010436,base
C0010437,base
C0010438,NET-04-R02 originator concentration
C0010439,ANL-01-R02 / CLN-07-R04 step change
C0010440,base
C0010441,base
C0010442,base
C0010443,base
C0010444,base
C0010445,base
C0010446,base
C0010447,base
C0010448,base
C0010449,base
C0010450,base
C0010451,base
C0010452,base
C0010453,base
C0010454,NET-04-R02 originator concentration
C0010455,base
C0010456,base
C0010457,base
C0010458,base
C0010459,base
C0010460,base
C0010461,base
C0010462,base
C0010463,base
C0010464,base
C0010465,base
C0010466,base
C0010467,base
C0010468,base
C0010469,ring
C0010470,NET-04-R02 originator concentration
C0010471,ANL-01-R02 / CLN-07-R04 step change
C0010472,ANL-01-R02 / CLN-07-R04 step change
C0010473,ANL-01-R02 / CLN-07-R04 step change
C0010474,base
C0010475,base
C0010476,base
C0010477,base
C0010478,base
C0010479,base
C0010480,base
C0010481,ANL-01-R02 / CLN-07-R04 step change
C0010482,base
C0010483,base
C0010484,base
C0010485,base
C0010486,base
C0010487,base
C0010488,base
C0010489,base
C0010490,base
C0010491,base
C0010492,base
C0010493,base
C0010494,base
C0010495,base
C0010496,base
C0010497,base
C0010498,base
C0010499,base
C0010500,base
C0010501,base
C0010502,base
C0010503,base
C0010504,base
C0010505,base
C0010506,base
C0010507,base
C0010508,base
C0010509,base
C0010510,base
C0010511,base
C0010512,base
C0010513,base
C0010514,base
C0010515,base
C0010516,CLN-05-R01 length-of-stay outlier
C0010517,NET-04-R02 originator concentration
C0010518,ANL-01-R02 / CLN-07-R04 step change
C0010519,ANL-01-R02 / CLN-07-R04 step change
C0010520,base
C0010521,base
C0010522,base
C0010523,base
C0010524,base
C0010525,base
C0010526,base
C0010527,base
C0010528,base
C0010529,base
C0010530,base
C0010531,base
C0010532,base
C0010533,base
C0010534,base
C0010535,base
C0010536,base
C0010537,base
C0010538,base
C0010539,base
C0010540,base
C0010541,ANL-01-R02 / CLN-07-R04 step change
C0010542,ANL-01-R02 / CLN-07-R04 step change
C0010543,base
C0010544,base
C0010545,ANL-01-R02 / CLN-07-R04 step change
C0010546,base
C0010547,base
C0010548,base
C0010549,base
C0010550,base
C0010551,base
C0010552,NET-04-R02 originator concentration
C0010553,NET-04-R02 originator concentration
C0010554,ANL-01-R02 / CLN-07-R04 step change
C0010555,ANL-01-R02 / CLN-07-R04 step change
C0010556,base
C0010557,base
C0010558,base
C0010559,base
C0010560,ANL-01-R02 / CLN-07-R04 step change
C0010561,base
C0010562,base
C0010563,base
C0010564,base
C0010565,base
C0010566,base
C0010567,base
C0010568,NET-04-R02 originator concentration
C0010569,base
C0010570,base
C0010571,base
C0010572,base
C0010573,base
C0010574,base
C0010575,base
C0010576,base
C0010577,base
C0010578,base
C0010579,base
C0010580,base
C0010581,base
C0010582,base
C0010583,base
C0010584,NET-04-R02 originator concentration
C0010585,base
C0010586,base
C0010587,base
C0010588,NET-04-R02 originator concentration
C0010589,ANL-01-R02 / CLN-07-R04 step change
C0010590,base
C0010591,base
C0010592,base
C0010593,base
C0010594,base
C0010595,ring
C0010596,ring
C0010597,ring
C0010598,ring
C0010599,base
C0010600,base
C0010601,NET-04-R02 originator concentration
C0010602,base
C0010603,base
C0010604,base
C0010605,base
C0010606,base
C0010607,base
C0010608,base
C0010609,base
C0010610,base
C0010611,base
C0010612,base
C0010613,base
C0010614,ANL-01-R02 / CLN-07-R04 step change
C0010615,base
C0010616,base
C0010617,base
C0010618,base
C0010619,base
C0010620,base
C0010621,ANL-01-R02 / CLN-07-R04 step change
C0010622,ANL-01-R02 / CLN-07-R04 step change
C0010623,base
C0010624,base
C0010625,base
C0010626,base
C0010627,base
C0010628,base
C0010629,base
C0010630,base
C0010631,base
C0010632,base
C0010633,base
C0010634,base
C0010635,base
C0010636,ANL-01-R02 / CLN-07-R04 step change
C0010637,ANL-01-R02 / CLN-07-R04 step change
C0010638,ANL-01-R02 / CLN-07-R04 step change
C0010639,base
C0010640,base
C0010641,base
C0010642,base
C0010643,base
C0010644,base
C0010645,base
C0010646,base
C0010647,base
C0010648,NET-04-R02 originator concentration
C0010649,ANL-01-R02 / CLN-07-R04 step change
C0010650,base
C0010651,base
C0010652,base
C0010653,base
C0010654,base
C0010655,base
C0010656,base
C0010657,base
C0010658,base
C0010659,base
C0010660,base
C0010661,base
C0010662,base
C0010663,base
C0010664,base
C0010665,base
C0010666,base
C0010667,base
C0010668,CLN-05-R01 length-of-stay outlier
C0010669,NET-04-R02 originator concentration
C0010670,NET-04-R02 originator concentration
C0010671,NET-04-R02 originator concentration
C0010672,base
C0010673,base
C0010674,ANL-01-R02 / CLN-07-R04 step change
C0010675,ANL-01-R02 / CLN-07-R04 step change
C0010676,base
C0010677,base
C0010678,base
C0010679,base
C0010680,base
C0010681,PAY-01-R03 / CLN-05-R03 episode repeat
C0010682,ANL-01-R02 / CLN-07-R04 step change
C0010683,base
C0010684,base
C0010685,base
C0010686,base
C0010687,base
C0010688,base
C0010689,base
C0010690,base
C0010691,ANL-01-R02 / CLN-07-R04 step change
C0010692,base
C0010693,base
C0010694,base
C0010695,base
C0010696,base
C0010697,base
C0010698,base
C0010699,base
C0010700,base
C0010701,base
C0010702,base
C0010703,base
C0010704,base
C0010705,base
C0010706,base
C0010707,base
C0010708,base
C0010709,base
C0010710,base
C0010711,base
C0010712,base
C0010713,ANL-01-R02 / CLN-07-R04 step change
C0010714,base
C0010715,base
C0010716,base
C0010717,base
C0010718,base
C0010719,base
C0010720,base
C0010721,base
C0010722,base
C0010723,base
C0010724,base
C0010725,base
C0010726,NET-04-R02 originator concentration
C0010727,ANL-01-R02 / CLN-07-R04 step change
C0010728,base
C0010729,base
C0010730,base
C0010731,base
C0010732,base
C0010733,base
C0010734,base
C0010735,ANL-01-R02 / CLN-07-R04 step change
C0010736,base
C0010737,base
C0010738,base
C0010739,base
C0010740,base
C0010741,base
C0010742,base
C0010743,PAY-06-R02 amount arithmetic
C0010744,ANL-01-R02 / CLN-07-R04 step change
C0010745,base
C0010746,base
C0010747,base
C0010748,base
C0010749,base
C0010750,base
C0010751,base
C0010752,base
C0010753,base
C0010754,base
C0010755,base
C0010756,base
C0010757,base
C0010758,base
C0010759,base
C0010760,base
C0010761,base
C0010762,base
C0010763,base
C0010764,base
C0010765,NET-04-R02 originator concentration
C0010766,NET-04-R02 originator concentration
C0010767,NET-04-R02 originator concentration
C0010768,NET-04-R02 originator concentration
C0010769,base
C0010770,base
C0010771,base
C0010772,base
C0010773,ANL-01-R02 / CLN-07-R04 step change
C0010774,base
C0010775,base
C0010776,base
C0010777,base
C0010778,base
C0010779,base
C0010780,base
C0010781,base
C0010782,base
C0010783,base
C0010784,base
C0010785,NET-04-R02 originator concentration
C0010786,NET-04-R02 originator concentration
C0010787,ANL-01-R02 / CLN-07-R04 step change
C0010788,ANL-01-R02 / CLN-07-R04 step change
C0010789,base
C0010790,base
C0010791,base
C0010792,base
C0010793,base
C0010794,base
C0010795,base
C0010796,base
C0010797,base
C0010798,NET-04-R02 originator concentration
C0010799,NET-04-R02 originator concentration
C0010800,base
C0010801,base
C0010802,base
C0010803,NET-04-R02 originator concentration
C0010804,ANL-01-R02 / CLN-07-R04 step change
C0010805,base
C0010806,base
C0010807,base
C0010808,base
C0010809,ANL-01-R02 / CLN-07-R04 step change
C0010810,base
C0010811,base
C0010812,base
C0010813,base
C0010814,base
C0010815,base
C0010816,base
C0010817,base
C0010818,base
C0010819,base
C0010820,base
C0010821,base
C0010822,base
C0010823,PAY-01-R02 near duplicate
C0010824,NET-04-R02 originator concentration
C0010825,NET-04-R02 originator concentration
C0010826,NET-04-R02 originator concentration
C0010827,ANL-01-R02 / CLN-07-R04 step change
C0010828,base
C0010829,base
C0010830,base
C0010831,base
C0010832,base
C0010833,base
C0010834,base
C0010835,base
C0010836,base
C0010837,base
C0010838,base
C0010839,base
C0010840,base
C0010841,base
C0010842,base
C0010843,base
C0010844,base
C0010845,base
C0010846,base
C0010847,base
C0010848,base
C0010849,base
C0010850,base
C0010851,base
C0010852,base
C0010853,base
C0010854,base
C0010855,base
C0010856,base
C0010857,base
C0010858,base
C0010859,base
C0010860,base
C0010861,PAY-01-R02 near duplicate
C0010862,NET-04-R02 originator concentration
C0010863,ANL-01-R02 / CLN-07-R04 step change
C0010864,ANL-01-R02 / CLN-07-R04 step change
C0010865,ANL-01-R02 / CLN-07-R04 step change
C0010866,ANL-01-R02 / CLN-07-R04 step change
C0010867,base
C0010868,base
C0010869,base
C0010870,base
C0010871,base
C0010872,base
C0010873,ring
C0010874,ring
C0010875,ring
C0010876,base
C0010877,base
C0010878,base
C0010879,NET-04-R02 originator concentration
C0010880,ANL-01-R02 / CLN-07-R04 step change
C0010881,base
C0010882,base
C0010883,base
C0010884,base
C0010885,base
C0010886,base
C0010887,base
C0010888,base
C0010889,base
C0010890,ANL-01-R02 / CLN-07-R04 step change
C0010891,ANL-01-R02 / CLN-07-R04 step change
C0010892,ANL-01-R02 / CLN-07-R04 step change
C0010893,base
C0010894,base
C0010895,base
C0010896,base
C0010897,base
C0010898,base
C0010899,base
C0010900,base
C0010901,base
C0010902,base
C0010903,base
C0010904,base
C0010905,base
C0010906,base
C0010907,base
C0010908,base
C0010909,base
C0010910,base
C0010911,base
C0010912,base
C0010913,base
C0010914,base
C0010915,base
C0010916,base
C0010917,base
C0010918,PAY-01-R03 / CLN-05-R03 episode repeat
C0010919,base
C0010920,base
C0010921,base
C0010922,base
C0010923,base
C0010924,base
C0010925,base
C0010926,base
C0010927,base
C0010928,base
C0010929,base
C0010930,NET-04-R02 originator concentration
C0010931,ANL-01-R02 / CLN-07-R04 step change
C0010932,ANL-01-R02 / CLN-07-R04 step change
C0010933,base
C0010934,base
C0010935,base
C0010936,base
C0010937,base
C0010938,base
C0010939,base
C0010940,base
C0010941,base
C0010942,base
C0010943,base
C0010944,base
C0010945,NET-04-R02 originator concentration
C0010946,NET-04-R02 originator concentration
C0010947,ANL-01-R02 / CLN-07-R04 step change
C0010948,ANL-01-R02 / CLN-07-R04 step change
C0010949,base
C0010950,base
C0010951,base
C0010952,base
C0010953,base
C0010954,base
C0010955,base
C0010956,base
C0010957,base
C0010958,base
C0010959,base
C0010960,base
C0010961,ANL-01-R02 / CLN-07-R04 step change
C0010962,base
C0010963,base
C0010964,base
C0010965,base
C0010966,base
C0010967,ring
C0010968,ring
C0010969,ring
C0010970,ring
C0010971,base
C0010972,base
C0010973,base
C0010974,base
C0010975,base
C0010976,base
C0010977,NET-04-R02 originator concentration
C0010978,ANL-01-R02 / CLN-07-R04 step change
C0010979,ANL-01-R02 / CLN-07-R04 step change
C0010980,base
C0010981,base
C0010982,base
C0010983,base
C0010984,NET-04-R02 originator concentration
C0010985,ANL-01-R02 / CLN-07-R04 step change
C0010986,ANL-01-R02 / CLN-07-R04 step change
C0010987,base
C0010988,base
C0010989,base
C0010990,base
C0010991,base
C0010992,base
C0010993,base
C0010994,base
C0010995,base
C0010996,NET-04-R02 originator concentration
C0010997,ANL-01-R02 / CLN-07-R04 step change
C0010998,base
C0010999,ANL-01-R02 / CLN-07-R04 step change
C0011000,base
C0011001,base
C0011002,base
C0011003,base
C0011004,base
C0011005,base
C0011006,base
C0011007,base
C0011008,base
C0011009,base
C0011010,base
C0011011,base
C0011012,base
C0011013,base
C0011014,base
C0011015,base
C0011016,base
C0011017,base
C0011018,base
C0011019,base
C0011020,base
C0011021,base
C0011022,NET-04-R02 originator concentration
C0011023,base
C0011024,base
C0011025,base
C0011026,base
C0011027,base
C0011028,base
C0011029,base
C0011030,base
C0011031,base
C0011032,base
C0011033,base
C0011034,base
C0011035,base
C0011036,NET-04-R02 originator concentration
C0011037,NET-04-R02 originator concentration
C0011038,base
C0011039,base
C0011040,base
C0011041,base
C0011042,NET-04-R02 originator concentration
C0011043,ANL-01-R02 / CLN-07-R04 step change
C0011044,base
C0011045,base
C0011046,base
C0011047,base
C0011048,base
C0011049,base
C0011050,base
C0011051,base
C0011052,base
C0011053,base
C0011054,base
C0011055,ANL-01-R02 / CLN-07-R04 step change
C0011056,ANL-01-R02 / CLN-07-R04 step change
C0011057,base
C0011058,base
C0011059,base
C0011060,base
C0011061,base
C0011062,NET-04-R02 originator concentration
C0011063,ANL-01-R02 / CLN-07-R04 step change
C0011064,base
C0011065,base
C0011066,base
C0011067,base
C0011068,base
C0011069,base
C0011070,base
C0011071,ANL-01-R02 / CLN-07-R04 step change
C0011072,ANL-01-R02 / CLN-07-R04 step change
C0011073,ANL-01-R02 / CLN-07-R04 step change
C0011074,ANL-01-R02 / CLN-07-R04 step change
C0011075,base
C0011076,base
C0011077,base
C0011078,base
C0011079,base
C0011080,base
C0011081,base
C0011082,base
C0011083,base
C0011084,base
C0011085,base
C0011086,base
C0011087,base
C0011088,base
C0011089,base
C0011090,base
C0011091,base
C0011092,base
C0011093,base
C0011094,base
C0011095,base
C0011096,base
C0011097,base
C0011098,base
C0011099,base
C0011100,base
C0011101,base
C0011102,base
C0011103,base
C0011104,base
C0011105,base
C0011106,NET-04-R02 originator concentration
C0011107,NET-04-R02 originator concentration
C0011108,ANL-01-R02 / CLN-07-R04 step change
C0011109,base
C0011110,base
C0011111,base
C0011112,base
C0011113,base
C0011114,base
C0011115,base
C0011116,base
C0011117,NET-04-R02 originator concentration
C0011118,base
C0011119,base
C0011120,base
C0011121,base
C0011122,base
C0011123,base
C0011124,base
C0011125,base
C0011126,base
C0011127,base
C0011128,base
C0011129,base
C0011130,base
C0011131,base
C0011132,NET-04-R02 originator concentration
C0011133,ANL-01-R02 / CLN-07-R04 step change
C0011134,base
C0011135,base
C0011136,base
C0011137,base
C0011138,base
C0011139,ANL-01-R02 / CLN-07-R04 step change
C0011140,base
C0011141,base
C0011142,base
C0011143,base
C0011144,base
C0011145,base
C0011146,base
C0011147,base
C0011148,base
C0011149,base
C0011150,base
C0011151,base
C0011152,CLN-05-R01 length-of-stay outlier
C0011153,NET-04-R02 originator concentration
C0011154,ANL-01-R02 / CLN-07-R04 step change
C0011155,base
C0011156,base
C0011157,base
C0011158,base
C0011159,base
C0011160,base
C0011161,base
C0011162,base
C0011163,base
C0011164,base
C0011165,NET-04-R02 originator concentration
C0011166,ANL-01-R02 / CLN-07-R04 step change
C0011167,base
C0011168,base
C0011169,base
C0011170,base
C0011171,base
C0011172,NET-04-R02 originator concentration
C0011173,ANL-01-R02 / CLN-07-R04 step change
C0011174,base
C0011175,base
C0011176,base
C0011177,base
C0011178,base
C0011179,base
C0011180,ANL-01-R02 / CLN-07-R04 step change
C0011181,base
C0011182,base
C0011183,base
C0011184,base
C0011185,base
C0011186,base
C0011187,base
C0011188,base
C0011189,base
C0011190,base
C0011191,base
C0011192,base
C0011193,base
C0011194,NET-04-R02 originator concentration
C0011195,NET-04-R02 originator concentration
C0011196,base
C0011197,base
C0011198,base
C0011199,base
C0011200,base
C0011201,base
C0011202,base
C0011203,base
C0011204,base
C0011205,base
C0011206,base
C0011207,base
C0011208,base
C0011209,base
C0011210,base
C0011211,base
C0011212,base
C0011213,base
C0011214,base
C0011215,base
C0011216,base
C0011217,NET-04-R02 originator concentration
C0011218,NET-04-R02 originator concentration
C0011219,base
C0011220,base
C0011221,base
C0011222,base
C0011223,base
C0011224,base
C0011225,base
C0011226,base
C0011227,base
C0011228,base
C0011229,base
C0011230,base
C0011231,base
C0011232,base
C0011233,ring
C0011234,base
C0011235,base
C0011236,base
C0011237,base
C0011238,base
C0011239,base
C0011240,base
C0011241,base
C0011242,base
C0011243,ring
C0011244,ring
C0011245,base
C0011246,base
C0011247,base
C0011248,base
C0011249,base
C0011250,base
C0011251,base
C0011252,base
C0011253,base
C0011254,base
C0011255,base
C0011256,base
C0011257,base
C0011258,base
C0011259,ANL-01-R02 / CLN-07-R04 step change
C0011260,ANL-01-R02 / CLN-07-R04 step change
C0011261,base
C0011262,base
C0011263,base
C0011264,base
C0011265,base
C0011266,base
C0011267,base
C0011268,base
C0011269,base
C0011270,NET-04-R02 originator concentration
C0011271,NET-04-R02 originator concentration
C0011272,base
C0011273,base
C0011274,base
C0011275,base
C0011276,base
C0011277,base
C0011278,base
C0011279,base
C0011280,base
C0011281,base
C0011282,NET-04-R02 originator concentration
C0011283,NET-04-R02 originator concentration
C0011284,NET-04-R02 originator concentration
C0011285,base
C0011286,base
C0011287,base
C0011288,base
C0011289,base
C0011290,base
C0011291,base
C0011292,base
C0011293,base
C0011294,base
C0011295,base
C0011296,base
C0011297,base
C0011298,base
C0011299,base
C0011300,base
C0011301,base
C0011302,base
C0011303,ANL-01-R02 / CLN-07-R04 step change
C0011304,base
C0011305,base
C0011306,base
C0011307,base
C0011308,base
C0011309,base
C0011310,base
C0011311,base
C0011312,base
C0011313,base
C0011314,base
C0011315,base
C0011316,NET-04-R02 originator concentration
C0011317,base
C0011318,base
C0011319,base
C0011320,base
C0011321,base
C0011322,base
C0011323,base
C0011324,base
C0011325,base
C0011326,NET-04-R02 originator concentration
C0011327,ANL-01-R02 / CLN-07-R04 step change
C0011328,ANL-01-R02 / CLN-07-R04 step change
C0011329,base
C0011330,base
C0011331,base
C0011332,base
C0011333,base
C0011334,base
C0011335,base
C0011336,base
C0011337,base
C0011338,base
C0011339,base
C0011340,base
C0011341,base
C0011342,base
C0011343,CLN-06-R03 / DOC-02-R01 cloned encounter
C0011344,CLN-06-R03 / DOC-02-R01 cloned encounter
C0011345,CLN-06-R03 / DOC-02-R01 cloned encounter
C0011346,CLN-06-R03 / DOC-02-R01 cloned encounter
C0011347,CLN-06-R03 / DOC-02-R01 cloned encounter
C0011348,CLN-06-R03 / DOC-02-R01 cloned encounter
C0011349,CLN-06-R03 / DOC-02-R01 cloned encounter
C0011350,CLN-06-R03 / DOC-02-R01 cloned encounter
C0011351,CLN-06-R03 / DOC-02-R01 cloned encounter
C0011352,CLN-06-R03 / DOC-02-R01 cloned encounter
C0011353,CLN-06-R03 / DOC-02-R01 cloned encounter
C0011354,CLN-06-R03 / DOC-02-R01 cloned encounter
C0011355,CLN-06-R03 / DOC-02-R01 cloned encounter
C0011356,CLN-06-R03 / DOC-02-R01 cloned encounter
C0011357,CLN-06-R03 / DOC-02-R01 cloned encounter
C0011358,CLN-06-R03 / DOC-02-R01 cloned encounter
C0011359,CLN-06-R03 / DOC-02-R01 cloned encounter
C0011360,CLN-06-R03 / DOC-02-R01 cloned encounter
C0011361,CLN-06-R03 / DOC-02-R01 cloned encounter
C0011362,CLN-06-R03 / DOC-02-R01 cloned encounter
C0011363,CLN-06-R03 / DOC-02-R01 cloned encounter
C0011364,CLN-06-R03 / DOC-02-R01 cloned encounter
C0011365,CLN-06-R03 / DOC-02-R01 cloned encounter
C0011366,CLN-06-R03 / DOC-02-R01 cloned encounter
C0011367,CLN-06-R03 / DOC-02-R01 cloned encounter
C0011368,CLN-06-R03 / DOC-02-R01 cloned encounter
C0011369,CLN-06-R03 / DOC-02-R01 cloned encounter
C0011370,CLN-06-R03 / DOC-02-R01 cloned encounter
C0011371,CLN-06-R03 / DOC-02-R01 cloned encounter
C0011372,CLN-06-R03 / DOC-02-R01 cloned encounter
C0011373,CLN-06-R03 / DOC-02-R01 cloned encounter
C0011374,CLN-06-R03 / DOC-02-R01 cloned encounter
C0011375,CLN-06-R03 / DOC-02-R01 cloned encounter
C0011376,CLN-06-R03 / DOC-02-R01 cloned encounter
C0011377,CLN-06-R03 / DOC-02-R01 cloned encounter
C0011378,CLN-06-R03 / DOC-02-R01 cloned encounter
C0011379,CLN-06-R03 / DOC-02-R01 cloned encounter
C0011380,CLN-06-R03 / DOC-02-R01 cloned encounter
C0011381,CLN-06-R03 / DOC-02-R01 cloned encounter
C0011382,CLN-06-R03 / DOC-02-R01 cloned encounter
C0011383,CLN-06-R03 / DOC-02-R01 cloned encounter
C0011384,CLN-06-R03 / DOC-02-R01 cloned encounter
C0011385,CLN-06-R03 / DOC-02-R01 cloned encounter
C0011386,CLN-06-R03 / DOC-02-R01 cloned encounter
C0011387,CLN-06-R03 / DOC-02-R01 cloned encounter
C0011388,CLN-06-R03 / DOC-02-R01 cloned encounter
C0011389,CLN-06-R03 / DOC-02-R01 cloned encounter
C0011390,CLN-06-R03 / DOC-02-R01 cloned encounter
C0011391,CLN-06-R03 / DOC-02-R01 cloned encounter
C0011392,CLN-06-R03 / DOC-02-R01 cloned encounter
C0011393,CLN-06-R03 / DOC-02-R01 cloned encounter
C0011394,CLN-06-R03 / DOC-02-R01 cloned encounter
C0011395,CLN-06-R03 / DOC-02-R01 cloned encounter
C0011396,CLN-06-R03 / DOC-02-R01 cloned encounter
C0011397,CLN-06-R03 / DOC-02-R01 cloned encounter
C0011398,CLN-06-R03 / DOC-02-R01 cloned encounter
C0011399,CLN-06-R03 / DOC-02-R01 cloned encounter
C0011400,CLN-06-R03 / DOC-02-R01 cloned encounter
C0011401,CLN-06-R03 / DOC-02-R01 cloned encounter
C0011402,CLN-06-R03 / DOC-02-R01 cloned encounter
C0011403,CLN-06-R03 / DOC-02-R01 cloned encounter
C0011404,CLN-06-R03 / DOC-02-R01 cloned encounter
C0011405,CLN-06-R03 / DOC-02-R01 cloned encounter
C0011406,CLN-06-R03 / DOC-02-R01 cloned encounter
C0011407,CLN-06-R03 / DOC-02-R01 cloned encounter
C0011408,CLN-06-R03 / DOC-02-R01 cloned encounter
C0011409,CLN-06-R03 / DOC-02-R01 cloned encounter
C0011410,CLN-06-R03 / DOC-02-R01 cloned encounter
C0011411,CLN-06-R03 / DOC-02-R01 cloned encounter
C0011412,CLN-06-R03 / DOC-02-R01 cloned encounter
C0011413,CLN-06-R03 / DOC-02-R01 cloned encounter
C0011414,CLN-06-R03 / DOC-02-R01 cloned encounter
C0011415,CLN-06-R03 / DOC-02-R01 cloned encounter
C0011416,CLN-06-R03 / DOC-02-R01 cloned encounter
C0011417,CLN-06-R03 / DOC-02-R01 cloned encounter
C0011418,CLN-06-R03 / DOC-02-R01 cloned encounter
C0011419,CLN-06-R03 / DOC-02-R01 cloned encounter
C0011420,CLN-06-R03 / DOC-02-R01 cloned encounter
C0011421,CLN-06-R03 / DOC-02-R01 cloned encounter
C0011422,CLN-06-R03 / DOC-02-R01 cloned encounter
C0011423,CLN-06-R03 / DOC-02-R01 cloned encounter
C0011424,CLN-06-R03 / DOC-02-R01 cloned encounter
C0011425,CLN-06-R03 / DOC-02-R01 cloned encounter
C0011426,CLN-06-R03 / DOC-02-R01 cloned encounter
C0011427,CLN-06-R03 / DOC-02-R01 cloned encounter
C0011428,CLN-06-R03 / DOC-02-R01 cloned encounter
C0011429,CLN-06-R03 / DOC-02-R01 cloned encounter
C0011430,CLN-06-R03 / DOC-02-R01 cloned encounter
C0011431,CLN-06-R03 / DOC-02-R01 cloned encounter
C0011432,CLN-06-R03 / DOC-02-R01 cloned encounter
C0011433,CLN-06-R03 / DOC-02-R01 cloned encounter
C0011434,CLN-06-R03 / DOC-02-R01 cloned encounter
C0011435,CLN-06-R03 / DOC-02-R01 cloned encounter
C0011436,CLN-06-R03 / DOC-02-R01 cloned encounter
C0011437,CLN-06-R03 / DOC-02-R01 cloned encounter
C0011438,CLN-06-R03 / DOC-02-R01 cloned encounter
C0011439,CLN-06-R03 / DOC-02-R01 cloned encounter
C0011440,CLN-06-R03 / DOC-02-R01 cloned encounter
C0011441,CLN-06-R03 / DOC-02-R01 cloned encounter
C0011442,CLN-06-R03 / DOC-02-R01 cloned encounter
C0011443,CLN-06-R03 / DOC-02-R01 cloned encounter
C0011444,CLN-06-R03 / DOC-02-R01 cloned encounter
C0011445,CLN-06-R03 / DOC-02-R01 cloned encounter
C0011446,CLN-06-R03 / DOC-02-R01 cloned encounter
C0011447,CLN-06-R03 / DOC-02-R01 cloned encounter
C0011448,CLN-06-R03 / DOC-02-R01 cloned encounter
C0011449,CLN-06-R03 / DOC-02-R01 cloned encounter
C0011450,CLN-06-R03 / DOC-02-R01 cloned encounter
C0011451,CLN-06-R03 / DOC-02-R01 cloned encounter
C0011452,CLN-06-R03 / DOC-02-R01 cloned encounter
C0011453,CLN-06-R03 / DOC-02-R01 cloned encounter
C0011454,CLN-06-R03 / DOC-02-R01 cloned encounter
C0011455,CLN-06-R03 / DOC-02-R01 cloned encounter
C0011456,CLN-06-R03 / DOC-02-R01 cloned encounter
C0011457,CLN-06-R03 / DOC-02-R01 cloned encounter
C0011458,CLN-06-R03 / DOC-02-R01 cloned encounter
C0011459,CLN-06-R03 / DOC-02-R01 cloned encounter
C0011460,CLN-06-R03 / DOC-02-R01 cloned encounter
C0011461,CLN-06-R03 / DOC-02-R01 cloned encounter
C0011462,CLN-06-R03 / DOC-02-R01 cloned encounter
C0011463,CLN-06-R03 / DOC-02-R01 cloned encounter
C0011464,CLN-06-R03 / DOC-02-R01 cloned encounter
C0011465,CLN-06-R03 / DOC-02-R01 cloned encounter
C0011466,CLN-06-R03 / DOC-02-R01 cloned encounter
C0011467,CLN-06-R03 / DOC-02-R01 cloned encounter
C0011468,CLN-06-R03 / DOC-02-R01 cloned encounter
C0011469,CLN-06-R03 / DOC-02-R01 cloned encounter
C0011470,CLN-06-R03 / DOC-02-R01 cloned encounter
C0011471,CLN-06-R03 / DOC-02-R01 cloned encounter
C0011472,CLN-06-R03 / DOC-02-R01 cloned encounter
C0011473,CLN-06-R03 / DOC-02-R01 cloned encounter
C0011474,CLN-06-R03 / DOC-02-R01 cloned encounter
C0011475,CLN-06-R03 / DOC-02-R01 cloned encounter
C0011476,CLN-06-R03 / DOC-02-R01 cloned encounter
C0011477,CLN-06-R03 / DOC-02-R01 cloned encounter
C0011478,CLN-06-R03 / DOC-02-R01 cloned encounter
C0011479,CLN-06-R03 / DOC-02-R01 cloned encounter
C0011480,CLN-06-R03 / DOC-02-R01 cloned encounter
C0011481,CLN-06-R03 / DOC-02-R01 cloned encounter
C0011482,CLN-06-R03 / DOC-02-R01 cloned encounter
C0011483,CLN-06-R03 / DOC-02-R01 cloned encounter
C0011484,CLN-06-R03 / DOC-02-R01 cloned encounter
C0011485,CLN-06-R03 / DOC-02-R01 cloned encounter
C0011486,CLN-06-R03 / DOC-02-R01 cloned encounter
C0011487,CLN-06-R03 / DOC-02-R01 cloned encounter
C0011488,CLN-06-R03 / DOC-02-R01 cloned encounter
C0011489,CLN-06-R03 / DOC-02-R01 cloned encounter
C0011490,CLN-06-R03 / DOC-02-R01 cloned encounter
C0011491,CLN-06-R03 / DOC-02-R01 cloned encounter
C0011492,CLN-06-R03 / DOC-02-R01 cloned encounter
C0011493,CLN-06-R03 / DOC-02-R01 cloned encounter
C0011494,CLN-06-R03 / DOC-02-R01 cloned encounter
C0011495,CLN-06-R03 / DOC-02-R01 cloned encounter
C0011496,CLN-06-R03 / DOC-02-R01 cloned encounter
C0011497,CLN-06-R03 / DOC-02-R01 cloned encounter
C0011498,CLN-06-R03 / DOC-02-R01 cloned encounter
C0011499,CLN-06-R03 / DOC-02-R01 cloned encounter
C0011500,CLN-06-R03 / DOC-02-R01 cloned encounter
C0011501,CLN-06-R03 / DOC-02-R01 cloned encounter
C0011502,CLN-06-R03 / DOC-02-R01 cloned encounter
C0011503,CLN-06-R03 / DOC-02-R01 cloned encounter
C0011504,CLN-06-R03 / DOC-02-R01 cloned encounter
C0011505,CLN-06-R03 / DOC-02-R01 cloned encounter
C0011506,CLN-06-R03 / DOC-02-R01 cloned encounter
C0011507,CLN-06-R03 / DOC-02-R01 cloned encounter
C0011508,CLN-06-R03 / DOC-02-R01 cloned encounter
C0011509,CLN-06-R03 / DOC-02-R01 cloned encounter
C0011510,CLN-06-R03 / DOC-02-R01 cloned encounter
C0011511,CLN-06-R03 / DOC-02-R01 cloned encounter
C0011512,CLN-06-R03 / DOC-02-R01 cloned encounter
C0011513,CLN-06-R03 / DOC-02-R01 cloned encounter
C0011514,CLN-06-R03 / DOC-02-R01 cloned encounter
C0011515,CLN-06-R03 / DOC-02-R01 cloned encounter
C0011516,CLN-06-R03 / DOC-02-R01 cloned encounter
C0011517,CLN-06-R03 / DOC-02-R01 cloned encounter
C0011518,CLN-06-R03 / DOC-02-R01 cloned encounter
C0011519,CLN-06-R03 / DOC-02-R01 cloned encounter
C0011520,CLN-06-R03 / DOC-02-R01 cloned encounter
C0011521,CLN-06-R03 / DOC-02-R01 cloned encounter
C0011522,CLN-06-R03 / DOC-02-R01 cloned encounter
C0011523,NET-04-R02 originator concentration
C0011524,NET-04-R02 originator concentration
C0011525,base
C0011526,base
C0011527,base
C0011528,base
C0011529,base
C0011530,base
C0011531,base
C0011532,base
C0011533,base
C0011534,NET-04-R02 originator concentration
C0011535,NET-04-R02 originator concentration
C0011536,base
C0011537,base
C0011538,base
C0011539,base
C0011540,base
C0011541,base
C0011542,base
C0011543,base
C0011544,base
C0011545,base
C0011546,base
C0011547,base
C0011548,base
C0011549,base
C0011550,base
C0011551,base
C0011552,base
C0011553,base
C0011554,base
C0011555,base
C0011556,base
C0011557,base
C0011558,base
C0011559,base
C0011560,base
C0011561,base
C0011562,ANL-01-R02 / CLN-07-R04 step change
C0011563,base
C0011564,base
C0011565,base
C0011566,base
C0011567,base
C0011568,base
C0011569,base
C0011570,base
C0011571,ANL-01-R02 / CLN-07-R04 step change
C0011572,base
C0011573,base
C0011574,base
C0011575,base
C0011576,base
C0011577,base
C0011578,base
C0011579,base
C0011580,CLN-07-R02 capacity breach
C0011581,CLN-07-R02 capacity breach
C0011582,CLN-07-R02 capacity breach
C0011583,CLN-07-R02 capacity breach
C0011584,CLN-07-R02 capacity breach
C0011585,ANL-01-R02 / CLN-07-R04 step change
C0011586,ANL-01-R02 / CLN-07-R04 step change
C0011587,base
C0011588,base
C0011589,base
C0011590,CLN-07-R02 capacity breach
C0011591,CLN-07-R02 capacity breach
C0011592,CLN-07-R02 capacity breach
C0011593,CLN-07-R02 capacity breach
C0011594,CLN-07-R02 capacity breach
C0011595,CLN-07-R02 capacity breach
C0011596,ANL-01-R02 / CLN-07-R04 step change
C0011597,base
C0011598,base
C0011599,base
C0011600,base
C0011601,base
C0011602,base
C0011603,base
C0011604,base
C0011605,base
C0011606,base
C0011607,base
C0011608,base
C0011609,base
C0011610,base
C0011611,base
C0011612,base
C0011613,base
C0011614,base
C0011615,base
C0011616,base
C0011617,base
C0011618,base
C0011619,base
C0011620,base
C0011621,base
C0011622,PAY-01-R01 exact duplicate
C0011623,PAY-01-R01 exact duplicate
C0011624,CLN-07-R02 capacity breach
C0011625,CLN-07-R02 capacity breach
C0011626,CLN-07-R02 capacity breach
C0011627,CLN-07-R02 capacity breach
C0011628,CLN-07-R02 capacity breach
C0011629,CLN-07-R02 capacity breach
C0011630,CLN-07-R02 capacity breach
C0011631,NET-04-R02 originator concentration
C0011632,NET-04-R02 originator concentration
C0011633,NET-04-R02 originator concentration
C0011634,NET-04-R02 originator concentration
C0011635,ANL-01-R02 / CLN-07-R04 step change
C0011636,base
C0011637,base
C0011638,base
C0011639,base
C0011640,base
C0011641,base
C0011642,base
C0011643,base
C0011644,base
C0011645,CLN-07-R02 capacity breach
C0011646,CLN-07-R02 capacity breach
C0011647,CLN-07-R02 capacity breach
C0011648,CLN-07-R02 capacity breach
C0011649,CLN-07-R02 capacity breach
C0011650,CLN-07-R02 capacity breach
C0011651,CLN-07-R02 capacity breach
C0011652,CLN-07-R02 capacity breach
C0011653,NET-04-R02 originator concentration
C0011654,NET-04-R02 originator concentration
C0011655,NET-04-R02 originator concentration
C0011656,NET-04-R02 originator concentration
C0011657,ANL-01-R02 / CLN-07-R04 step change
C0011658,base
C0011659,base
C0011660,base
C0011661,base
C0011662,base
C0011663,base
C0011664,base
C0011665,base
C0011666,base
C0011667,base
C0011668,base
C0011669,base
C0011670,base
C0011671,base
C0011672,base
C0011673,base
C0011674,base
C0011675,base
C0011676,base
C0011677,PAY-06-R02 amount arithmetic
C0011678,CLN-07-R02 capacity breach
C0011679,CLN-07-R02 capacity breach
C0011680,CLN-07-R02 capacity breach
C0011681,CLN-07-R02 capacity breach
C0011682,CLN-07-R02 capacity breach
C0011683,CLN-07-R02 capacity breach
C0011684,CLN-07-R02 capacity breach
C0011685,CLN-07-R02 capacity breach
C0011686,CLN-07-R02 capacity breach
C0011687,CLN-07-R02 capacity breach
C0011688,NET-04-R02 originator concentration
C0011689,ANL-01-R02 / CLN-07-R04 step change
C0011690,base
C0011691,base
C0011692,base
C0011693,base
C0011694,base
C0011695,base
C0011696,base
C0011697,base
C0011698,base
C0011699,base
C0011700,base
C0011701,CLN-07-R02 capacity breach
C0011702,CLN-07-R02 capacity breach
C0011703,CLN-07-R02 capacity breach
C0011704,CLN-07-R02 capacity breach
C0011705,CLN-07-R02 capacity breach
C0011706,CLN-07-R02 capacity breach
C0011707,ANL-01-R02 / CLN-07-R04 step change
C0011708,base
C0011709,base
C0011710,base
C0011711,base
C0011712,base
C0011713,base
C0011714,base
C0011715,base
C0011716,base
C0011717,base
C0011718,base
C0011719,base
C0011720,base
C0011721,base
C0011722,base
C0011723,base
C0011724,base
C0011725,base
C0011726,base
C0011727,base
C0011728,base
C0011729,base
C0011730,CLN-07-R02 capacity breach
C0011731,CLN-07-R02 capacity breach
C0011732,CLN-07-R02 capacity breach
C0011733,CLN-07-R02 capacity breach
C0011734,base
C0011735,base
C0011736,base
C0011737,base
C0011738,base
C0011739,base
C0011740,CLN-07-R02 capacity breach
C0011741,CLN-07-R02 capacity breach
C0011742,CLN-07-R02 capacity breach
C0011743,CLN-07-R02 capacity breach
C0011744,CLN-07-R02 capacity breach
C0011745,CLN-07-R02 capacity breach
C0011746,NET-04-R02 originator concentration
C0011747,NET-04-R02 originator concentration
C0011748,base
C0011749,base
C0011750,base
C0011751,base
C0011752,base
C0011753,base
C0011754,base
C0011755,base
C0011756,base
C0011757,base
C0011758,base
C0011759,base
C0011760,base
C0011761,base
C0011762,CLN-07-R02 capacity breach
C0011763,CLN-07-R02 capacity breach
C0011764,NET-04-R02 originator concentration
C0011765,NET-04-R02 originator concentration
C0011766,NET-04-R02 originator concentration
C0011767,base
C0011768,base
C0011769,CLN-07-R02 capacity breach
C0011770,CLN-07-R02 capacity breach
C0011771,CLN-07-R02 capacity breach
C0011772,CLN-07-R02 capacity breach
C0011773,CLN-07-R02 capacity breach
C0011774,CLN-07-R02 capacity breach
C0011775,NET-04-R02 originator concentration
C0011776,base
C0011777,base
C0011778,base
C0011779,base
C0011780,base
C0011781,base
C0011782,base
C0011783,base
C0011784,base
C0011785,base
C0011786,base
C0011787,base
C0011788,CLN-07-R02 capacity breach
C0011789,CLN-07-R02 capacity breach
C0011790,ANL-01-R02 / CLN-07-R04 step change
C0011791,base
C0011792,base
C0011793,NET-04-R02 originator concentration
C0011794,ANL-01-R02 / CLN-07-R04 step change
C0011795,base
C0011796,base
C0011797,base
C0011798,base
C0011799,base
C0011800,base
C0011801,base
C0011802,base
C0011803,base
C0011804,base
C0011805,base
C0011806,base
C0011807,base
C0011808,base
C0011809,base
C0011810,base
C0011811,base
C0011812,base
C0011813,base
C0011814,NET-04-R02 originator concentration
C0011815,NET-04-R02 originator concentration
C0011816,ANL-01-R02 / CLN-07-R04 step change
C0011817,ANL-01-R02 / CLN-07-R04 step change
C0011818,base
C0011819,base
C0011820,base
C0011821,base
C0011822,base
C0011823,base
C0011824,base
C0011825,base
C0011826,base
C0011827,base
C0011828,base
C0011829,base
C0011830,base
C0011831,base
C0011832,base
C0011833,base
C0011834,NET-04-R02 originator concentration
C0011835,ANL-01-R02 / CLN-07-R04 step change
C0011836,base
C0011837,base
C0011838,base
C0011839,base
C0011840,base
C0011841,base
C0011842,base
C0011843,base
C0011844,base
C0011845,base
C0011846,base
C0011847,base
C0011848,base
C0011849,base
C0011850,base
C0011851,base
C0011852,base
C0011853,base
C0011854,base
C0011855,base
C0011856,NET-04-R02 originator concentration
C0011857,NET-04-R02 originator concentration
C0011858,base
C0011859,base
C0011860,base
C0011861,base
C0011862,base
C0011863,base
C0011864,base
C0011865,base
C0011866,base
C0011867,base
C0011868,base
C0011869,base
C0011870,base
C0011871,base
C0011872,base
C0011873,base
C0011874,base
C0011875,base
C0011876,base
C0011877,base
C0011878,base
C0011879,base
C0011880,base
C0011881,base
C0011882,base
C0011883,base
C0011884,base
C0011885,base
C0011886,ANL-01-R02 / CLN-07-R04 step change
C0011887,base
C0011888,base
C0011889,base
C0011890,base
C0011891,ANL-01-R02 / CLN-07-R04 step change
C0011892,base
C0011893,base
C0011894,base
C0011895,base
C0011896,base
C0011897,base
C0011898,ANL-01-R02 / CLN-07-R04 step change
C0011899,base
C0011900,base
C0011901,base
C0011902,base
C0011903,base
C0011904,base
C0011905,base
C0011906,base
C0011907,base
C0011908,base
C0011909,base
C0011910,base
C0011911,base
C0011912,base
C0011913,base
C0011914,base
C0011915,base
C0011916,NET-04-R02 originator concentration
C0011917,NET-04-R02 originator concentration
C0011918,base
C0011919,base
C0011920,base
C0011921,base
C0011922,base
C0011923,base
C0011924,base
C0011925,base
C0011926,base
C0011927,NET-04-R02 originator concentration
C0011928,ANL-01-R02 / CLN-07-R04 step change
C0011929,ANL-01-R02 / CLN-07-R04 step change
C0011930,base
C0011931,base
C0011932,base
C0011933,base
C0011934,base
C0011935,base
C0011936,base
C0011937,base
C0011938,base
C0011939,base
C0011940,base
C0011941,base
C0011942,base
C0011943,base
C0011944,base
C0011945,base
C0011946,base
C0011947,base
C0011948,base
C0011949,base
C0011950,base
C0011951,base
C0011952,base
C0011953,base
C0011954,base
C0011955,base
C0011956,base
C0011957,base
C0011958,ANL-01-R02 / CLN-07-R04 step change
C0011959,base
C0011960,base
C0011961,base
C0011962,base
C0011963,base
C0011964,base
C0011965,base
C0011966,base
C0011967,ring
C0011968,ring
C0011969,ring
C0011970,ring
C0011971,ring
C0011972,NET-04-R02 originator concentration
C0011973,NET-04-R02 originator concentration
C0011974,ANL-01-R02 / CLN-07-R04 step change
C0011975,ANL-01-R02 / CLN-07-R04 step change
C0011976,base
C0011977,base
C0011978,base
C0011979,base
C0011980,base
C0011981,base
C0011982,NET-04-R02 originator concentration
C0011983,ANL-01-R02 / CLN-07-R04 step change
C0011984,base
C0011985,base
C0011986,base
C0011987,base
C0011988,base
C0011989,base
C0011990,base
C0011991,base
C0011992,NET-04-R02 originator concentration
C0011993,base
C0011994,base
C0011995,base
C0011996,base
C0011997,base
C0011998,base
C0011999,base
C0012000,base
C0012001,base
C0012002,base
C0012003,base
C0012004,base
C0012005,ANL-01-R02 / CLN-07-R04 step change
C0012006,base
C0012007,base
C0012008,base
C0012009,base
C0012010,PAY-06-R02 amount arithmetic
C0012011,base
C0012012,base
C0012013,base
C0012014,base
C0012015,base
C0012016,base
C0012017,base
C0012018,base
C0012019,base
C0012020,base
C0012021,base
C0012022,base
C0012023,PAY-01-R03 / CLN-05-R03 episode repeat
C0012024,base
C0012025,base
C0012026,base
C0012027,base
C0012028,base
C0012029,base
C0012030,base
C0012031,base
C0012032,base
C0012033,base
C0012034,base
C0012035,base
C0012036,base
C0012037,base
C0012038,base
C0012039,base
C0012040,base
C0012041,base
C0012042,base
C0012043,base
C0012044,base
C0012045,NET-04-R02 originator concentration
C0012046,NET-04-R02 originator concentration
C0012047,base
C0012048,base
C0012049,base
C0012050,base
C0012051,base
C0012052,base
C0012053,base
C0012054,base
C0012055,base
C0012056,base
C0012057,base
C0012058,base
C0012059,base
C0012060,NET-04-R02 originator concentration
C0012061,NET-04-R02 originator concentration
C0012062,ANL-01-R02 / CLN-07-R04 step change
C0012063,ANL-01-R02 / CLN-07-R04 step change
C0012064,base
C0012065,base
C0012066,base
C0012067,base
C0012068,base
C0012069,base
C0012070,base
C0012071,base
C0012072,base
C0012073,base
C0012074,base
C0012075,base
C0012076,base
C0012077,base
C0012078,base
C0012079,base
C0012080,base
C0012081,NET-04-R02 originator concentration
C0012082,NET-04-R02 originator concentration
C0012083,ANL-01-R02 / CLN-07-R04 step change
C0012084,base
C0012085,base
C0012086,base
C0012087,base
C0012088,base
C0012089,base
C0012090,base
C0012091,base
C0012092,base
C0012093,base
C0012094,base
C0012095,base
C0012096,NET-04-R02 originator concentration
C0012097,ANL-01-R02 / CLN-07-R04 step change
C0012098,base
C0012099,base
C0012100,base
C0012101,base
C0012102,base
C0012103,base
C0012104,NET-04-R02 originator concentration
C0012105,ANL-01-R02 / CLN-07-R04 step change
C0012106,ANL-01-R02 / CLN-07-R04 step change
C0012107,base
C0012108,base
C0012109,base
C0012110,base
C0012111,base
C0012112,base
C0012113,base
C0012114,base
C0012115,base
C0012116,base
C0012117,base
C0012118,base
C0012119,base
C0012120,base
C0012121,base
C0012122,base
C0012123,base
C0012124,base
C0012125,base
C0012126,base
C0012127,base
C0012128,NET-04-R02 originator concentration
C0012129,ANL-01-R02 / CLN-07-R04 step change
C0012130,base
C0012131,base
C0012132,base
C0012133,base
C0012134,base
C0012135,base
C0012136,base
C0012137,base
C0012138,base
C0012139,base
C0012140,base
C0012141,NET-04-R02 originator concentration
C0012142,base
C0012143,base
C0012144,base
C0012145,base
C0012146,base
C0012147,base
C0012148,base
C0012149,base
C0012150,base
C0012151,NET-04-R02 originator concentration
C0012152,NET-04-R02 originator concentration
C0012153,base
C0012154,base
C0012155,base
C0012156,base
C0012157,base
C0012158,base
C0012159,NET-04-R02 originator concentration
C0012160,ANL-01-R02 / CLN-07-R04 step change
C0012161,base
C0012162,base
C0012163,base
C0012164,base
C0012165,base
C0012166,base
C0012167,base
C0012168,base
C0012169,base
C0012170,base
C0012171,base
C0012172,base
C0012173,base
C0012174,base
C0012175,base
C0012176,base
C0012177,base
C0012178,base
C0012179,base
C0012180,NET-04-R02 originator concentration
C0012181,NET-04-R02 originator concentration
C0012182,base
C0012183,base
C0012184,base
C0012185,base
C0012186,base
C0012187,base
C0012188,base
C0012189,base
C0012190,ANL-01-R02 / CLN-07-R04 step change
C0012191,base
C0012192,base
C0012193,base
C0012194,base
C0012195,base
C0012196,base
C0012197,base
C0012198,base
C0012199,base
C0012200,base
C0012201,base
C0012202,base
C0012203,base
C0012204,base
C0012205,base
C0012206,base
C0012207,base
C0012208,base
C0012209,base
C0012210,base
C0012211,base
C0012212,NET-04-R02 originator concentration
C0012213,NET-04-R02 originator concentration
C0012214,ANL-01-R02 / CLN-07-R04 step change
C0012215,base
C0012216,base
C0012217,base
C0012218,base
C0012219,base
C0012220,base
C0012221,base
C0012222,base
C0012223,base
C0012224,PAY-01-R01 exact duplicate
C0012225,PAY-01-R01 exact duplicate
C0012226,PAY-01-R03 / CLN-05-R03 episode repeat
C0012227,base
C0012228,base
C0012229,base
C0012230,base
C0012231,base
C0012232,base
C0012233,base
C0012234,base
C0012235,base
C0012236,base
C0012237,base
C0012238,base
C0012239,base
C0012240,base
C0012241,base
C0012242,base
C0012243,base
C0012244,base
C0012245,ANL-01-R02 / CLN-07-R04 step change
C0012246,ANL-01-R02 / CLN-07-R04 step change
C0012247,base
C0012248,base
C0012249,base
C0012250,base
C0012251,base
C0012252,base
C0012253,base
C0012254,base
C0012255,base
C0012256,base
C0012257,base
C0012258,base
C0012259,base
C0012260,base
C0012261,base
C0012262,base
C0012263,base
C0012264,base
C0012265,base
C0012266,base
C0012267,base
C0012268,ANL-01-R02 / CLN-07-R04 step change
C0012269,base
C0012270,base
C0012271,base
C0012272,base
C0012273,base
C0012274,base
C0012275,base
C0012276,base
C0012277,base
C0012278,ANL-01-R02 / CLN-07-R04 step change
C0012279,base
C0012280,base
C0012281,base
C0012282,base
C0012283,base
C0012284,ANL-01-R02 / CLN-07-R04 step change
C0012285,base
C0012286,base
C0012287,base
C0012288,base
C0012289,base
C0012290,base
C0012291,base
C0012292,base
C0012293,base
C0012294,base
C0012295,base
C0012296,base
C0012297,base
C0012298,base
C0012299,base
C0012300,base
C0012301,ANL-01-R02 / CLN-07-R04 step change
C0012302,base
C0012303,base
C0012304,base
C0012305,base
C0012306,base
C0012307,base
C0012308,base
C0012309,base
C0012310,base
C0012311,base
C0012312,base
C0012313,base
C0012314,base
C0012315,base
C0012316,base
C0012317,base
C0012318,base
C0012319,base
C0012320,base
C0012321,base
C0012322,base
C0012323,base
C0012324,base
C0012325,base
C0012326,base
C0012327,base
C0012328,base
C0012329,base
C0012330,base
C0012331,base
C0012332,base
C0012333,base
C0012334,base
C0012335,ANL-01-R02 / CLN-07-R04 step change
C0012336,ANL-01-R02 / CLN-07-R04 step change
C0012337,ANL-01-R02 / CLN-07-R04 step change
C0012338,ANL-01-R02 / CLN-07-R04 step change
C0012339,base
C0012340,base
C0012341,base
C0012342,base
C0012343,base
C0012344,base
C0012345,base
C0012346,base
C0012347,base
C0012348,base
C0012349,base
C0012350,base
C0012351,base
C0012352,base
C0012353,base
C0012354,base
C0012355,base
C0012356,base
C0012357,base
C0012358,base
C0012359,base
C0012360,base
C0012361,base
C0012362,base
C0012363,base
C0012364,base
C0012365,base
C0012366,base
C0012367,base
C0012368,base
C0012369,CLN-05-R01 length-of-stay outlier
C0012370,ANL-01-R02 / CLN-07-R04 step change
C0012371,base
C0012372,base
C0012373,base
C0012374,base
C0012375,base
C0012376,base
C0012377,base
C0012378,base
C0012379,base
C0012380,base
C0012381,base
C0012382,base
C0012383,ANL-01-R02 / CLN-07-R04 step change
C0012384,base
C0012385,base
C0012386,base
C0012387,base
C0012388,base
C0012389,base
C0012390,base
C0012391,base
C0012392,base
C0012393,base
C0012394,base
C0012395,base
C0012396,base
C0012397,ANL-01-R02 / CLN-07-R04 step change
C0012398,base
C0012399,base
C0012400,base
C0012401,base
C0012402,base
C0012403,base
C0012404,base
C0012405,base
C0012406,base
C0012407,base
C0012408,base
C0012409,base
C0012410,base
C0012411,base
C0012412,base
C0012413,base
C0012414,base
C0012415,base
C0012416,base
C0012417,base
C0012418,base
C0012419,base
C0012420,base
C0012421,base
C0012422,base
C0012423,base
C0012424,ANL-01-R02 / CLN-07-R04 step change
C0012425,base
C0012426,base
C0012427,base
C0012428,base
C0012429,base
C0012430,base
C0012431,base
C0012432,base
C0012433,base
C0012434,base
C0012435,base
C0012436,base
C0012437,base
C0012438,base
C0012439,base
C0012440,base
C0012441,base
C0012442,base
C0012443,base
C0012444,base
C0012445,base
C0012446,base
C0012447,base
C0012448,base
C0012449,base
C0012450,base
C0012451,base
C0012452,base
C0012453,base
C0012454,base
C0012455,base
C0012456,base
C0012457,base
C0012458,base
C0012459,ANL-01-R02 / CLN-07-R04 step change
C0012460,base
C0012461,base
C0012462,base
C0012463,base
C0012464,base
C0012465,ANL-01-R02 / CLN-07-R04 step change
C0012466,base
C0012467,base
C0012468,base
C0012469,base
C0012470,base
C0012471,base
C0012472,base
C0012473,base
C0012474,base
C0012475,base
C0012476,base
C0012477,base
C0012478,base
C0012479,PAY-06-R02 amount arithmetic
C0012480,ANL-01-R02 / CLN-07-R04 step change
C0012481,base
C0012482,base
C0012483,base
C0012484,base
C0012485,base
C0012486,base
C0012487,base
C0012488,PAY-06-R02 amount arithmetic
C0012489,ANL-01-R02 / CLN-07-R04 step change
C0012490,base
C0012491,base
C0012492,ANL-01-R02 / CLN-07-R04 step change
C0012493,base
C0012494,base
C0012495,base
C0012496,base
C0012497,base
C0012498,base
C0012499,base
C0012500,base
C0012501,ANL-01-R02 / CLN-07-R04 step change
C0012502,base
C0012503,base
C0012504,base
C0012505,base
C0012506,base
C0012507,base
C0012508,base
C0012509,base
C0012510,base
C0012511,base
C0012512,base
C0012513,base
C0012514,PAY-01-R01 exact duplicate
C0012515,PAY-01-R01 exact duplicate
C0012516,base
C0012517,base
C0012518,base
C0012519,base
C0012520,base
C0012521,base
C0012522,base
C0012523,base
C0012524,base
C0012525,base
C0012526,base
C0012527,base
C0012528,base
C0012529,base
C0012530,base
C0012531,base
C0012532,base
C0012533,base
C0012534,base
C0012535,base
C0012536,base
C0012537,base
C0012538,base
C0012539,base
C0012540,base
C0012541,base
C0012542,base
C0012543,base
C0012544,base
C0012545,base
C0012546,base
C0012547,base
C0012548,base
C0012549,base
C0012550,base
C0012551,base
C0012552,base
C0012553,base
C0012554,base
C0012555,base
C0012556,base
C0012557,base
C0012558,base
C0012559,base
C0012560,base
C0012561,base
C0012562,PAY-01-R03 / CLN-05-R03 episode repeat
C0012563,base
C0012564,base
C0012565,base
C0012566,base
C0012567,base
C0012568,base
C0012569,base
C0012570,base
C0012571,base
C0012572,base
C0012573,base
C0012574,ANL-01-R02 / CLN-07-R04 step change
C0012575,base
C0012576,base
C0012577,base
C0012578,base
C0012579,base
C0012580,base
C0012581,base
C0012582,base
C0012583,base
C0012584,base
C0012585,base
C0012586,PAY-01-R01 exact duplicate
C0012587,PAY-01-R01 exact duplicate
C0012588,base
C0012589,base
C0012590,base
C0012591,base
C0012592,base
C0012593,base
C0012594,base
C0012595,base
C0012596,base
C0012597,ANL-01-R02 / CLN-07-R04 step change
C0012598,ANL-01-R02 / CLN-07-R04 step change
C0012599,base
C0012600,base
C0012601,base
C0012602,base
C0012603,base
C0012604,base
C0012605,base
C0012606,base
C0012607,base
C0012608,base
C0012609,base
C0012610,base
C0012611,base
C0012612,base
C0012613,base
C0012614,base
C0012615,base
C0012616,ANL-01-R02 / CLN-07-R04 step change
C0012617,ANL-01-R02 / CLN-07-R04 step change
C0012618,base
C0012619,base
C0012620,base
C0012621,base
C0012622,base
C0012623,base
C0012624,base
C0012625,base
C0012626,base
C0012627,base
C0012628,base
C0012629,base
C0012630,base
C0012631,base
C0012632,base
C0012633,base
C0012634,base
C0012635,base
C0012636,base
C0012637,base
C0012638,PAY-01-R03 / CLN-05-R03 episode repeat
C0012639,base
C0012640,base
C0012641,base
C0012642,base
C0012643,base
C0012644,base
C0012645,base
C0012646,base
C0012647,base
C0012648,base
C0012649,base
C0012650,base
C0012651,base
C0012652,base
C0012653,base
C0012654,base
C0012655,base
C0012656,base
C0012657,base
C0012658,base
C0012659,base
C0012660,base
C0012661,base
C0012662,base
C0012663,base
C0012664,base
C0012665,base
C0012666,base
C0012667,base
C0012668,base
C0012669,base
C0012670,base
C0012671,base
C0012672,base
C0012673,base
C0012674,base
C0012675,ANL-01-R02 / CLN-07-R04 step change
C0012676,base
C0012677,base
C0012678,base
C0012679,base
C0012680,base
C0012681,base
C0012682,base
C0012683,base
C0012684,base
C0012685,base
C0012686,base
C0012687,base
C0012688,base
C0012689,base
C0012690,base
C0012691,base
C0012692,base
C0012693,base
C0012694,base
C0012695,base
C0012696,base
C0012697,base
C0012698,base
C0012699,ANL-01-R02 / CLN-07-R04 step change
C0012700,base
C0012701,base
C0012702,base
C0012703,base
C0012704,base
C0012705,base
C0012706,base
C0012707,base
C0012708,base
C0012709,base
C0012710,base
C0012711,base
C0012712,base
C0012713,base
C0012714,base
C0012715,base
C0012716,base
C0012717,base
C0012718,base
C0012719,base
C0012720,base
C0012721,ANL-01-R02 / CLN-07-R04 step change
C0012722,base
C0012723,base
C0012724,base
C0012725,base
C0012726,base
C0012727,base
C0012728,base
C0012729,base
C0012730,base
C0012731,ANL-01-R02 / CLN-07-R04 step change
C0012732,base
C0012733,base
C0012734,base
C0012735,base
C0012736,base
C0012737,base
C0012738,base
C0012739,base
C0012740,base
C0012741,base
C0012742,base
C0012743,base
C0012744,base
C0012745,base
C0012746,base
C0012747,ANL-01-R02 / CLN-07-R04 step change
C0012748,ANL-01-R02 / CLN-07-R04 step change
C0012749,base
C0012750,base
C0012751,base
C0012752,base
C0012753,ANL-01-R02 / CLN-07-R04 step change
C0012754,ANL-01-R02 / CLN-07-R04 step change
C0012755,ANL-01-R02 / CLN-07-R04 step change
C0012756,base
C0012757,base
C0012758,base
C0012759,base
C0012760,base
C0012761,base
C0012762,base
C0012763,base
C0012764,ANL-01-R02 / CLN-07-R04 step change
C0012765,base
C0012766,base
C0012767,base
C0012768,base
C0012769,base
C0012770,base
C0012771,base
C0012772,base
C0012773,base
C0012774,base
C0012775,base
C0012776,base
C0012777,base
C0012778,base
C0012779,base
C0012780,base
C0012781,base
C0012782,base
C0012783,base
C0012784,base
C0012785,base
C0012786,base
C0012787,base
C0012788,base
C0012789,base
C0012790,base
C0012791,base
C0012792,base
C0012793,base
C0012794,base
C0012795,base
C0012796,base
C0012797,base
C0012798,base
C0012799,base
C0012800,base
C0012801,base
C0012802,base
C0012803,base
C0012804,base
C0012805,base
C0012806,base
C0012807,base
C0012808,base
C0012809,base
C0012810,base
C0012811,base
C0012812,base
C0012813,base
C0012814,base
C0012815,base
C0012816,base
C0012817,ANL-01-R02 / CLN-07-R04 step change
C0012818,ANL-01-R02 / CLN-07-R04 step change
C0012819,ANL-01-R02 / CLN-07-R04 step change
C0012820,ANL-01-R02 / CLN-07-R04 step change
C0012821,base
C0012822,base
C0012823,base
C0012824,base
C0012825,base
C0012826,base
C0012827,ANL-01-R02 / CLN-07-R04 step change
C0012828,ANL-01-R02 / CLN-07-R04 step change
C0012829,base
C0012830,base
C0012831,base
C0012832,base
C0012833,base
C0012834,base
C0012835,base
C0012836,base
C0012837,base
C0012838,base
C0012839,base
C0012840,base
C0012841,base
C0012842,base
C0012843,base
C0012844,base
C0012845,base
C0012846,base
C0012847,base
C0012848,base
C0012849,base
C0012850,base
C0012851,base
C0012852,base
C0012853,base
C0012854,base
C0012855,base
C0012856,base
C0012857,base
C0012858,base
C0012859,base
C0012860,base
C0012861,base
C0012862,ANL-01-R02 / CLN-07-R04 step change
C0012863,base
C0012864,base
C0012865,base
C0012866,base
C0012867,base
C0012868,base
C0012869,base
C0012870,base
C0012871,base
C0012872,base
C0012873,ANL-01-R02 / CLN-07-R04 step change
C0012874,ANL-01-R02 / CLN-07-R04 step change
C0012875,base
C0012876,base
C0012877,base
C0012878,base
C0012879,base
C0012880,ANL-01-R02 / CLN-07-R04 step change
C0012881,ANL-01-R02 / CLN-07-R04 step change
C0012882,base
C0012883,base
C0012884,base
C0012885,base
C0012886,base
C0012887,base
C0012888,ANL-01-R02 / CLN-07-R04 step change
C0012889,base
C0012890,base
C0012891,base
C0012892,base
C0012893,base
C0012894,base
C0012895,ANL-01-R02 / CLN-07-R04 step change
C0012896,base
C0012897,base
C0012898,base
C0012899,base
C0012900,base
C0012901,base
C0012902,base
C0012903,base
C0012904,base
C0012905,base
C0012906,base
C0012907,base
C0012908,base
C0012909,ANL-01-R02 / CLN-07-R04 step change
C0012910,ANL-01-R02 / CLN-07-R04 step change
C0012911,ANL-01-R02 / CLN-07-R04 step change
C0012912,base
C0012913,base
C0012914,base
C0012915,base
C0012916,base
C0012917,base
C0012918,base
C0012919,base
C0012920,base
C0012921,base
C0012922,base
C0012923,base
C0012924,base
C0012925,base
C0012926,base
C0012927,base
C0012928,base
C0012929,base
C0012930,base
C0012931,base
C0012932,base
C0012933,base
C0012934,base
C0012935,base
C0012936,base
C0012937,base
C0012938,base
C0012939,base
C0012940,base
C0012941,base
C0012942,base
C0012943,base
C0012944,base
C0012945,base
C0012946,base
C0012947,base
C0012948,base
C0012949,base
C0012950,base
C0012951,base
C0012952,base
C0012953,base
C0012954,base
C0012955,base
C0012956,base
C0012957,PAY-01-R02 near duplicate
C0012958,base
C0012959,base
C0012960,base
C0012961,base
C0012962,base
C0012963,ring
C0012964,ring
C0012965,base
C0012966,base
C0012967,base
C0012968,base
C0012969,base
C0012970,PAY-01-R02 near duplicate
C0012971,CLN-06-R03 / DOC-02-R01 cloned encounter
C0012972,CLN-06-R03 / DOC-02-R01 cloned encounter
C0012973,CLN-06-R03 / DOC-02-R01 cloned encounter
C0012974,CLN-06-R03 / DOC-02-R01 cloned encounter
C0012975,CLN-06-R03 / DOC-02-R01 cloned encounter
C0012976,CLN-06-R03 / DOC-02-R01 cloned encounter
C0012977,CLN-06-R03 / DOC-02-R01 cloned encounter
C0012978,CLN-06-R03 / DOC-02-R01 cloned encounter
C0012979,CLN-06-R03 / DOC-02-R01 cloned encounter
C0012980,CLN-06-R03 / DOC-02-R01 cloned encounter
C0012981,CLN-06-R03 / DOC-02-R01 cloned encounter
C0012982,CLN-06-R03 / DOC-02-R01 cloned encounter
C0012983,CLN-06-R03 / DOC-02-R01 cloned encounter
C0012984,CLN-06-R03 / DOC-02-R01 cloned encounter
C0012985,CLN-06-R03 / DOC-02-R01 cloned encounter
C0012986,CLN-06-R03 / DOC-02-R01 cloned encounter
C0012987,CLN-06-R03 / DOC-02-R01 cloned encounter
C0012988,CLN-06-R03 / DOC-02-R01 cloned encounter
C0012989,CLN-06-R03 / DOC-02-R01 cloned encounter
C0012990,CLN-06-R03 / DOC-02-R01 cloned encounter
C0012991,CLN-06-R03 / DOC-02-R01 cloned encounter
C0012992,CLN-06-R03 / DOC-02-R01 cloned encounter
C0012993,CLN-06-R03 / DOC-02-R01 cloned encounter
C0012994,CLN-06-R03 / DOC-02-R01 cloned encounter
C0012995,CLN-06-R03 / DOC-02-R01 cloned encounter
C0012996,CLN-06-R03 / DOC-02-R01 cloned encounter
C0012997,CLN-06-R03 / DOC-02-R01 cloned encounter
C0012998,CLN-06-R03 / DOC-02-R01 cloned encounter
C0012999,CLN-06-R03 / DOC-02-R01 cloned encounter
C0013000,CLN-06-R03 / DOC-02-R01 cloned encounter
C0013001,CLN-06-R03 / DOC-02-R01 cloned encounter
C0013002,CLN-06-R03 / DOC-02-R01 cloned encounter
C0013003,CLN-06-R03 / DOC-02-R01 cloned encounter
C0013004,CLN-06-R03 / DOC-02-R01 cloned encounter
C0013005,CLN-06-R03 / DOC-02-R01 cloned encounter
C0013006,CLN-06-R03 / DOC-02-R01 cloned encounter
C0013007,CLN-06-R03 / DOC-02-R01 cloned encounter
C0013008,CLN-06-R03 / DOC-02-R01 cloned encounter
C0013009,CLN-06-R03 / DOC-02-R01 cloned encounter
C0013010,CLN-06-R03 / DOC-02-R01 cloned encounter
C0013011,CLN-06-R03 / DOC-02-R01 cloned encounter
C0013012,CLN-06-R03 / DOC-02-R01 cloned encounter
C0013013,CLN-06-R03 / DOC-02-R01 cloned encounter
C0013014,CLN-06-R03 / DOC-02-R01 cloned encounter
C0013015,CLN-06-R03 / DOC-02-R01 cloned encounter
C0013016,CLN-06-R03 / DOC-02-R01 cloned encounter
C0013017,CLN-06-R03 / DOC-02-R01 cloned encounter
C0013018,CLN-06-R03 / DOC-02-R01 cloned encounter
C0013019,CLN-06-R03 / DOC-02-R01 cloned encounter
C0013020,CLN-06-R03 / DOC-02-R01 cloned encounter
C0013021,CLN-06-R03 / DOC-02-R01 cloned encounter
C0013022,CLN-06-R03 / DOC-02-R01 cloned encounter
C0013023,CLN-06-R03 / DOC-02-R01 cloned encounter
C0013024,CLN-06-R03 / DOC-02-R01 cloned encounter
C0013025,CLN-06-R03 / DOC-02-R01 cloned encounter
C0013026,CLN-06-R03 / DOC-02-R01 cloned encounter
C0013027,CLN-06-R03 / DOC-02-R01 cloned encounter
C0013028,CLN-06-R03 / DOC-02-R01 cloned encounter
C0013029,CLN-06-R03 / DOC-02-R01 cloned encounter
C0013030,CLN-06-R03 / DOC-02-R01 cloned encounter
C0013031,CLN-06-R03 / DOC-02-R01 cloned encounter
C0013032,CLN-06-R03 / DOC-02-R01 cloned encounter
C0013033,CLN-06-R03 / DOC-02-R01 cloned encounter
C0013034,CLN-06-R03 / DOC-02-R01 cloned encounter
C0013035,CLN-06-R03 / DOC-02-R01 cloned encounter
C0013036,CLN-06-R03 / DOC-02-R01 cloned encounter
C0013037,CLN-06-R03 / DOC-02-R01 cloned encounter
C0013038,CLN-06-R03 / DOC-02-R01 cloned encounter
C0013039,CLN-06-R03 / DOC-02-R01 cloned encounter
C0013040,CLN-06-R03 / DOC-02-R01 cloned encounter
C0013041,CLN-06-R03 / DOC-02-R01 cloned encounter
C0013042,CLN-06-R03 / DOC-02-R01 cloned encounter
C0013043,CLN-06-R03 / DOC-02-R01 cloned encounter
C0013044,CLN-06-R03 / DOC-02-R01 cloned encounter
C0013045,CLN-06-R03 / DOC-02-R01 cloned encounter
C0013046,CLN-06-R03 / DOC-02-R01 cloned encounter
C0013047,CLN-06-R03 / DOC-02-R01 cloned encounter
C0013048,CLN-06-R03 / DOC-02-R01 cloned encounter
C0013049,CLN-06-R03 / DOC-02-R01 cloned encounter
C0013050,CLN-06-R03 / DOC-02-R01 cloned encounter
C0013051,CLN-06-R03 / DOC-02-R01 cloned encounter
C0013052,CLN-06-R03 / DOC-02-R01 cloned encounter
C0013053,CLN-06-R03 / DOC-02-R01 cloned encounter
C0013054,CLN-06-R03 / DOC-02-R01 cloned encounter
C0013055,CLN-06-R03 / DOC-02-R01 cloned encounter
C0013056,CLN-06-R03 / DOC-02-R01 cloned encounter
C0013057,CLN-06-R03 / DOC-02-R01 cloned encounter
C0013058,CLN-06-R03 / DOC-02-R01 cloned encounter
C0013059,CLN-06-R03 / DOC-02-R01 cloned encounter
C0013060,CLN-06-R03 / DOC-02-R01 cloned encounter
C0013061,CLN-06-R03 / DOC-02-R01 cloned encounter
C0013062,CLN-06-R03 / DOC-02-R01 cloned encounter
C0013063,CLN-06-R03 / DOC-02-R01 cloned encounter
C0013064,CLN-06-R03 / DOC-02-R01 cloned encounter
C0013065,CLN-06-R03 / DOC-02-R01 cloned encounter
C0013066,CLN-06-R03 / DOC-02-R01 cloned encounter
C0013067,CLN-06-R03 / DOC-02-R01 cloned encounter
C0013068,CLN-06-R03 / DOC-02-R01 cloned encounter
C0013069,CLN-06-R03 / DOC-02-R01 cloned encounter
C0013070,CLN-06-R03 / DOC-02-R01 cloned encounter
C0013071,CLN-06-R03 / DOC-02-R01 cloned encounter
C0013072,CLN-06-R03 / DOC-02-R01 cloned encounter
C0013073,CLN-06-R03 / DOC-02-R01 cloned encounter
C0013074,CLN-06-R03 / DOC-02-R01 cloned encounter
C0013075,CLN-06-R03 / DOC-02-R01 cloned encounter
C0013076,CLN-06-R03 / DOC-02-R01 cloned encounter
C0013077,CLN-06-R03 / DOC-02-R01 cloned encounter
C0013078,CLN-06-R03 / DOC-02-R01 cloned encounter
C0013079,CLN-06-R03 / DOC-02-R01 cloned encounter
C0013080,CLN-06-R03 / DOC-02-R01 cloned encounter
C0013081,CLN-06-R03 / DOC-02-R01 cloned encounter
C0013082,CLN-06-R03 / DOC-02-R01 cloned encounter
C0013083,CLN-06-R03 / DOC-02-R01 cloned encounter
C0013084,CLN-06-R03 / DOC-02-R01 cloned encounter
C0013085,CLN-06-R03 / DOC-02-R01 cloned encounter
C0013086,CLN-06-R03 / DOC-02-R01 cloned encounter
C0013087,CLN-06-R03 / DOC-02-R01 cloned encounter
C0013088,CLN-06-R03 / DOC-02-R01 cloned encounter
C0013089,CLN-06-R03 / DOC-02-R01 cloned encounter
C0013090,CLN-06-R03 / DOC-02-R01 cloned encounter
C0013091,CLN-06-R03 / DOC-02-R01 cloned encounter
C0013092,CLN-06-R03 / DOC-02-R01 cloned encounter
C0013093,CLN-06-R03 / DOC-02-R01 cloned encounter
C0013094,CLN-06-R03 / DOC-02-R01 cloned encounter
C0013095,CLN-06-R03 / DOC-02-R01 cloned encounter
C0013096,CLN-06-R03 / DOC-02-R01 cloned encounter
C0013097,CLN-06-R03 / DOC-02-R01 cloned encounter
C0013098,CLN-06-R03 / DOC-02-R01 cloned encounter
C0013099,CLN-06-R03 / DOC-02-R01 cloned encounter
C0013100,CLN-06-R03 / DOC-02-R01 cloned encounter
C0013101,CLN-06-R03 / DOC-02-R01 cloned encounter
C0013102,CLN-06-R03 / DOC-02-R01 cloned encounter
C0013103,CLN-06-R03 / DOC-02-R01 cloned encounter
C0013104,CLN-06-R03 / DOC-02-R01 cloned encounter
C0013105,CLN-06-R03 / DOC-02-R01 cloned encounter
C0013106,CLN-06-R03 / DOC-02-R01 cloned encounter
C0013107,CLN-06-R03 / DOC-02-R01 cloned encounter
C0013108,CLN-06-R03 / DOC-02-R01 cloned encounter
C0013109,CLN-06-R03 / DOC-02-R01 cloned encounter
C0013110,CLN-06-R03 / DOC-02-R01 cloned encounter
C0013111,CLN-06-R03 / DOC-02-R01 cloned encounter
C0013112,CLN-06-R03 / DOC-02-R01 cloned encounter
C0013113,CLN-06-R03 / DOC-02-R01 cloned encounter
C0013114,CLN-06-R03 / DOC-02-R01 cloned encounter
C0013115,CLN-06-R03 / DOC-02-R01 cloned encounter
C0013116,CLN-06-R03 / DOC-02-R01 cloned encounter
C0013117,CLN-06-R03 / DOC-02-R01 cloned encounter
C0013118,CLN-06-R03 / DOC-02-R01 cloned encounter
C0013119,CLN-06-R03 / DOC-02-R01 cloned encounter
C0013120,CLN-06-R03 / DOC-02-R01 cloned encounter
C0013121,CLN-06-R03 / DOC-02-R01 cloned encounter
C0013122,CLN-06-R03 / DOC-02-R01 cloned encounter
C0013123,CLN-06-R03 / DOC-02-R01 cloned encounter
C0013124,CLN-06-R03 / DOC-02-R01 cloned encounter
C0013125,CLN-06-R03 / DOC-02-R01 cloned encounter
C0013126,CLN-06-R03 / DOC-02-R01 cloned encounter
C0013127,CLN-06-R03 / DOC-02-R01 cloned encounter
C0013128,CLN-06-R03 / DOC-02-R01 cloned encounter
C0013129,CLN-06-R03 / DOC-02-R01 cloned encounter
C0013130,CLN-06-R03 / DOC-02-R01 cloned encounter
C0013131,CLN-06-R03 / DOC-02-R01 cloned encounter
C0013132,CLN-06-R03 / DOC-02-R01 cloned encounter
C0013133,CLN-06-R03 / DOC-02-R01 cloned encounter
C0013134,CLN-06-R03 / DOC-02-R01 cloned encounter
C0013135,CLN-06-R03 / DOC-02-R01 cloned encounter
C0013136,CLN-06-R03 / DOC-02-R01 cloned encounter
C0013137,CLN-06-R03 / DOC-02-R01 cloned encounter
C0013138,CLN-06-R03 / DOC-02-R01 cloned encounter
C0013139,CLN-06-R03 / DOC-02-R01 cloned encounter
C0013140,CLN-06-R03 / DOC-02-R01 cloned encounter
C0013141,CLN-06-R03 / DOC-02-R01 cloned encounter
C0013142,CLN-06-R03 / DOC-02-R01 cloned encounter
C0013143,CLN-06-R03 / DOC-02-R01 cloned encounter
C0013144,CLN-06-R03 / DOC-02-R01 cloned encounter
C0013145,CLN-06-R03 / DOC-02-R01 cloned encounter
C0013146,CLN-06-R03 / DOC-02-R01 cloned encounter
C0013147,CLN-06-R03 / DOC-02-R01 cloned encounter
C0013148,CLN-06-R03 / DOC-02-R01 cloned encounter
C0013149,CLN-06-R03 / DOC-02-R01 cloned encounter
C0013150,CLN-06-R03 / DOC-02-R01 cloned encounter
C0013151,ANL-01-R02 / CLN-07-R04 step change
C0013152,base
C0013153,ring
C0013154,base
C0013155,base
C0013156,base
C0013157,base
C0013158,base
C0013159,base
C0013160,base
C0013161,base
C0013162,base
C0013163,base
C0013164,base
C0013165,base
C0013166,base
C0013167,base
C0013168,base
C0013169,base
C0013170,base
C0013171,base
C0013172,base
C0013173,base
C0013174,base
C0013175,base
C0013176,base
C0013177,base
C0013178,base
C0013179,base
C0013180,base
C0013181,PAY-06-R02 amount arithmetic
C0013182,ANL-01-R02 / CLN-07-R04 step change
C0013183,ANL-01-R02 / CLN-07-R04 step change
C0013184,base
C0013185,base
C0013186,base
C0013187,base
C0013188,base
C0013189,base
C0013190,base
C0013191,base
C0013192,base
C0013193,base
C0013194,base
C0013195,base
C0013196,base
C0013197,base
C0013198,base
C0013199,base
C0013200,base
C0013201,base
C0013202,base
C0013203,base
C0013204,ANL-01-R02 / CLN-07-R04 step change
C0013205,base
C0013206,base
C0013207,base
C0013208,base
C0013209,base
C0013210,ANL-01-R02 / CLN-07-R04 step change
C0013211,base
C0013212,base
C0013213,ring
C0013214,base
C0013215,base
C0013216,base
C0013217,base
C0013218,base
C0013219,base
C0013220,base
C0013221,base
C0013222,base
C0013223,base
C0013224,base
C0013225,base
C0013226,base
C0013227,base
C0013228,base
C0013229,base
C0013230,base
C0013231,base
C0013232,base
C0013233,base
C0013234,base
C0013235,base
C0013236,ANL-01-R02 / CLN-07-R04 step change
C0013237,ANL-01-R02 / CLN-07-R04 step change
C0013238,base
C0013239,base
C0013240,base
C0013241,base
C0013242,base
C0013243,base
C0013244,base
C0013245,base
C0013246,base
C0013247,base
C0013248,base
C0013249,base
C0013250,base
C0013251,base
C0013252,base
C0013253,base
C0013254,ANL-01-R02 / CLN-07-R04 step change
C0013255,ANL-01-R02 / CLN-07-R04 step change
C0013256,base
C0013257,base
C0013258,base
C0013259,base
C0013260,base
C0013261,base
C0013262,ANL-01-R02 / CLN-07-R04 step change
C0013263,base
C0013264,base
C0013265,base
C0013266,base
C0013267,base
C0013268,base
C0013269,base
C0013270,base
C0013271,base
C0013272,base
C0013273,ANL-01-R02 / CLN-07-R04 step change
C0013274,base
C0013275,base
C0013276,base
C0013277,base
C0013278,base
C0013279,base
C0013280,base
C0013281,base
C0013282,base
C0013283,base
C0013284,base
C0013285,base
C0013286,base
C0013287,base
C0013288,base
C0013289,base
C0013290,PAY-06-R02 amount arithmetic
C0013291,ANL-01-R02 / CLN-07-R04 step change
C0013292,base
C0013293,base
C0013294,base
C0013295,base
C0013296,base
C0013297,base
C0013298,base
C0013299,base
C0013300,base
C0013301,base
C0013302,base
C0013303,base
C0013304,base
C0013305,base
C0013306,base
C0013307,base
C0013308,base
C0013309,base
C0013310,base
C0013311,base
C0013312,base
C0013313,base
C0013314,base
C0013315,ring
C0013316,ring
C0013317,base
C0013318,base
C0013319,base
C0013320,base
C0013321,base
C0013322,base
C0013323,ANL-01-R02 / CLN-07-R04 step change
C0013324,ANL-01-R02 / CLN-07-R04 step change
C0013325,ANL-01-R02 / CLN-07-R04 step change
C0013326,base
C0013327,base
C0013328,base
C0013329,base
C0013330,base
C0013331,base
C0013332,base
C0013333,base
C0013334,base
C0013335,base
C0013336,ANL-01-R02 / CLN-07-R04 step change
C0013337,base
C0013338,base
C0013339,base
C0013340,base
C0013341,base
C0013342,base
C0013343,base
C0013344,base
C0013345,base
C0013346,base
C0013347,base
C0013348,base
C0013349,base
C0013350,base
C0013351,base
C0013352,base
C0013353,base
C0013354,base
C0013355,ANL-01-R02 / CLN-07-R04 step change
C0013356,base
C0013357,base
C0013358,base
C0013359,base
C0013360,base
C0013361,base
C0013362,base
C0013363,base
C0013364,base
C0013365,base
C0013366,base
C0013367,base
C0013368,base
C0013369,base
C0013370,ANL-01-R02 / CLN-07-R04 step change
C0013371,ANL-01-R02 / CLN-07-R04 step change
C0013372,base
C0013373,base
C0013374,base
C0013375,base
C0013376,base
C0013377,base
C0013378,ANL-01-R02 / CLN-07-R04 step change
C0013379,ANL-01-R02 / CLN-07-R04 step change
C0013380,ANL-01-R02 / CLN-07-R04 step change
C0013381,base
C0013382,base
C0013383,base
C0013384,base
C0013385,base
C0013386,base
C0013387,ANL-01-R02 / CLN-07-R04 step change
C0013388,ANL-01-R02 / CLN-07-R04 step change
C0013389,base
C0013390,base
C0013391,base
C0013392,base
C0013393,base
C0013394,base
C0013395,ring
C0013396,ring
C0013397,ring
C0013398,base
C0013399,base
C0013400,base
C0013401,base
C0013402,ANL-01-R02 / CLN-07-R04 step change
C0013403,ANL-01-R02 / CLN-07-R04 step change
C0013404,base
C0013405,base
C0013406,base
C0013407,base
C0013408,base
C0013409,base
C0013410,base
C0013411,base
C0013412,base
C0013413,base
C0013414,base
C0013415,base
C0013416,base
C0013417,base
C0013418,ANL-01-R02 / CLN-07-R04 step change
C0013419,ANL-01-R02 / CLN-07-R04 step change
C0013420,base
C0013421,base
C0013422,base
C0013423,base
C0013424,base
C0013425,base
C0013426,base
C0013427,base
C0013428,base
C0013429,base
C0013430,base
C0013431,base
C0013432,base
C0013433,base
C0013434,base
C0013435,base
C0013436,base
C0013437,base
C0013438,base
C0013439,base
C0013440,base
C0013441,base
C0013442,base
C0013443,PAY-01-R01 exact duplicate
C0013444,PAY-01-R01 exact duplicate
C0013445,PAY-01-R01 exact duplicate
C0013446,PAY-01-R01 exact duplicate
C0013447,PAY-01-R02 near duplicate
C0013448,ANL-01-R02 / CLN-07-R04 step change
C0013449,base
C0013450,base
C0013451,base
C0013452,base
C0013453,base
C0013454,base
C0013455,base
C0013456,base
C0013457,base
C0013458,base
C0013459,base
C0013460,base
C0013461,ANL-01-R02 / CLN-07-R04 step change
C0013462,ANL-01-R02 / CLN-07-R04 step change
C0013463,ANL-01-R02 / CLN-07-R04 step change
C0013464,base
C0013465,base
C0013466,base
C0013467,base
C0013468,base
C0013469,base
C0013470,base
C0013471,base
C0013472,base
C0013473,base
C0013474,base
C0013475,base
C0013476,base
C0013477,base
C0013478,base
C0013479,base
C0013480,base
C0013481,base
C0013482,base
C0013483,base
C0013484,base
C0013485,ANL-01-R02 / CLN-07-R04 step change
C0013486,base
C0013487,base
C0013488,base
C0013489,base
C0013490,ring
C0013491,ring
C0013492,ring
C0013493,base
C0013494,base
C0013495,PAY-01-R02 near duplicate
C0013496,ANL-01-R02 / CLN-07-R04 step change
C0013497,ANL-01-R02 / CLN-07-R04 step change
C0013498,base
C0013499,base
C0013500,base
C0013501,base
C0013502,PAY-01-R02 near duplicate
C0013503,ANL-01-R02 / CLN-07-R04 step change
C0013504,ANL-01-R02 / CLN-07-R04 step change
C0013505,base
C0013506,base
C0013507,base
C0013508,base
C0013509,base
C0013510,base
C0013511,base
C0013512,CLN-05-R01 length-of-stay outlier
C0013513,ANL-01-R02 / CLN-07-R04 step change
C0013514,base
C0013515,base
C0013516,base
C0013517,base
C0013518,base
C0013519,base
C0013520,base
C0013521,base
C0013522,base
C0013523,base
C0013524,base
C0013525,base
C0013526,ANL-01-R02 / CLN-07-R04 step change
C0013527,base
C0013528,base
C0013529,base
C0013530,base
C0013531,base
C0013532,base
C0013533,base
C0013534,base
C0013535,base
C0013536,base
C0013537,base
C0013538,base
C0013539,base
C0013540,PAY-01-R02 near duplicate
C0013541,base
C0013542,base
C0013543,base
C0013544,base
C0013545,base
C0013546,base
C0013547,base
C0013548,ANL-01-R02 / CLN-07-R04 step change
C0013549,ANL-01-R02 / CLN-07-R04 step change
C0013550,base
C0013551,base
C0013552,base
C0013553,base
C0013554,base
C0013555,base
C0013556,base
C0013557,base
C0013558,base
C0013559,base
C0013560,base
C0013561,base
C0013562,base
C0013563,base
C0013564,base
C0013565,ANL-01-R02 / CLN-07-R04 step change
C0013566,base
C0013567,base
C0013568,base
C0013569,base
C0013570,base
C0013571,base
C0013572,base
C0013573,base
C0013574,base
C0013575,base
C0013576,base
C0013577,base
C0013578,base
C0013579,base
C0013580,base
C0013581,base
C0013582,base
C0013583,base
C0013584,base
C0013585,base
C0013586,base
C0013587,base
C0013588,base
C0013589,ANL-01-R02 / CLN-07-R04 step change
C0013590,base
C0013591,base
C0013592,ANL-01-R02 / CLN-07-R04 step change
C0013593,ANL-01-R02 / CLN-07-R04 step change
C0013594,base
C0013595,base
C0013596,base
C0013597,base
C0013598,base
C0013599,base
C0013600,base
C0013601,base
C0013602,base
C0013603,base
C0013604,base
C0013605,base
C0013606,base
C0013607,base
C0013608,base
C0013609,base
C0013610,base
C0013611,base
C0013612,base
C0013613,base
C0013614,base
C0013615,base
C0013616,ANL-01-R02 / CLN-07-R04 step change
C0013617,base
C0013618,base
C0013619,base
C0013620,base
C0013621,base
C0013622,base
C0013623,base
C0013624,base
C0013625,ring
C0013626,ring
C0013627,ANL-01-R02 / CLN-07-R04 step change
C0013628,base
C0013629,base
C0013630,base
C0013631,base
C0013632,base
C0013633,base
C0013634,base
C0013635,base
C0013636,base
C0013637,ANL-01-R02 / CLN-07-R04 step change
C0013638,ANL-01-R02 / CLN-07-R04 step change
C0013639,base
C0013640,base
C0013641,base
C0013642,base
C0013643,base
C0013644,base
C0013645,base
C0013646,base
C0013647,base
C0013648,base
C0013649,base
C0013650,base
C0013651,base
C0013652,ANL-01-R02 / CLN-07-R04 step change
C0013653,ANL-01-R02 / CLN-07-R04 step change
C0013654,base
C0013655,base
C0013656,base
C0013657,base
C0013658,base
C0013659,base
C0013660,base
C0013661,base
C0013662,base
C0013663,base
C0013664,ANL-01-R02 / CLN-07-R04 step change
C0013665,ANL-01-R02 / CLN-07-R04 step change
C0013666,ANL-01-R02 / CLN-07-R04 step change
C0013667,base
C0013668,base
C0013669,base
C0013670,base
C0013671,base
C0013672,base
C0013673,base
C0013674,base
C0013675,base
C0013676,base
C0013677,base
C0013678,base
C0013679,base
C0013680,base
C0013681,base
C0013682,base
C0013683,ANL-01-R02 / CLN-07-R04 step change
C0013684,ANL-01-R02 / CLN-07-R04 step change
C0013685,base
C0013686,base
C0013687,base
C0013688,base
C0013689,base
C0013690,base
C0013691,ANL-01-R02 / CLN-07-R04 step change
C0013692,base
C0013693,base
C0013694,base
C0013695,base
C0013696,base
C0013697,base
C0013698,base
C0013699,base
C0013700,base
C0013701,base
C0013702,ANL-01-R02 / CLN-07-R04 step change
C0013703,base
C0013704,base
C0013705,base
C0013706,base
C0013707,base
C0013708,base
C0013709,base
C0013710,PAY-01-R01 exact duplicate
C0013711,PAY-01-R01 exact duplicate
C0013712,ANL-01-R02 / CLN-07-R04 step change
C0013713,ANL-01-R02 / CLN-07-R04 step change
C0013714,base
C0013715,base
C0013716,base
C0013717,base
C0013718,base
C0013719,base
C0013720,base
C0013721,base
C0013722,base
C0013723,base
C0013724,base
C0013725,base
C0013726,ring
C0013727,ring
C0013728,ring
C0013729,base
C0013730,base
C0013731,base
C0013732,base
C0013733,base
C0013734,base
C0013735,ANL-01-R02 / CLN-07-R04 step change
C0013736,base
C0013737,base
C0013738,base
C0013739,base
C0013740,base
C0013741,base
C0013742,base
C0013743,CLN-06-R03 / DOC-02-R01 cloned encounter
C0013744,CLN-06-R03 / DOC-02-R01 cloned encounter
C0013745,CLN-06-R03 / DOC-02-R01 cloned encounter
C0013746,CLN-06-R03 / DOC-02-R01 cloned encounter
C0013747,CLN-06-R03 / DOC-02-R01 cloned encounter
C0013748,CLN-06-R03 / DOC-02-R01 cloned encounter
C0013749,CLN-06-R03 / DOC-02-R01 cloned encounter
C0013750,CLN-06-R03 / DOC-02-R01 cloned encounter
C0013751,CLN-06-R03 / DOC-02-R01 cloned encounter
C0013752,CLN-06-R03 / DOC-02-R01 cloned encounter
C0013753,CLN-06-R03 / DOC-02-R01 cloned encounter
C0013754,CLN-06-R03 / DOC-02-R01 cloned encounter
C0013755,CLN-06-R03 / DOC-02-R01 cloned encounter
C0013756,CLN-06-R03 / DOC-02-R01 cloned encounter
C0013757,CLN-06-R03 / DOC-02-R01 cloned encounter
C0013758,CLN-06-R03 / DOC-02-R01 cloned encounter
C0013759,CLN-06-R03 / DOC-02-R01 cloned encounter
C0013760,CLN-06-R03 / DOC-02-R01 cloned encounter
C0013761,CLN-06-R03 / DOC-02-R01 cloned encounter
C0013762,CLN-06-R03 / DOC-02-R01 cloned encounter
C0013763,CLN-06-R03 / DOC-02-R01 cloned encounter
C0013764,CLN-06-R03 / DOC-02-R01 cloned encounter
C0013765,CLN-06-R03 / DOC-02-R01 cloned encounter
C0013766,CLN-06-R03 / DOC-02-R01 cloned encounter
C0013767,CLN-06-R03 / DOC-02-R01 cloned encounter
C0013768,CLN-06-R03 / DOC-02-R01 cloned encounter
C0013769,CLN-06-R03 / DOC-02-R01 cloned encounter
C0013770,CLN-06-R03 / DOC-02-R01 cloned encounter
C0013771,CLN-06-R03 / DOC-02-R01 cloned encounter
C0013772,CLN-06-R03 / DOC-02-R01 cloned encounter
C0013773,CLN-06-R03 / DOC-02-R01 cloned encounter
C0013774,CLN-06-R03 / DOC-02-R01 cloned encounter
C0013775,CLN-06-R03 / DOC-02-R01 cloned encounter
C0013776,CLN-06-R03 / DOC-02-R01 cloned encounter
C0013777,CLN-06-R03 / DOC-02-R01 cloned encounter
C0013778,CLN-06-R03 / DOC-02-R01 cloned encounter
C0013779,CLN-06-R03 / DOC-02-R01 cloned encounter
C0013780,CLN-06-R03 / DOC-02-R01 cloned encounter
C0013781,CLN-06-R03 / DOC-02-R01 cloned encounter
C0013782,CLN-06-R03 / DOC-02-R01 cloned encounter
C0013783,CLN-06-R03 / DOC-02-R01 cloned encounter
C0013784,CLN-06-R03 / DOC-02-R01 cloned encounter
C0013785,CLN-06-R03 / DOC-02-R01 cloned encounter
C0013786,CLN-06-R03 / DOC-02-R01 cloned encounter
C0013787,CLN-06-R03 / DOC-02-R01 cloned encounter
C0013788,CLN-06-R03 / DOC-02-R01 cloned encounter
C0013789,CLN-06-R03 / DOC-02-R01 cloned encounter
C0013790,CLN-06-R03 / DOC-02-R01 cloned encounter
C0013791,CLN-06-R03 / DOC-02-R01 cloned encounter
C0013792,CLN-06-R03 / DOC-02-R01 cloned encounter
C0013793,CLN-06-R03 / DOC-02-R01 cloned encounter
C0013794,CLN-06-R03 / DOC-02-R01 cloned encounter
C0013795,CLN-06-R03 / DOC-02-R01 cloned encounter
C0013796,CLN-06-R03 / DOC-02-R01 cloned encounter
C0013797,CLN-06-R03 / DOC-02-R01 cloned encounter
C0013798,CLN-06-R03 / DOC-02-R01 cloned encounter
C0013799,CLN-06-R03 / DOC-02-R01 cloned encounter
C0013800,CLN-06-R03 / DOC-02-R01 cloned encounter
C0013801,CLN-06-R03 / DOC-02-R01 cloned encounter
C0013802,CLN-06-R03 / DOC-02-R01 cloned encounter
C0013803,CLN-06-R03 / DOC-02-R01 cloned encounter
C0013804,CLN-06-R03 / DOC-02-R01 cloned encounter
C0013805,CLN-06-R03 / DOC-02-R01 cloned encounter
C0013806,CLN-06-R03 / DOC-02-R01 cloned encounter
C0013807,CLN-06-R03 / DOC-02-R01 cloned encounter
C0013808,CLN-06-R03 / DOC-02-R01 cloned encounter
C0013809,CLN-06-R03 / DOC-02-R01 cloned encounter
C0013810,CLN-06-R03 / DOC-02-R01 cloned encounter
C0013811,CLN-06-R03 / DOC-02-R01 cloned encounter
C0013812,CLN-06-R03 / DOC-02-R01 cloned encounter
C0013813,CLN-06-R03 / DOC-02-R01 cloned encounter
C0013814,CLN-06-R03 / DOC-02-R01 cloned encounter
C0013815,CLN-06-R03 / DOC-02-R01 cloned encounter
C0013816,CLN-06-R03 / DOC-02-R01 cloned encounter
C0013817,CLN-06-R03 / DOC-02-R01 cloned encounter
C0013818,CLN-06-R03 / DOC-02-R01 cloned encounter
C0013819,CLN-06-R03 / DOC-02-R01 cloned encounter
C0013820,CLN-06-R03 / DOC-02-R01 cloned encounter
C0013821,CLN-06-R03 / DOC-02-R01 cloned encounter
C0013822,CLN-06-R03 / DOC-02-R01 cloned encounter
C0013823,CLN-06-R03 / DOC-02-R01 cloned encounter
C0013824,CLN-06-R03 / DOC-02-R01 cloned encounter
C0013825,CLN-06-R03 / DOC-02-R01 cloned encounter
C0013826,CLN-06-R03 / DOC-02-R01 cloned encounter
C0013827,CLN-06-R03 / DOC-02-R01 cloned encounter
C0013828,CLN-06-R03 / DOC-02-R01 cloned encounter
C0013829,CLN-06-R03 / DOC-02-R01 cloned encounter
C0013830,CLN-06-R03 / DOC-02-R01 cloned encounter
C0013831,CLN-06-R03 / DOC-02-R01 cloned encounter
C0013832,CLN-06-R03 / DOC-02-R01 cloned encounter
C0013833,CLN-06-R03 / DOC-02-R01 cloned encounter
C0013834,CLN-06-R03 / DOC-02-R01 cloned encounter
C0013835,CLN-06-R03 / DOC-02-R01 cloned encounter
C0013836,CLN-06-R03 / DOC-02-R01 cloned encounter
C0013837,CLN-06-R03 / DOC-02-R01 cloned encounter
C0013838,CLN-06-R03 / DOC-02-R01 cloned encounter
C0013839,CLN-06-R03 / DOC-02-R01 cloned encounter
C0013840,CLN-06-R03 / DOC-02-R01 cloned encounter
C0013841,CLN-06-R03 / DOC-02-R01 cloned encounter
C0013842,CLN-06-R03 / DOC-02-R01 cloned encounter
C0013843,CLN-06-R03 / DOC-02-R01 cloned encounter
C0013844,CLN-06-R03 / DOC-02-R01 cloned encounter
C0013845,CLN-06-R03 / DOC-02-R01 cloned encounter
C0013846,CLN-06-R03 / DOC-02-R01 cloned encounter
C0013847,CLN-06-R03 / DOC-02-R01 cloned encounter
C0013848,CLN-06-R03 / DOC-02-R01 cloned encounter
C0013849,CLN-06-R03 / DOC-02-R01 cloned encounter
C0013850,CLN-06-R03 / DOC-02-R01 cloned encounter
C0013851,CLN-06-R03 / DOC-02-R01 cloned encounter
C0013852,CLN-06-R03 / DOC-02-R01 cloned encounter
C0013853,CLN-06-R03 / DOC-02-R01 cloned encounter
C0013854,CLN-06-R03 / DOC-02-R01 cloned encounter
C0013855,CLN-06-R03 / DOC-02-R01 cloned encounter
C0013856,CLN-06-R03 / DOC-02-R01 cloned encounter
C0013857,CLN-06-R03 / DOC-02-R01 cloned encounter
C0013858,CLN-06-R03 / DOC-02-R01 cloned encounter
C0013859,CLN-06-R03 / DOC-02-R01 cloned encounter
C0013860,CLN-06-R03 / DOC-02-R01 cloned encounter
C0013861,CLN-06-R03 / DOC-02-R01 cloned encounter
C0013862,CLN-06-R03 / DOC-02-R01 cloned encounter
C0013863,CLN-06-R03 / DOC-02-R01 cloned encounter
C0013864,CLN-06-R03 / DOC-02-R01 cloned encounter
C0013865,CLN-06-R03 / DOC-02-R01 cloned encounter
C0013866,CLN-06-R03 / DOC-02-R01 cloned encounter
C0013867,CLN-06-R03 / DOC-02-R01 cloned encounter
C0013868,CLN-06-R03 / DOC-02-R01 cloned encounter
C0013869,CLN-06-R03 / DOC-02-R01 cloned encounter
C0013870,CLN-06-R03 / DOC-02-R01 cloned encounter
C0013871,CLN-06-R03 / DOC-02-R01 cloned encounter
C0013872,CLN-06-R03 / DOC-02-R01 cloned encounter
C0013873,CLN-06-R03 / DOC-02-R01 cloned encounter
C0013874,CLN-06-R03 / DOC-02-R01 cloned encounter
C0013875,CLN-06-R03 / DOC-02-R01 cloned encounter
C0013876,CLN-06-R03 / DOC-02-R01 cloned encounter
C0013877,CLN-06-R03 / DOC-02-R01 cloned encounter
C0013878,CLN-06-R03 / DOC-02-R01 cloned encounter
C0013879,CLN-06-R03 / DOC-02-R01 cloned encounter
C0013880,CLN-06-R03 / DOC-02-R01 cloned encounter
C0013881,CLN-06-R03 / DOC-02-R01 cloned encounter
C0013882,CLN-06-R03 / DOC-02-R01 cloned encounter
C0013883,CLN-06-R03 / DOC-02-R01 cloned encounter
C0013884,CLN-06-R03 / DOC-02-R01 cloned encounter
C0013885,CLN-06-R03 / DOC-02-R01 cloned encounter
C0013886,CLN-06-R03 / DOC-02-R01 cloned encounter
C0013887,CLN-06-R03 / DOC-02-R01 cloned encounter
C0013888,CLN-06-R03 / DOC-02-R01 cloned encounter
C0013889,CLN-06-R03 / DOC-02-R01 cloned encounter
C0013890,CLN-06-R03 / DOC-02-R01 cloned encounter
C0013891,CLN-06-R03 / DOC-02-R01 cloned encounter
C0013892,CLN-06-R03 / DOC-02-R01 cloned encounter
C0013893,CLN-06-R03 / DOC-02-R01 cloned encounter
C0013894,CLN-06-R03 / DOC-02-R01 cloned encounter
C0013895,CLN-06-R03 / DOC-02-R01 cloned encounter
C0013896,CLN-06-R03 / DOC-02-R01 cloned encounter
C0013897,CLN-06-R03 / DOC-02-R01 cloned encounter
C0013898,CLN-06-R03 / DOC-02-R01 cloned encounter
C0013899,CLN-06-R03 / DOC-02-R01 cloned encounter
C0013900,CLN-06-R03 / DOC-02-R01 cloned encounter
C0013901,CLN-06-R03 / DOC-02-R01 cloned encounter
C0013902,CLN-06-R03 / DOC-02-R01 cloned encounter
C0013903,CLN-06-R03 / DOC-02-R01 cloned encounter
C0013904,CLN-06-R03 / DOC-02-R01 cloned encounter
C0013905,CLN-06-R03 / DOC-02-R01 cloned encounter
C0013906,CLN-06-R03 / DOC-02-R01 cloned encounter
C0013907,CLN-06-R03 / DOC-02-R01 cloned encounter
C0013908,CLN-06-R03 / DOC-02-R01 cloned encounter
C0013909,CLN-06-R03 / DOC-02-R01 cloned encounter
C0013910,CLN-06-R03 / DOC-02-R01 cloned encounter
C0013911,CLN-06-R03 / DOC-02-R01 cloned encounter
C0013912,CLN-06-R03 / DOC-02-R01 cloned encounter
C0013913,CLN-06-R03 / DOC-02-R01 cloned encounter
C0013914,CLN-06-R03 / DOC-02-R01 cloned encounter
C0013915,CLN-06-R03 / DOC-02-R01 cloned encounter
C0013916,CLN-06-R03 / DOC-02-R01 cloned encounter
C0013917,CLN-06-R03 / DOC-02-R01 cloned encounter
C0013918,CLN-06-R03 / DOC-02-R01 cloned encounter
C0013919,CLN-06-R03 / DOC-02-R01 cloned encounter
C0013920,CLN-06-R03 / DOC-02-R01 cloned encounter
C0013921,CLN-06-R03 / DOC-02-R01 cloned encounter
C0013922,CLN-06-R03 / DOC-02-R01 cloned encounter
C0013923,base
C0013924,base
C0013925,base
C0013926,base
C0013927,base
C0013928,base
C0013929,base
C0013930,base
C0013931,base
C0013932,base
C0013933,base
C0013934,base
C0013935,ANL-01-R02 / CLN-07-R04 step change
C0013936,base
C0013937,base
C0013938,base
C0013939,base
C0013940,base
C0013941,base
C0013942,base
C0013943,base
C0013944,base
C0013945,base
C0013946,base
C0013947,base
C0013948,base
C0013949,ANL-01-R02 / CLN-07-R04 step change
C0013950,base
C0013951,base
C0013952,base
C0013953,base
C0013954,base
C0013955,base
C0013956,base
C0013957,base
C0013958,ANL-01-R02 / CLN-07-R04 step change
C0013959,base
C0013960,base
C0013961,base
C0013962,ANL-01-R02 / CLN-07-R04 step change
C0013963,ANL-01-R02 / CLN-07-R04 step change
C0013964,base
C0013965,base
C0013966,base
C0013967,base
C0013968,base
C0013969,base
C0013970,ANL-01-R02 / CLN-07-R04 step change
C0013971,ANL-01-R02 / CLN-07-R04 step change
C0013972,base
C0013973,base
C0013974,base
C0013975,base
C0013976,base
C0013977,base
C0013978,base
C0013979,base
C0013980,base
C0013981,ANL-01-R02 / CLN-07-R04 step change
C0013982,ANL-01-R02 / CLN-07-R04 step change
C0013983,base
C0013984,base
C0013985,base
C0013986,base
C0013987,base
C0013988,base
C0013989,ANL-01-R02 / CLN-07-R04 step change
C0013990,ANL-01-R02 / CLN-07-R04 step change
C0013991,ANL-01-R02 / CLN-07-R04 step change
C0013992,ANL-01-R02 / CLN-07-R04 step change
C0013993,base
C0013994,base
C0013995,base
C0013996,base
C0013997,base
C0013998,base
C0013999,base
C0014000,base
C0014001,base
C0014002,base
C0014003,base
C0014004,base
C0014005,base
C0014006,base
C0014007,base
C0014008,base
C0014009,base
C0014010,PAY-01-R01 exact duplicate
C0014011,PAY-01-R01 exact duplicate
C0014012,ANL-01-R02 / CLN-07-R04 step change
C0014013,ANL-01-R02 / CLN-07-R04 step change
C0014014,ANL-01-R02 / CLN-07-R04 step change
C0014015,base
C0014016,base
C0014017,base
C0014018,base
C0014019,base
C0014020,base
C0014021,base
C0014022,base
C0014023,base
C0014024,base
C0014025,base
C0014026,base
C0014027,base
C0014028,base
C0014029,ANL-01-R02 / CLN-07-R04 step change
C0014030,ANL-01-R02 / CLN-07-R04 step change
C0014031,base
C0014032,base
C0014033,base
C0014034,base
C0014035,base
C0014036,ring
C0014037,ring
C0014038,ring
C0014039,base
C0014040,base
C0014041,base
C0014042,base
C0014043,base
C0014044,base
C0014045,ANL-01-R02 / CLN-07-R04 step change
C0014046,ring
C0014047,base
C0014048,base
C0014049,base
C0014050,ANL-01-R02 / CLN-07-R04 step change
C0014051,ANL-01-R02 / CLN-07-R04 step change
C0014052,base
C0014053,base
C0014054,base
C0014055,base
C0014056,base
C0014057,base
C0014058,base
C0014059,base
C0014060,base
C0014061,base
C0014062,base
C0014063,base
C0014064,ring
C0014065,ring
C0014066,ring
C0014067,ring
C0014068,ring
C0014069,ring
C0014070,base
C0014071,base
C0014072,base
C0014073,base
C0014074,ANL-01-R02 / CLN-07-R04 step change
C0014075,ANL-01-R02 / CLN-07-R04 step change
C0014076,base
C0014077,base
C0014078,base
C0014079,base
C0014080,base
C0014081,ANL-01-R02 / CLN-07-R04 step change
C0014082,base
C0014083,base
C0014084,base
C0014085,base
C0014086,base
C0014087,base
C0014088,base
C0014089,base
C0014090,base
C0014091,base
C0014092,ANL-01-R02 / CLN-07-R04 step change
C0014093,base
C0014094,base
C0014095,base
C0014096,base
C0014097,base
C0014098,base
C0014099,base
C0014100,base
C0014101,base
C0014102,base
C0014103,base
C0014104,base
C0014105,ANL-01-R02 / CLN-07-R04 step change
C0014106,base
C0014107,base
C0014108,base
C0014109,base
C0014110,base
C0014111,base
C0014112,base
C0014113,base
C0014114,base
C0014115,base
C0014116,CLN-05-R01 length-of-stay outlier
C0014117,base
C0014118,base
C0014119,base
C0014120,base
C0014121,base
C0014122,base
C0014123,base
C0014124,ANL-01-R02 / CLN-07-R04 step change
C0014125,base
C0014126,base
C0014127,base
C0014128,base
C0014129,base
C0014130,base
C0014131,base
C0014132,base
C0014133,base
C0014134,ANL-01-R02 / CLN-07-R04 step change
C0014135,base
C0014136,base
C0014137,base
C0014138,base
C0014139,base
C0014140,ANL-01-R02 / CLN-07-R04 step change
C0014141,base
C0014142,base
C0014143,base
C0014144,base
C0014145,base
C0014146,base
C0014147,base
C0014148,base
C0014149,base
C0014150,base
C0014151,base
C0014152,base
C0014153,base
C0014154,base
C0014155,base
C0014156,base
C0014157,base
C0014158,base
C0014159,base
C0014160,base
C0014161,base
C0014162,base
C0014163,base
C0014164,base
C0014165,base
C0014166,base
C0014167,base
C0014168,base
C0014169,base
C0014170,base
C0014171,base
C0014172,base
C0014173,base
C0014174,base
C0014175,base
C0014176,base
C0014177,base
C0014178,base
C0014179,base
C0014180,ANL-01-R02 / CLN-07-R04 step change
C0014181,ANL-01-R02 / CLN-07-R04 step change
C0014182,base
C0014183,base
C0014184,base
C0014185,base
C0014186,base
C0014187,base
C0014188,base
C0014189,base
C0014190,base
C0014191,base
C0014192,ANL-01-R02 / CLN-07-R04 step change
C0014193,base
C0014194,base
C0014195,base
C0014196,base
C0014197,base
C0014198,base
C0014199,base
C0014200,ANL-01-R02 / CLN-07-R04 step change
C0014201,ANL-01-R02 / CLN-07-R04 step change
C0014202,ANL-01-R02 / CLN-07-R04 step change
C0014203,ANL-01-R02 / CLN-07-R04 step change
C0014204,base
C0014205,base
C0014206,base
C0014207,base
C0014208,base
C0014209,base
C0014210,base
C0014211,base
C0014212,base
C0014213,NET-04-R03 early-tenure cluster
C0014214,ANL-01-R02 / CLN-07-R04 step change
C0014215,ANL-01-R02 / CLN-07-R04 step change
C0014216,ANL-01-R02 / CLN-07-R04 step change
C0014217,base
C0014218,base
C0014219,base
C0014220,base
C0014221,base
C0014222,base
C0014223,base
C0014224,base
C0014225,base
C0014226,base
C0014227,NET-04-R03 early-tenure cluster
C0014228,ANL-01-R02 / CLN-07-R04 step change
C0014229,ANL-01-R02 / CLN-07-R04 step change
C0014230,ANL-01-R02 / CLN-07-R04 step change
C0014231,base
C0014232,base
C0014233,base
C0014234,base
C0014235,base
C0014236,base
C0014237,ring
C0014238,ring
C0014239,base
C0014240,base
C0014241,base
C0014242,base
C0014243,base
C0014244,ANL-01-R02 / CLN-07-R04 step change
C0014245,base
C0014246,base
C0014247,base
C0014248,base
C0014249,base
C0014250,base
C0014251,base
C0014252,base
C0014253,base
C0014254,base
C0014255,base
C0014256,base
C0014257,base
C0014258,NET-04-R03 early-tenure cluster
C0014259,ANL-01-R02 / CLN-07-R04 step change
C0014260,base
C0014261,base
C0014262,base
C0014263,base
C0014264,base
C0014265,NET-04-R03 early-tenure cluster
C0014266,ANL-01-R02 / CLN-07-R04 step change
C0014267,ANL-01-R02 / CLN-07-R04 step change
C0014268,base
C0014269,base
C0014270,base
C0014271,base
C0014272,base
C0014273,ANL-01-R02 / CLN-07-R04 step change
C0014274,base
C0014275,base
C0014276,base
C0014277,base
C0014278,base
C0014279,base
C0014280,ring
C0014281,ring
C0014282,ring
C0014283,base
C0014284,base
C0014285,base
C0014286,base
C0014287,base
C0014288,base
C0014289,NET-04-R03 early-tenure cluster
C0014290,ANL-01-R02 / CLN-07-R04 step change
C0014291,ANL-01-R02 / CLN-07-R04 step change
C0014292,base
C0014293,base
C0014294,base
C0014295,base
C0014296,base
C0014297,base
C0014298,base
C0014299,base
C0014300,base
C0014301,base
C0014302,base
C0014303,base
C0014304,base
C0014305,base
C0014306,base
C0014307,base
C0014308,base
C0014309,base
C0014310,base
C0014311,base
C0014312,base
C0014313,base
C0014314,base
C0014315,NET-04-R03 early-tenure cluster
C0014316,NET-04-R03 early-tenure cluster
C0014317,ANL-01-R02 / CLN-07-R04 step change
C0014318,base
C0014319,base
C0014320,base
C0014321,base
C0014322,base
C0014323,base
C0014324,base
C0014325,base
C0014326,base
C0014327,base
C0014328,base
C0014329,base
C0014330,base
C0014331,base
C0014332,base
C0014333,base
C0014334,base
C0014335,base
C0014336,base
C0014337,base
C0014338,base
C0014339,ANL-01-R02 / CLN-07-R04 step change
C0014340,ANL-01-R02 / CLN-07-R04 step change
C0014341,ANL-01-R02 / CLN-07-R04 step change
C0014342,base
C0014343,base
C0014344,base
C0014345,base
C0014346,ANL-01-R02 / CLN-07-R04 step change
C0014347,base
C0014348,base
C0014349,base
C0014350,base
C0014351,base
C0014352,base
C0014353,base
C0014354,base
C0014355,base
C0014356,NET-04-R03 early-tenure cluster
C0014357,ANL-01-R02 / CLN-07-R04 step change
C0014358,ANL-01-R02 / CLN-07-R04 step change
C0014359,ANL-01-R02 / CLN-07-R04 step change
C0014360,base
C0014361,base
C0014362,base
C0014363,base
C0014364,base
C0014365,base
C0014366,base
C0014367,NET-04-R03 early-tenure cluster
C0014368,ANL-01-R02 / CLN-07-R04 step change
C0014369,ANL-01-R02 / CLN-07-R04 step change
C0014370,base
C0014371,base
C0014372,base
C0014373,base
C0014374,base
C0014375,base
C0014376,base
C0014377,base
C0014378,base
C0014379,base
C0014380,base
C0014381,base
C0014382,NET-04-R03 early-tenure cluster
C0014383,base
C0014384,base
C0014385,base
C0014386,base
C0014387,base
C0014388,base
C0014389,base
C0014390,base
C0014391,base
C0014392,base
C0014393,base
C0014394,base
C0014395,base
C0014396,NET-04-R03 early-tenure cluster
C0014397,base
C0014398,base
C0014399,base
C0014400,base
C0014401,base
C0014402,base
C0014403,base
C0014404,base
C0014405,base
C0014406,base
C0014407,base
C0014408,base
C0014409,NET-04-R03 early-tenure cluster
C0014410,ANL-01-R02 / CLN-07-R04 step change
C0014411,base
C0014412,base
C0014413,base
C0014414,base
C0014415,base
C0014416,base
C0014417,base
C0014418,base
C0014419,base
C0014420,base
C0014421,base
C0014422,base
C0014423,base
C0014424,NET-04-R03 early-tenure cluster
C0014425,ANL-01-R02 / CLN-07-R04 step change
C0014426,base
C0014427,base
C0014428,base
C0014429,base
C0014430,base
C0014431,base
C0014432,base
C0014433,base
C0014434,base
C0014435,base
C0014436,base
C0014437,base
C0014438,base
C0014439,base
C0014440,base
C0014441,base
C0014442,base
C0014443,base
C0014444,base
C0014445,ANL-01-R02 / CLN-07-R04 step change
C0014446,base
C0014447,base
C0014448,base
C0014449,base
C0014450,base
C0014451,ANL-01-R02 / CLN-07-R04 step change
C0014452,ANL-01-R02 / CLN-07-R04 step change
C0014453,base
C0014454,base
C0014455,base
C0014456,base
C0014457,base
C0014458,base
C0014459,base
C0014460,base
C0014461,base
C0014462,base
C0014463,NET-04-R03 early-tenure cluster
C0014464,ANL-01-R02 / CLN-07-R04 step change
C0014465,ANL-01-R02 / CLN-07-R04 step change
C0014466,base
C0014467,base
C0014468,base
C0014469,base
C0014470,base
C0014471,base
C0014472,base
C0014473,base
C0014474,base
C0014475,base
C0014476,base
C0014477,base
C0014478,base
C0014479,base
C0014480,base
C0014481,base
C0014482,base
C0014483,base
C0014484,base
C0014485,base
C0014486,base
C0014487,base
C0014488,PAY-06-R02 amount arithmetic
C0014489,base
C0014490,base
C0014491,base
C0014492,base
C0014493,base
C0014494,base
C0014495,base
C0014496,base
C0014497,base
C0014498,base
C0014499,base
C0014500,base
C0014501,base
C0014502,base
C0014503,base
C0014504,base
C0014505,base
C0014506,base
C0014507,base
C0014508,base
C0014509,NET-04-R03 early-tenure cluster
C0014510,base
C0014511,base
C0014512,base
C0014513,base
C0014514,base
C0014515,base
C0014516,base
C0014517,base
C0014518,base
C0014519,base
C0014520,base
C0014521,base
C0014522,ANL-01-R02 / CLN-07-R04 step change
C0014523,base
C0014524,base
C0014525,ANL-01-R02 / CLN-07-R04 step change
C0014526,ANL-01-R02 / CLN-07-R04 step change
C0014527,ANL-01-R02 / CLN-07-R04 step change
C0014528,base
C0014529,base
C0014530,base
C0014531,base
C0014532,base
C0014533,base
C0014534,ANL-01-R02 / CLN-07-R04 step change
C0014535,ANL-01-R02 / CLN-07-R04 step change
C0014536,base
C0014537,base
C0014538,base
C0014539,base
C0014540,base
C0014541,base
C0014542,base
C0014543,base
C0014544,base
C0014545,base
C0014546,base
C0014547,base
C0014548,base
C0014549,base
C0014550,base
C0014551,base
C0014552,base
C0014553,base
C0014554,NET-04-R03 early-tenure cluster
C0014555,ANL-01-R02 / CLN-07-R04 step change
C0014556,base
C0014557,base
C0014558,base
C0014559,base
C0014560,base
C0014561,base
C0014562,base
C0014563,base
C0014564,base
C0014565,base
C0014566,base
C0014567,base
C0014568,base
C0014569,CLN-07-R02 capacity breach
C0014570,CLN-07-R02 capacity breach
C0014571,CLN-07-R02 capacity breach
C0014572,CLN-07-R02 capacity breach
C0014573,CLN-07-R02 capacity breach
C0014574,CLN-07-R02 capacity breach
C0014575,CLN-07-R02 capacity breach
C0014576,CLN-07-R02 capacity breach
C0014577,CLN-07-R02 capacity breach
C0014578,CLN-07-R02 capacity breach
C0014579,NET-04-R03 early-tenure cluster
C0014580,NET-04-R03 early-tenure cluster
C0014581,ANL-01-R02 / CLN-07-R04 step change
C0014582,base
C0014583,base
C0014584,base
C0014585,base
C0014586,base
C0014587,base
C0014588,base
C0014589,base
C0014590,base
C0014591,base
C0014592,base
C0014593,base
C0014594,base
C0014595,base
C0014596,base
C0014597,base
C0014598,CLN-07-R02 capacity breach
C0014599,CLN-07-R02 capacity breach
C0014600,CLN-07-R02 capacity breach
C0014601,CLN-07-R02 capacity breach
C0014602,CLN-07-R02 capacity breach
C0014603,CLN-07-R02 capacity breach
C0014604,NET-04-R03 early-tenure cluster
C0014605,NET-04-R03 early-tenure cluster
C0014606,ANL-01-R02 / CLN-07-R04 step change
C0014607,base
C0014608,base
C0014609,base
C0014610,base
C0014611,base
C0014612,base
C0014613,base
C0014614,base
C0014615,base
C0014616,base
C0014617,CLN-07-R02 capacity breach
C0014618,CLN-07-R02 capacity breach
C0014619,CLN-07-R02 capacity breach
C0014620,CLN-07-R02 capacity breach
C0014621,CLN-07-R02 capacity breach
C0014622,CLN-07-R02 capacity breach
C0014623,CLN-07-R02 capacity breach
C0014624,CLN-07-R02 capacity breach
C0014625,ANL-01-R02 / CLN-07-R04 step change
C0014626,base
C0014627,base
C0014628,base
C0014629,base
C0014630,base
C0014631,base
C0014632,base
C0014633,base
C0014634,base
C0014635,base
C0014636,base
C0014637,base
C0014638,base
C0014639,base
C0014640,base
C0014641,base
C0014642,base
C0014643,base
C0014644,CLN-07-R02 capacity breach
C0014645,CLN-07-R02 capacity breach
C0014646,CLN-07-R02 capacity breach
C0014647,CLN-07-R02 capacity breach
C0014648,base
C0014649,base
C0014650,base
C0014651,base
C0014652,base
C0014653,CLN-07-R02 capacity breach
C0014654,CLN-07-R02 capacity breach
C0014655,CLN-07-R02 capacity breach
C0014656,CLN-07-R02 capacity breach
C0014657,NET-04-R03 early-tenure cluster
C0014658,ANL-01-R02 / CLN-07-R04 step change
C0014659,ANL-01-R02 / CLN-07-R04 step change
C0014660,ANL-01-R02 / CLN-07-R04 step change
C0014661,base
C0014662,base
C0014663,base
C0014664,base
C0014665,base
C0014666,CLN-07-R02 capacity breach
C0014667,ANL-01-R02 / CLN-07-R04 step change
C0014668,base
C0014669,base
C0014670,base
C0014671,base
C0014672,base
C0014673,base
C0014674,base
C0014675,base
C0014676,base
C0014677,base
C0014678,base
C0014679,CLN-07-R02 capacity breach
C0014680,CLN-07-R02 capacity breach
C0014681,CLN-07-R02 capacity breach
C0014682,CLN-07-R02 capacity breach
C0014683,CLN-07-R02 capacity breach
C0014684,CLN-07-R02 capacity breach
C0014685,CLN-07-R02 capacity breach
C0014686,CLN-07-R02 capacity breach
C0014687,CLN-07-R02 capacity breach
C0014688,ANL-01-R02 / CLN-07-R04 step change
C0014689,ANL-01-R02 / CLN-07-R04 step change
C0014690,base
C0014691,base
C0014692,base
C0014693,base
C0014694,base
C0014695,base
C0014696,base
C0014697,base
C0014698,base
C0014699,base
C0014700,base
C0014701,base
C0014702,base
C0014703,CLN-07-R02 capacity breach
C0014704,CLN-07-R02 capacity breach
C0014705,CLN-07-R02 capacity breach
C0014706,CLN-07-R02 capacity breach
C0014707,CLN-07-R02 capacity breach
C0014708,CLN-07-R02 capacity breach
C0014709,CLN-07-R02 capacity breach
C0014710,CLN-07-R02 capacity breach
C0014711,NET-04-R03 early-tenure cluster
C0014712,base
C0014713,base
C0014714,base
C0014715,CLN-07-R02 capacity breach
C0014716,CLN-07-R02 capacity breach
C0014717,NET-04-R03 early-tenure cluster
C0014718,base
C0014719,base
C0014720,base
C0014721,base
C0014722,base
C0014723,base
C0014724,base
C0014725,base
C0014726,base
C0014727,base
C0014728,base
C0014729,base
C0014730,base
C0014731,CLN-07-R02 capacity breach
C0014732,CLN-07-R02 capacity breach
C0014733,CLN-07-R02 capacity breach
C0014734,CLN-07-R02 capacity breach
C0014735,CLN-07-R02 capacity breach
C0014736,CLN-07-R02 capacity breach
C0014737,CLN-07-R02 capacity breach
C0014738,NET-04-R03 early-tenure cluster
C0014739,ANL-01-R02 / CLN-07-R04 step change
C0014740,base
C0014741,base
C0014742,base
C0014743,base
C0014744,base
C0014745,base
C0014746,base
C0014747,base
C0014748,base
C0014749,base
C0014750,base
C0014751,base
C0014752,base
C0014753,base
C0014754,PAY-01-R03 / CLN-05-R03 episode repeat
C0014755,CLN-07-R02 capacity breach
C0014756,CLN-07-R02 capacity breach
C0014757,CLN-07-R02 capacity breach
C0014758,ANL-01-R02 / CLN-07-R04 step change
C0014759,ANL-01-R02 / CLN-07-R04 step change
C0014760,ANL-01-R02 / CLN-07-R04 step change
C0014761,base
C0014762,base
C0014763,base
C0014764,base
C0014765,base
C0014766,base
C0014767,base
C0014768,base
C0014769,base
C0014770,ANL-01-R02 / CLN-07-R04 step change
C0014771,base
C0014772,ANL-01-R02 / CLN-07-R04 step change
C0014773,base
C0014774,base
C0014775,base
C0014776,base
C0014777,base
C0014778,base
C0014779,base
C0014780,base
C0014781,base
C0014782,base
C0014783,base
C0014784,base
C0014785,base
C0014786,ANL-01-R02 / CLN-07-R04 step change
C0014787,ANL-01-R02 / CLN-07-R04 step change
C0014788,base
C0014789,base
C0014790,base
C0014791,base
C0014792,base
C0014793,base
C0014794,base
C0014795,base
C0014796,base
C0014797,base
C0014798,NET-04-R03 early-tenure cluster
C0014799,ANL-01-R02 / CLN-07-R04 step change
C0014800,ANL-01-R02 / CLN-07-R04 step change
C0014801,base
C0014802,base
C0014803,base
C0014804,base
C0014805,base
C0014806,base
C0014807,base
C0014808,base
C0014809,base
C0014810,base
C0014811,base
C0014812,base
C0014813,base
C0014814,base
C0014815,base
C0014816,base
C0014817,base
C0014818,base
C0014819,base
C0014820,base
C0014821,base
C0014822,base
C0014823,base
C0014824,base
C0014825,base
C0014826,base
C0014827,NET-04-R03 early-tenure cluster
C0014828,NET-04-R03 early-tenure cluster
C0014829,ANL-01-R02 / CLN-07-R04 step change
C0014830,ANL-01-R02 / CLN-07-R04 step change
C0014831,base
C0014832,base
C0014833,base
C0014834,base
C0014835,base
C0014836,base
C0014837,base
C0014838,base
C0014839,base
C0014840,base
C0014841,base
C0014842,base
C0014843,base
C0014844,base
C0014845,NET-04-R03 early-tenure cluster
C0014846,NET-04-R03 early-tenure cluster
C0014847,ANL-01-R02 / CLN-07-R04 step change
C0014848,base
C0014849,base
C0014850,base
C0014851,base
C0014852,base
C0014853,base
C0014854,base
C0014855,base
C0014856,CLN-05-R01 length-of-stay outlier
C0014857,NET-04-R03 early-tenure cluster
C0014858,base
C0014859,base
C0014860,base
C0014861,base
C0014862,base
C0014863,base
C0014864,base
C0014865,base
C0014866,base
C0014867,base
C0014868,base
C0014869,base
C0014870,base
C0014871,base
C0014872,base
C0014873,base
C0014874,NET-04-R03 early-tenure cluster
C0014875,ANL-01-R02 / CLN-07-R04 step change
C0014876,ANL-01-R02 / CLN-07-R04 step change
C0014877,base
C0014878,base
C0014879,base
C0014880,base
C0014881,base
C0014882,base
C0014883,NET-04-R03 early-tenure cluster
C0014884,ANL-01-R02 / CLN-07-R04 step change
C0014885,ANL-01-R02 / CLN-07-R04 step change
C0014886,ANL-01-R02 / CLN-07-R04 step change
C0014887,base
C0014888,base
C0014889,base
C0014890,base
C0014891,base
C0014892,base
C0014893,base
C0014894,base
C0014895,base
C0014896,base
C0014897,base
C0014898,base
C0014899,base
C0014900,PAY-01-R03 / CLN-05-R03 episode repeat
C0014901,NET-04-R03 early-tenure cluster
C0014902,ANL-01-R02 / CLN-07-R04 step change
C0014903,base
C0014904,base
C0014905,base
C0014906,base
C0014907,base
C0014908,base
C0014909,base
C0014910,ANL-01-R02 / CLN-07-R04 step change
C0014911,ANL-01-R02 / CLN-07-R04 step change
C0014912,base
C0014913,base
C0014914,base
C0014915,base
C0014916,base
C0014917,base
C0014918,base
C0014919,NET-04-R03 early-tenure cluster
C0014920,base
C0014921,base
C0014922,base
C0014923,base
C0014924,base
C0014925,base
C0014926,base
C0014927,base
C0014928,base
C0014929,base
C0014930,base
C0014931,base
C0014932,ANL-01-R02 / CLN-07-R04 step change
C0014933,base
C0014934,base
C0014935,base
C0014936,base
C0014937,NET-04-R03 early-tenure cluster
C0014938,ANL-01-R02 / CLN-07-R04 step change
C0014939,ANL-01-R02 / CLN-07-R04 step change
C0014940,base
C0014941,base
C0014942,base
C0014943,base
C0014944,base
C0014945,base
C0014946,base
C0014947,base
C0014948,base
C0014949,base
C0014950,base
C0014951,base
C0014952,PAY-01-R03 / CLN-05-R03 episode repeat
C0014953,NET-04-R03 early-tenure cluster
C0014954,ANL-01-R02 / CLN-07-R04 step change
C0014955,base
C0014956,base
C0014957,base
C0014958,base
C0014959,base
C0014960,base
C0014961,base
C0014962,base
C0014963,base
C0014964,base
C0014965,base
C0014966,base
C0014967,base
C0014968,base
C0014969,base
C0014970,base
C0014971,NET-04-R03 early-tenure cluster
C0014972,ANL-01-R02 / CLN-07-R04 step change
C0014973,ANL-01-R02 / CLN-07-R04 step change
C0014974,base
C0014975,base
C0014976,base
C0014977,base
C0014978,base
C0014979,base
C0014980,base
C0014981,base
C0014982,base
C0014983,base
C0014984,base
C0014985,base
C0014986,base
C0014987,NET-04-R03 early-tenure cluster
C0014988,ANL-01-R02 / CLN-07-R04 step change
C0014989,ANL-01-R02 / CLN-07-R04 step change
C0014990,ANL-01-R02 / CLN-07-R04 step change
C0014991,base
C0014992,base
C0014993,base
C0014994,base
C0014995,base
C0014996,base
C0014997,base
C0014998,base
C0014999,base
C0015000,base
C0015001,base
C0015002,base
C0015003,base
C0015004,base
C0015005,base
C0015006,base
C0015007,base
C0015008,base
C0015009,base
C0015010,base
C0015011,base
C0015012,base
C0015013,base
C0015014,base
C0015015,NET-04-R03 early-tenure cluster
C0015016,NET-04-R03 early-tenure cluster
C0015017,NET-04-R03 early-tenure cluster
C0015018,NET-04-R03 early-tenure cluster
C0015019,ANL-01-R02 / CLN-07-R04 step change
C0015020,ANL-01-R02 / CLN-07-R04 step change
C0015021,ANL-01-R02 / CLN-07-R04 step change
C0015022,base
C0015023,base
C0015024,base
C0015025,base
C0015026,base
C0015027,base
C0015028,base
C0015029,NET-04-R03 early-tenure cluster
C0015030,NET-04-R03 early-tenure cluster
C0015031,ANL-01-R02 / CLN-07-R04 step change
C0015032,base
C0015033,base
C0015034,base
C0015035,base
C0015036,base
C0015037,base
C0015038,base
C0015039,base
C0015040,base
C0015041,base
C0015042,base
C0015043,base
C0015044,base
C0015045,base
C0015046,base
C0015047,base
C0015048,base
C0015049,base
C0015050,base
C0015051,base
C0015052,base
C0015053,base
C0015054,ANL-01-R02 / CLN-07-R04 step change
C0015055,base
C0015056,base
C0015057,base
C0015058,base
C0015059,base
C0015060,base
C0015061,base
C0015062,base
C0015063,base
C0015064,base
C0015065,base
C0015066,base
C0015067,base
C0015068,base
C0015069,NET-04-R03 early-tenure cluster
C0015070,NET-04-R03 early-tenure cluster
C0015071,ANL-01-R02 / CLN-07-R04 step change
C0015072,base
C0015073,base
C0015074,base
C0015075,base
C0015076,base
C0015077,base
C0015078,base
C0015079,base
C0015080,base
C0015081,base
C0015082,base
C0015083,base
C0015084,base
C0015085,NET-04-R03 early-tenure cluster
C0015086,ANL-01-R02 / CLN-07-R04 step change
C0015087,base
C0015088,base
C0015089,base
C0015090,base
C0015091,base
C0015092,base
C0015093,base
C0015094,base
C0015095,base
C0015096,ring
C0015097,ring
C0015098,ring
C0015099,ring
C0015100,ring
C0015101,ring
C0015102,base
C0015103,base
C0015104,base
C0015105,base
C0015106,base
C0015107,base
C0015108,NET-04-R03 early-tenure cluster
C0015109,NET-04-R03 early-tenure cluster
C0015110,ANL-01-R02 / CLN-07-R04 step change
C0015111,ring
C0015112,ring
C0015113,base
C0015114,base
C0015115,ANL-01-R02 / CLN-07-R04 step change
C0015116,ANL-01-R02 / CLN-07-R04 step change
C0015117,base
C0015118,base
C0015119,base
C0015120,base
C0015121,base
C0015122,base
C0015123,base
C0015124,base
C0015125,base
C0015126,base
C0015127,base
C0015128,base
C0015129,base
C0015130,base
C0015131,base
C0015132,ANL-01-R02 / CLN-07-R04 step change
C0015133,ANL-01-R02 / CLN-07-R04 step change
C0015134,base
C0015135,base
C0015136,base
C0015137,base
C0015138,base
C0015139,base
C0015140,base
C0015141,base
C0015142,base
C0015143,base
C0015144,base
C0015145,base
C0015146,base
C0015147,base
C0015148,NET-04-R03 early-tenure cluster
C0015149,NET-04-R03 early-tenure cluster
C0015150,NET-04-R03 early-tenure cluster
C0015151,NET-04-R03 early-tenure cluster
C0015152,base
C0015153,base
C0015154,base
C0015155,base
C0015156,base
C0015157,base
C0015158,base
C0015159,PAY-01-R03 / CLN-05-R03 episode repeat
C0015160,ANL-01-R02 / CLN-07-R04 step change
C0015161,base
C0015162,base
C0015163,base
C0015164,ANL-01-R02 / CLN-07-R04 step change
C0015165,base
C0015166,base
C0015167,base
C0015168,base
C0015169,base
C0015170,base
C0015171,base
C0015172,base
C0015173,base
C0015174,NET-04-R03 early-tenure cluster
C0015175,base
C0015176,base
C0015177,base
C0015178,base
C0015179,base
C0015180,base
C0015181,base
C0015182,ANL-01-R02 / CLN-07-R04 step change
C0015183,ANL-01-R02 / CLN-07-R04 step change
C0015184,ANL-01-R02 / CLN-07-R04 step change
C0015185,base
C0015186,base
C0015187,base
C0015188,base
C0015189,base
C0015190,base
C0015191,ANL-01-R02 / CLN-07-R04 step change
C0015192,ANL-01-R02 / CLN-07-R04 step change
C0015193,ANL-01-R02 / CLN-07-R04 step change
C0015194,ANL-01-R02 / CLN-07-R04 step change
C0015195,base
C0015196,base
C0015197,base
C0015198,base
C0015199,base
C0015200,base
C0015201,base
C0015202,ring
C0015203,ring
C0015204,ring
C0015205,base
C0015206,base
C0015207,base
C0015208,base
C0015209,base
C0015210,base
C0015211,base
C0015212,base
C0015213,ANL-01-R02 / CLN-07-R04 step change
C0015214,base
C0015215,base
C0015216,base
C0015217,base
C0015218,base
C0015219,base
C0015220,ANL-01-R02 / CLN-07-R04 step change
C0015221,base
C0015222,base
C0015223,base
C0015224,ring
C0015225,ring
C0015226,base
C0015227,base
C0015228,NET-04-R03 early-tenure cluster
C0015229,ANL-01-R02 / CLN-07-R04 step change
C0015230,base
C0015231,ANL-01-R02 / CLN-07-R04 step change
C0015232,base
C0015233,base
C0015234,base
C0015235,base
C0015236,base
C0015237,base
C0015238,base
C0015239,ANL-01-R02 / CLN-07-R04 step change
C0015240,ANL-01-R02 / CLN-07-R04 step change
C0015241,ANL-01-R02 / CLN-07-R04 step change
C0015242,base
C0015243,ANL-01-R02 / CLN-07-R04 step change
C0015244,base
C0015245,base
C0015246,base
C0015247,base
C0015248,base
C0015249,base
C0015250,NET-04-R03 early-tenure cluster
C0015251,ANL-01-R02 / CLN-07-R04 step change
C0015252,base
C0015253,base
C0015254,base
C0015255,base
C0015256,ANL-01-R02 / CLN-07-R04 step change
C0015257,ANL-01-R02 / CLN-07-R04 step change
C0015258,base
C0015259,base
C0015260,base
C0015261,base
C0015262,ANL-01-R02 / CLN-07-R04 step change
C0015263,ANL-01-R02 / CLN-07-R04 step change
C0015264,base
C0015265,base
C0015266,base
C0015267,base
C0015268,base
C0015269,base
C0015270,base
C0015271,base
C0015272,ANL-01-R02 / CLN-07-R04 step change
C0015273,base
C0015274,base
C0015275,base
C0015276,base
C0015277,base
C0015278,base
C0015279,base
C0015280,base
C0015281,base
C0015282,base
C0015283,base
C0015284,base
C0015285,CLN-05-R01 length-of-stay outlier
C0015286,NET-04-R03 early-tenure cluster
C0015287,base
C0015288,base
C0015289,base
C0015290,base
C0015291,base
C0015292,base
C0015293,base
C0015294,base
C0015295,base
C0015296,base
C0015297,base
C0015298,base
C0015299,base
C0015300,base
C0015301,base
C0015302,base
C0015303,base
C0015304,base
C0015305,base
C0015306,NET-04-R03 early-tenure cluster
C0015307,NET-04-R03 early-tenure cluster
C0015308,NET-04-R03 early-tenure cluster
C0015309,ANL-01-R02 / CLN-07-R04 step change
C0015310,base
C0015311,base
C0015312,base
C0015313,base
C0015314,base
C0015315,base
C0015316,base
C0015317,base
C0015318,base
C0015319,base
C0015320,NET-04-R03 early-tenure cluster
C0015321,ANL-01-R02 / CLN-07-R04 step change
C0015322,base
C0015323,base
C0015324,base
C0015325,base
C0015326,base
C0015327,base
C0015328,base
C0015329,base
C0015330,base
C0015331,base
C0015332,base
C0015333,base
C0015334,ANL-01-R02 / CLN-07-R04 step change
C0015335,base
C0015336,base
C0015337,base
C0015338,ring
C0015339,ring
C0015340,base
C0015341,base
C0015342,base
C0015343,NET-04-R03 early-tenure cluster
C0015344,base
C0015345,base
C0015346,base
C0015347,base
C0015348,base
C0015349,base
C0015350,base
C0015351,base
C0015352,NET-04-R03 early-tenure cluster
C0015353,NET-04-R03 early-tenure cluster
C0015354,base
C0015355,base
C0015356,base
C0015357,base
C0015358,ring
C0015359,PAY-06-R02 amount arithmetic
C0015360,PAY-01-R02 near duplicate
C0015361,ANL-01-R02 / CLN-07-R04 step change
C0015362,ANL-01-R02 / CLN-07-R04 step change
C0015363,ANL-01-R02 / CLN-07-R04 step change
C0015364,base
C0015365,base
C0015366,base
C0015367,base
C0015368,base
C0015369,base
C0015370,base
C0015371,base
C0015372,ANL-01-R02 / CLN-07-R04 step change
C0015373,ANL-01-R02 / CLN-07-R04 step change
C0015374,base
C0015375,base
C0015376,base
C0015377,base
C0015378,base
C0015379,base
C0015380,base
C0015381,base
C0015382,base
C0015383,NET-04-R03 early-tenure cluster
C0015384,ANL-01-R02 / CLN-07-R04 step change
C0015385,base
C0015386,base
C0015387,base
C0015388,base
C0015389,base
C0015390,base
C0015391,base
C0015392,base
C0015393,base
C0015394,base
C0015395,base
C0015396,base
C0015397,base
C0015398,base
C0015399,ANL-01-R02 / CLN-07-R04 step change
C0015400,ANL-01-R02 / CLN-07-R04 step change
C0015401,ANL-01-R02 / CLN-07-R04 step change
C0015402,base
C0015403,base
C0015404,base
C0015405,base
C0015406,base
C0015407,base
C0015408,base
C0015409,base
C0015410,base
C0015411,base
C0015412,base
C0015413,base
C0015414,base
C0015415,base
C0015416,base
C0015417,base
C0015418,base
C0015419,ring
C0015420,ring
C0015421,base
C0015422,base
C0015423,base
C0015424,PAY-01-R02 near duplicate
C0015425,PAY-01-R03 / CLN-05-R03 episode repeat
C0015426,ANL-01-R02 / CLN-07-R04 step change
C0015427,ANL-01-R02 / CLN-07-R04 step change
C0015428,ANL-01-R02 / CLN-07-R04 step change
C0015429,base
C0015430,ring
C0015431,ring
C0015432,ring
C0015433,ring
C0015434,base
C0015435,base
C0015436,base
C0015437,base
C0015438,base
C0015439,ANL-01-R02 / CLN-07-R04 step change
C0015440,ANL-01-R02 / CLN-07-R04 step change
C0015441,ANL-01-R02 / CLN-07-R04 step change
C0015442,ANL-01-R02 / CLN-07-R04 step change
C0015443,base
C0015444,base
C0015445,base
C0015446,base
C0015447,base
C0015448,base
C0015449,base
C0015450,base
C0015451,base
C0015452,base
C0015453,NET-04-R03 early-tenure cluster
C0015454,ANL-01-R02 / CLN-07-R04 step change
C0015455,ANL-01-R02 / CLN-07-R04 step change
C0015456,base
C0015457,base
C0015458,base
C0015459,base
C0015460,base
C0015461,base
C0015462,base
C0015463,base
C0015464,base
C0015465,base
C0015466,base
C0015467,PAY-01-R03 / CLN-05-R03 episode repeat
C0015468,NET-04-R03 early-tenure cluster
C0015469,base
C0015470,base
C0015471,base
C0015472,base
C0015473,base
C0015474,base
C0015475,base
C0015476,base
C0015477,base
C0015478,base
C0015479,base
C0015480,base
C0015481,base
C0015482,base
C0015483,base
C0015484,base
C0015485,base
C0015486,PAY-01-R03 / CLN-05-R03 episode repeat
C0015487,NET-04-R03 early-tenure cluster
C0015488,ANL-01-R02 / CLN-07-R04 step change
C0015489,ANL-01-R02 / CLN-07-R04 step change
C0015490,ANL-01-R02 / CLN-07-R04 step change
C0015491,ANL-01-R02 / CLN-07-R04 step change
C0015492,base
C0015493,base
C0015494,base
C0015495,base
C0015496,base
C0015497,base
C0015498,base
C0015499,base
C0015500,base
C0015501,base
C0015502,NET-04-R03 early-tenure cluster
C0015503,ANL-01-R02 / CLN-07-R04 step change
C0015504,base
C0015505,base
C0015506,base
C0015507,base
C0015508,base
C0015509,base
C0015510,base
C0015511,base
C0015512,base
C0015513,base
C0015514,base
C0015515,NET-04-R03 early-tenure cluster
C0015516,ANL-01-R02 / CLN-07-R04 step change
C0015517,ANL-01-R02 / CLN-07-R04 step change
C0015518,base
C0015519,base
C0015520,base
C0015521,base
C0015522,base
C0015523,base
C0015524,base
C0015525,base
C0015526,base
C0015527,base
C0015528,NET-04-R03 early-tenure cluster
C0015529,ANL-01-R02 / CLN-07-R04 step change
C0015530,base
C0015531,base
C0015532,base
C0015533,base
C0015534,base
C0015535,base
C0015536,base
C0015537,base
C0015538,base
C0015539,base
C0015540,PAY-01-R03 / CLN-05-R03 episode repeat
C0015541,ANL-01-R02 / CLN-07-R04 step change
C0015542,ANL-01-R02 / CLN-07-R04 step change
C0015543,ANL-01-R02 / CLN-07-R04 step change
C0015544,base
C0015545,base
C0015546,base
C0015547,base
C0015548,base
C0015549,base
C0015550,base
C0015551,base
C0015552,base
C0015553,base
C0015554,base
C0015555,base
C0015556,base
C0015557,base
C0015558,base
C0015559,base
C0015560,base
C0015561,base
C0015562,base
C0015563,base
C0015564,base
C0015565,NET-04-R03 early-tenure cluster
C0015566,ANL-01-R02 / CLN-07-R04 step change
C0015567,base
C0015568,base
C0015569,base
C0015570,base
C0015571,base
C0015572,base
C0015573,base
C0015574,ring
C0015575,ring
C0015576,ring
C0015577,base
C0015578,base
C0015579,base
C0015580,base
C0015581,base
C0015582,base
C0015583,base
C0015584,base
C0015585,ring
C0015586,base
C0015587,base
C0015588,PAY-01-R03 / CLN-05-R03 episode repeat
C0015589,ANL-01-R02 / CLN-07-R04 step change
C0015590,ANL-01-R02 / CLN-07-R04 step change
C0015591,base
C0015592,NET-04-R03 early-tenure cluster
C0015593,ANL-01-R02 / CLN-07-R04 step change
C0015594,ANL-01-R02 / CLN-07-R04 step change
C0015595,ANL-01-R02 / CLN-07-R04 step change
C0015596,base
C0015597,base
C0015598,base
C0015599,base
C0015600,base
C0015601,base
C0015602,NET-04-R03 early-tenure cluster
C0015603,ANL-01-R02 / CLN-07-R04 step change
C0015604,base
C0015605,base
C0015606,base
C0015607,ANL-01-R02 / CLN-07-R04 step change
C0015608,ANL-01-R02 / CLN-07-R04 step change
C0015609,ANL-01-R02 / CLN-07-R04 step change
C0015610,base
C0015611,base
C0015612,base
C0015613,base
C0015614,base
C0015615,base
C0015616,base
C0015617,base
C0015618,base
C0015619,base
C0015620,base
C0015621,base
C0015622,base
C0015623,base
C0015624,PAY-01-R03 / CLN-05-R03 episode repeat
C0015625,base
C0015626,base
C0015627,base
C0015628,base
C0015629,base
C0015630,base
C0015631,base
C0015632,base
C0015633,base
C0015634,base
C0015635,base
C0015636,base
C0015637,NET-04-R03 early-tenure cluster
C0015638,NET-04-R03 early-tenure cluster
C0015639,NET-04-R03 early-tenure cluster
C0015640,base
C0015641,base
C0015642,base
C0015643,base
C0015644,base
C0015645,base
C0015646,base
C0015647,base
C0015648,base
C0015649,base
C0015650,base
C0015651,base
C0015652,base
C0015653,NET-04-R03 early-tenure cluster
C0015654,ANL-01-R02 / CLN-07-R04 step change
C0015655,ANL-01-R02 / CLN-07-R04 step change
C0015656,base
C0015657,base
C0015658,base
C0015659,base
C0015660,base
C0015661,base
C0015662,ANL-01-R02 / CLN-07-R04 step change
C0015663,base
C0015664,base
C0015665,ANL-01-R02 / CLN-07-R04 step change
C0015666,base
C0015667,base
C0015668,base
C0015669,base
C0015670,base
C0015671,base
C0015672,base
C0015673,base
C0015674,base
C0015675,base
C0015676,base
C0015677,base
C0015678,base
C0015679,NET-04-R03 early-tenure cluster
C0015680,base
C0015681,base
C0015682,base
C0015683,base
C0015684,base
C0015685,base
C0015686,base
C0015687,base
C0015688,base
C0015689,base
C0015690,NET-04-R03 early-tenure cluster
C0015691,ANL-01-R02 / CLN-07-R04 step change
C0015692,base
C0015693,base
C0015694,base
C0015695,base
C0015696,base
C0015697,base
C0015698,base
C0015699,base
C0015700,base
C0015701,base
C0015702,base
C0015703,base
C0015704,NET-04-R03 early-tenure cluster
C0015705,ANL-01-R02 / CLN-07-R04 step change
C0015706,base
C0015707,ring
C0015708,ring
C0015709,ring
C0015710,base
C0015711,PAY-01-R03 / CLN-05-R03 episode repeat
C0015712,base
C0015713,base
C0015714,base
C0015715,base
C0015716,ANL-01-R02 / CLN-07-R04 step change
C0015717,base
C0015718,base
C0015719,base
C0015720,base
C0015721,base
C0015722,base
C0015723,NET-04-R03 early-tenure cluster
C0015724,base
C0015725,base
C0015726,base
C0015727,base
C0015728,base
C0015729,NET-04-R03 early-tenure cluster
C0015730,ANL-01-R02 / CLN-07-R04 step change
C0015731,base
C0015732,base
C0015733,base
C0015734,base
C0015735,base
C0015736,base
C0015737,base
C0015738,base
C0015739,base
C0015740,base
C0015741,base
C0015742,base
C0015743,base
C0015744,NET-04-R03 early-tenure cluster
C0015745,NET-04-R03 early-tenure cluster
C0015746,ANL-01-R02 / CLN-07-R04 step change
C0015747,ANL-01-R02 / CLN-07-R04 step change
C0015748,ANL-01-R02 / CLN-07-R04 step change
C0015749,base
C0015750,base
C0015751,base
C0015752,base
C0015753,base
C0015754,base
C0015755,base
C0015756,base
C0015757,base
C0015758,base
C0015759,base
C0015760,base
C0015761,base
C0015762,base
C0015763,base
C0015764,base
C0015765,base
C0015766,base
C0015767,base
C0015768,PAY-01-R03 / CLN-05-R03 episode repeat
C0015769,ANL-01-R02 / CLN-07-R04 step change
C0015770,base
C0015771,base
C0015772,base
C0015773,base
C0015774,base
C0015775,base
C0015776,base
C0015777,base
C0015778,base
C0015779,base
C0015780,ANL-01-R02 / CLN-07-R04 step change
C0015781,base
C0015782,base
C0015783,base
C0015784,base
C0015785,base
C0015786,base
C0015787,base
C0015788,base
C0015789,base
C0015790,base
C0015791,base
C0015792,base
C0015793,base
C0015794,base
C0015795,base
C0015796,base
C0015797,base
C0015798,base
C0015799,base
C0015800,NET-04-R03 early-tenure cluster
C0015801,base
C0015802,base
C0015803,base
C0015804,base
C0015805,base
C0015806,base
C0015807,base
C0015808,base
C0015809,base
C0015810,base
C0015811,base
C0015812,base
C0015813,base
C0015814,base
C0015815,base
C0015816,base
C0015817,base
C0015818,base
C0015819,ring
C0015820,ring
C0015821,ring
C0015822,ANL-01-R02 / CLN-07-R04 step change
C0015823,base
C0015824,base
C0015825,base
C0015826,base
C0015827,base
C0015828,base
C0015829,base
C0015830,ANL-01-R02 / CLN-07-R04 step change
C0015831,base
C0015832,base
C0015833,base
C0015834,base
C0015835,base
C0015836,base
C0015837,base
C0015838,base
C0015839,base
C0015840,base
C0015841,base
C0015842,ANL-01-R02 / CLN-07-R04 step change
C0015843,base
C0015844,base
C0015845,base
C0015846,base
C0015847,base
C0015848,base
C0015849,base
C0015850,base
C0015851,base
C0015852,base
C0015853,base
C0015854,base
C0015855,ANL-01-R02 / CLN-07-R04 step change
C0015856,base
C0015857,base
C0015858,base
C0015859,base
C0015860,base
C0015861,base
C0015862,base
C0015863,base
C0015864,base
C0015865,base
C0015866,base
C0015867,ANL-01-R02 / CLN-07-R04 step change
C0015868,ANL-01-R02 / CLN-07-R04 step change
C0015869,base
C0015870,base
C0015871,base
C0015872,base
C0015873,base
C0015874,base
C0015875,base
C0015876,base
C0015877,base
C0015878,base
C0015879,base
C0015880,base
C0015881,base
C0015882,base
C0015883,base
C0015884,base
C0015885,base
C0015886,base
C0015887,base
C0015888,base
C0015889,base
C0015890,base
C0015891,base
C0015892,base
C0015893,base
C0015894,PAY-06-R02 amount arithmetic
C0015895,NET-04-R03 early-tenure cluster
C0015896,NET-04-R03 early-tenure cluster
C0015897,ANL-01-R02 / CLN-07-R04 step change
C0015898,base
C0015899,base
C0015900,base
C0015901,base
C0015902,base
C0015903,base
C0015904,base
C0015905,base
C0015906,base
C0015907,base
C0015908,base
C0015909,base
C0015910,base
C0015911,base
C0015912,ANL-01-R02 / CLN-07-R04 step change
C0015913,base
C0015914,base
C0015915,base
C0015916,base
C0015917,base
C0015918,base
C0015919,ANL-01-R02 / CLN-07-R04 step change
C0015920,base
C0015921,base
C0015922,base
C0015923,base
C0015924,base
C0015925,base
C0015926,base
C0015927,base
C0015928,base
C0015929,ANL-01-R02 / CLN-07-R04 step change
C0015930,base
C0015931,base
C0015932,base
C0015933,base
C0015934,base
C0015935,base
C0015936,base
C0015937,ring
C0015938,ring
C0015939,base
C0015940,base
C0015941,PAY-01-R03 / CLN-05-R03 episode repeat
C0015942,NET-04-R03 early-tenure cluster
C0015943,base
C0015944,base
C0015945,base
C0015946,base
C0015947,ANL-01-R02 / CLN-07-R04 step change
C0015948,ANL-01-R02 / CLN-07-R04 step change
C0015949,base
C0015950,base
C0015951,base
C0015952,base
C0015953,base
C0015954,base
C0015955,ANL-01-R02 / CLN-07-R04 step change
C0015956,base
C0015957,base
C0015958,base
C0015959,base
C0015960,base
C0015961,base
C0015962,base
C0015963,base
C0015964,base
C0015965,base
C0015966,base
C0015967,ANL-01-R02 / CLN-07-R04 step change
C0015968,ANL-01-R02 / CLN-07-R04 step change
C0015969,ANL-01-R02 / CLN-07-R04 step change
C0015970,base
C0015971,base
C0015972,base
C0015973,base
C0015974,base
C0015975,base
C0015976,base
C0015977,ANL-01-R02 / CLN-07-R04 step change
C0015978,base
C0015979,base
C0015980,base
C0015981,CLN-05-R01 length-of-stay outlier
C0015982,NET-04-R03 early-tenure cluster
C0015983,ANL-01-R02 / CLN-07-R04 step change
C0015984,base
C0015985,base
C0015986,base
C0015987,base
C0015988,base
C0015989,base
C0015990,base
C0015991,ANL-01-R02 / CLN-07-R04 step change
C0015992,ANL-01-R02 / CLN-07-R04 step change
C0015993,base
C0015994,base
C0015995,base
C0015996,base
C0015997,base
C0015998,base
C0015999,base
C0016000,base
C0016001,base
C0016002,base
C0016003,base
C0016004,NET-04-R03 early-tenure cluster
C0016005,NET-04-R03 early-tenure cluster
C0016006,ANL-01-R02 / CLN-07-R04 step change
C0016007,base
C0016008,base
C0016009,base
C0016010,base
C0016011,base
C0016012,base
C0016013,base
C0016014,base
C0016015,base
C0016016,base
C0016017,base
C0016018,base
C0016019,base
C0016020,base
C0016021,base
C0016022,base
C0016023,base
C0016024,base
C0016025,base
C0016026,base
C0016027,base
C0016028,base
C0016029,base
C0016030,base
C0016031,base
C0016032,base
C0016033,base
C0016034,base
C0016035,NET-04-R03 early-tenure cluster
C0016036,base
C0016037,base
C0016038,base
C0016039,base
C0016040,base
C0016041,base
C0016042,base
C0016043,base
C0016044,base
C0016045,base
C0016046,base
C0016047,base
C0016048,base
C0016049,base
C0016050,PAY-06-R02 amount arithmetic
C0016051,ANL-01-R02 / CLN-07-R04 step change
C0016052,base
C0016053,base
C0016054,base
C0016055,base
C0016056,base
C0016057,base
C0016058,base
C0016059,base
C0016060,base
C0016061,base
C0016062,base
C0016063,base
C0016064,base
C0016065,base
C0016066,base
C0016067,PAY-01-R03 / CLN-05-R03 episode repeat
C0016068,NET-04-R03 early-tenure cluster
C0016069,base
C0016070,base
C0016071,base
C0016072,base
C0016073,base
C0016074,base
C0016075,PAY-01-R03 / CLN-05-R03 episode repeat
C0016076,NET-04-R03 early-tenure cluster
C0016077,base
C0016078,base
C0016079,base
C0016080,base
C0016081,base
C0016082,base
C0016083,base
C0016084,base
C0016085,NET-04-R03 early-tenure cluster
C0016086,ANL-01-R02 / CLN-07-R04 step change
C0016087,base
C0016088,base
C0016089,base
C0016090,base
C0016091,base
C0016092,base
C0016093,ANL-01-R02 / CLN-07-R04 step change
C0016094,ANL-01-R02 / CLN-07-R04 step change
C0016095,base
C0016096,base
C0016097,base
C0016098,base
C0016099,base
C0016100,base
C0016101,NET-04-R03 early-tenure cluster
C0016102,ANL-01-R02 / CLN-07-R04 step change
C0016103,base
C0016104,base
C0016105,base
C0016106,base
C0016107,base
C0016108,base
C0016109,base
C0016110,NET-04-R03 early-tenure cluster
C0016111,base
C0016112,base
C0016113,base
C0016114,base
C0016115,base
C0016116,ANL-01-R02 / CLN-07-R04 step change
C0016117,ring
C0016118,ring
C0016119,ring
C0016120,ring
C0016121,base
C0016122,base
C0016123,base
C0016124,base
C0016125,ANL-01-R02 / CLN-07-R04 step change
C0016126,ANL-01-R02 / CLN-07-R04 step change
C0016127,base
C0016128,base
C0016129,base
C0016130,base
C0016131,PAY-06-R02 amount arithmetic
C0016132,ANL-01-R02 / CLN-07-R04 step change
C0016133,base
C0016134,base
C0016135,base
C0016136,base
C0016137,base
C0016138,base
C0016139,base
C0016140,base
C0016141,base
C0016142,base
C0016143,base
C0016144,base
C0016145,base
C0016146,base
C0016147,base
C0016148,ANL-01-R02 / CLN-07-R04 step change
C0016149,base
C0016150,base
C0016151,base
C0016152,base
C0016153,base
C0016154,base
C0016155,base
C0016156,base
C0016157,base
C0016158,base
C0016159,base
C0016160,base
C0016161,base
C0016162,base
C0016163,base
C0016164,base
C0016165,base
C0016166,base
C0016167,base
C0016168,ring
C0016169,ring
C0016170,base
C0016171,base
C0016172,NET-04-R03 early-tenure cluster
C0016173,ANL-01-R02 / CLN-07-R04 step change
C0016174,base
C0016175,PAY-01-R03 / CLN-05-R03 episode repeat
C0016176,ANL-01-R02 / CLN-07-R04 step change
C0016177,ANL-01-R02 / CLN-07-R04 step change
C0016178,base
C0016179,base
C0016180,base
C0016181,base
C0016182,base
C0016183,ANL-01-R02 / CLN-07-R04 step change
C0016184,base
C0016185,base
C0016186,base
C0016187,base
C0016188,base
C0016189,base
C0016190,base
C0016191,base
C0016192,base
C0016193,base
C0016194,base
C0016195,base
C0016196,base
C0016197,base
C0016198,base
C0016199,NET-04-R03 early-tenure cluster
C0016200,ANL-01-R02 / CLN-07-R04 step change
C0016201,base
C0016202,base
C0016203,base
C0016204,base
C0016205,base
C0016206,base
C0016207,base
C0016208,ANL-01-R02 / CLN-07-R04 step change
C0016209,base
C0016210,base
C0016211,base
C0016212,base
C0016213,base
C0016214,base
C0016215,base
C0016216,base
C0016217,base
C0016218,ring
C0016219,ring
C0016220,base
C0016221,base
C0016222,base
C0016223,base
C0016224,base
C0016225,NET-04-R03 early-tenure cluster
C0016226,ANL-01-R02 / CLN-07-R04 step change
C0016227,base
C0016228,base
C0016229,base
C0016230,base
C0016231,base
C0016232,base
C0016233,base
C0016234,base
C0016235,base
C0016236,ANL-01-R02 / CLN-07-R04 step change
C0016237,base
C0016238,base
C0016239,base
C0016240,base
C0016241,base
C0016242,ring
C0016243,ring
C0016244,ring
C0016245,base
C0016246,base
C0016247,base
C0016248,base
C0016249,base
C0016250,base
C0016251,base
C0016252,NET-04-R03 early-tenure cluster
C0016253,NET-04-R03 early-tenure cluster
C0016254,base
C0016255,base
C0016256,base
C0016257,base
C0016258,base
C0016259,base
C0016260,base
C0016261,base
C0016262,base
C0016263,NET-04-R03 early-tenure cluster
C0016264,base
C0016265,base
C0016266,base
C0016267,base
C0016268,base
C0016269,base
C0016270,base
C0016271,NET-04-R03 early-tenure cluster
C0016272,ANL-01-R02 / CLN-07-R04 step change
C0016273,ANL-01-R02 / CLN-07-R04 step change
C0016274,base
C0016275,base
C0016276,base
C0016277,base
C0016278,base
C0016279,base
C0016280,base
C0016281,base
C0016282,base
C0016283,base
C0016284,base
C0016285,base
C0016286,NET-04-R03 early-tenure cluster
C0016287,NET-04-R03 early-tenure cluster
C0016288,NET-04-R03 early-tenure cluster
C0016289,ANL-01-R02 / CLN-07-R04 step change
C0016290,base
C0016291,base
C0016292,base
C0016293,base
C0016294,base
C0016295,base
C0016296,base
C0016297,base
C0016298,base
C0016299,base
C0016300,base
C0016301,base
C0016302,base
C0016303,base
C0016304,base
C0016305,ANL-01-R02 / CLN-07-R04 step change
C0016306,base
C0016307,base
C0016308,base
C0016309,base
C0016310,base
C0016311,ring
C0016312,ring
C0016313,ring
C0016314,ring
C0016315,ring
C0016316,base
C0016317,base
C0016318,base
C0016319,base
C0016320,base
C0016321,base
C0016322,base
C0016323,base
C0016324,base
C0016325,base
C0016326,base
C0016327,base
C0016328,base
C0016329,base
C0016330,base
C0016331,base
C0016332,NET-04-R03 early-tenure cluster
C0016333,base
C0016334,base
C0016335,base
C0016336,base
C0016337,base
C0016338,base
C0016339,base
C0016340,base
C0016341,base
C0016342,base
C0016343,base
C0016344,base
C0016345,NET-04-R03 early-tenure cluster
C0016346,base
C0016347,base
C0016348,base
C0016349,base
C0016350,base
C0016351,base
C0016352,base
C0016353,base
C0016354,base
C0016355,base
C0016356,base
C0016357,base
C0016358,base
C0016359,base
C0016360,base
C0016361,base
C0016362,ANL-01-R02 / CLN-07-R04 step change
C0016363,ANL-01-R02 / CLN-07-R04 step change
C0016364,base
C0016365,base
C0016366,base
C0016367,base
C0016368,base
C0016369,base
C0016370,base
C0016371,base
C0016372,base
C0016373,base
C0016374,base
C0016375,base
C0016376,base
C0016377,base
C0016378,base
C0016379,NET-04-R03 early-tenure cluster
C0016380,ANL-01-R02 / CLN-07-R04 step change
C0016381,ANL-01-R02 / CLN-07-R04 step change
C0016382,base
C0016383,base
C0016384,base
C0016385,base
C0016386,base
C0016387,base
C0016388,base
C0016389,base
C0016390,base
C0016391,base
C0016392,base
C0016393,base
C0016394,base
C0016395,base
C0016396,base
C0016397,NET-04-R03 early-tenure cluster
C0016398,NET-04-R03 early-tenure cluster
C0016399,base
C0016400,base
C0016401,base
C0016402,base
C0016403,base
C0016404,base
C0016405,ANL-01-R02 / CLN-07-R04 step change
C0016406,ANL-01-R02 / CLN-07-R04 step change
C0016407,base
C0016408,base
C0016409,base
C0016410,base
C0016411,base
C0016412,base
C0016413,base
C0016414,ring
C0016415,base
C0016416,base
C0016417,base
C0016418,ANL-01-R02 / CLN-07-R04 step change
C0016419,base
C0016420,base
C0016421,base
C0016422,base
C0016423,base
C0016424,base
C0016425,base
C0016426,base
C0016427,base
C0016428,NET-04-R03 early-tenure cluster
C0016429,NET-04-R03 early-tenure cluster
C0016430,ANL-01-R02 / CLN-07-R04 step change
C0016431,base
C0016432,base
C0016433,base
C0016434,base
C0016435,base
C0016436,base
C0016437,base
C0016438,base
C0016439,base
C0016440,base
C0016441,base
C0016442,base
C0016443,base
C0016444,base
C0016445,base
C0016446,base
C0016447,base
C0016448,base
C0016449,CLN-05-R01 length-of-stay outlier
C0016450,NET-04-R03 early-tenure cluster
C0016451,base
C0016452,base
C0016453,base
C0016454,base
C0016455,base
C0016456,base
C0016457,base
C0016458,base
C0016459,base
C0016460,ANL-01-R02 / CLN-07-R04 step change
C0016461,base
C0016462,base
C0016463,base
C0016464,base
C0016465,base
C0016466,base
C0016467,base
C0016468,base
C0016469,base
C0016470,base
C0016471,base
C0016472,base
C0016473,ANL-01-R02 / CLN-07-R04 step change
C0016474,ANL-01-R02 / CLN-07-R04 step change
C0016475,base
C0016476,base
C0016477,base
C0016478,base
C0016479,base
C0016480,base
C0016481,base
C0016482,base
C0016483,base
C0016484,base
C0016485,base
C0016486,base
C0016487,NET-04-R03 early-tenure cluster
C0016488,ANL-01-R02 / CLN-07-R04 step change
C0016489,ANL-01-R02 / CLN-07-R04 step change
C0016490,base
C0016491,base
C0016492,base
C0016493,base
C0016494,base
C0016495,base
C0016496,base
C0016497,base
C0016498,NET-04-R03 early-tenure cluster
C0016499,base
C0016500,base
C0016501,base
C0016502,base
C0016503,base
C0016504,base
C0016505,ANL-01-R02 / CLN-07-R04 step change
C0016506,base
C0016507,base
C0016508,base
C0016509,base
C0016510,base
C0016511,base
C0016512,base
C0016513,base
C0016514,base
C0016515,NET-04-R03 early-tenure cluster
C0016516,ANL-01-R02 / CLN-07-R04 step change
C0016517,base
C0016518,base
C0016519,base
C0016520,PAY-01-R03 / CLN-05-R03 episode repeat
C0016521,base
C0016522,base
C0016523,base
C0016524,base
C0016525,base
C0016526,base
C0016527,base
C0016528,base
C0016529,base
C0016530,base
C0016531,base
C0016532,base
C0016533,base
C0016534,base
C0016535,base
C0016536,base
C0016537,base
C0016538,base
C0016539,base
C0016540,base
C0016541,base
C0016542,base
C0016543,base
C0016544,base
C0016545,base
C0016546,base
C0016547,base
C0016548,base
C0016549,base
C0016550,base
C0016551,base
C0016552,base
C0016553,CLN-05-R01 length-of-stay outlier
C0016554,NET-04-R03 early-tenure cluster
C0016555,ANL-01-R02 / CLN-07-R04 step change
C0016556,base
C0016557,base
C0016558,base
C0016559,base
C0016560,base
C0016561,base
C0016562,base
C0016563,ANL-01-R02 / CLN-07-R04 step change
C0016564,base
C0016565,base
C0016566,base
C0016567,base
C0016568,base
C0016569,base
C0016570,base
C0016571,base
C0016572,base
C0016573,base
C0016574,base
C0016575,base
C0016576,base
C0016577,base
C0016578,ANL-01-R02 / CLN-07-R04 step change
C0016579,base
C0016580,base
C0016581,base
C0016582,base
C0016583,base
C0016584,base
C0016585,base
C0016586,base
C0016587,base
C0016588,base
C0016589,base
C0016590,base
C0016591,base
C0016592,base
C0016593,base
C0016594,base
C0016595,base
C0016596,base
C0016597,ring
C0016598,ring
C0016599,PAY-01-R03 / CLN-05-R03 episode repeat
C0016600,ANL-01-R02 / CLN-07-R04 step change
C0016601,base
C0016602,base
C0016603,base
C0016604,base
C0016605,base
C0016606,base
C0016607,base
C0016608,base
C0016609,base
C0016610,base
C0016611,base
C0016612,base
C0016613,base
C0016614,base
C0016615,base
C0016616,base
C0016617,base
C0016618,ANL-01-R02 / CLN-07-R04 step change
C0016619,ANL-01-R02 / CLN-07-R04 step change
C0016620,base
C0016621,base
C0016622,base
C0016623,base
C0016624,base
C0016625,base
C0016626,base
C0016627,base
C0016628,base
C0016629,base
C0016630,base
C0016631,base
C0016632,base
C0016633,base
C0016634,base
C0016635,base
C0016636,base
C0016637,base
C0016638,base
C0016639,base
C0016640,ANL-01-R02 / CLN-07-R04 step change
C0016641,base
C0016642,base
C0016643,base
C0016644,base
C0016645,base
C0016646,base
C0016647,base
C0016648,base
C0016649,base
C0016650,base
C0016651,base
C0016652,ANL-01-R02 / CLN-07-R04 step change
C0016653,ANL-01-R02 / CLN-07-R04 step change
C0016654,base
C0016655,base
C0016656,ring
C0016657,ring
C0016658,base
C0016659,ANL-01-R02 / CLN-07-R04 step change
C0016660,base
C0016661,base
C0016662,base
C0016663,base
C0016664,base
C0016665,base
C0016666,base
C0016667,base
C0016668,base
C0016669,base
C0016670,base
C0016671,base
C0016672,base
C0016673,base
C0016674,base
C0016675,ANL-01-R02 / CLN-07-R04 step change
C0016676,base
C0016677,base
C0016678,base
C0016679,base
C0016680,ring
C0016681,base
C0016682,base
C0016683,base
C0016684,base
C0016685,base
C0016686,base
C0016687,base
C0016688,base
C0016689,CLN-05-R01 length-of-stay outlier
C0016690,base
C0016691,base
C0016692,base
C0016693,base
C0016694,base
C0016695,base
C0016696,base
C0016697,base
C0016698,base
C0016699,base
C0016700,base
C0016701,base
C0016702,base
C0016703,ANL-01-R02 / CLN-07-R04 step change
C0016704,base
C0016705,base
C0016706,base
C0016707,base
C0016708,base
C0016709,base
C0016710,base
C0016711,base
C0016712,base
C0016713,base
C0016714,ANL-01-R02 / CLN-07-R04 step change
C0016715,base
C0016716,base
C0016717,base
C0016718,base
C0016719,base
C0016720,base
C0016721,base
C0016722,base
C0016723,base
C0016724,base
C0016725,base
C0016726,base
C0016727,ring
C0016728,ring
C0016729,base
C0016730,base
C0016731,ANL-01-R02 / CLN-07-R04 step change
C0016732,base
C0016733,base
C0016734,base
C0016735,base
C0016736,ANL-01-R02 / CLN-07-R04 step change
C0016737,base
C0016738,base
C0016739,base
C0016740,base
C0016741,base
C0016742,base
C0016743,base
C0016744,base
C0016745,ANL-01-R02 / CLN-07-R04 step change
C0016746,base
C0016747,base
C0016748,base
C0016749,base
C0016750,base
C0016751,base
C0016752,base
C0016753,base
C0016754,base
C0016755,base
C0016756,base
C0016757,base
C0016758,base
C0016759,base
C0016760,base
C0016761,base
C0016762,base
C0016763,base
C0016764,base
C0016765,base
C0016766,base
C0016767,base
C0016768,base
C0016769,base
C0016770,base
C0016771,base
C0016772,ANL-01-R02 / CLN-07-R04 step change
C0016773,base
C0016774,base
C0016775,base
C0016776,base
C0016777,base
C0016778,base
C0016779,ANL-01-R02 / CLN-07-R04 step change
C0016780,base
C0016781,base
C0016782,base
C0016783,base
C0016784,ring
C0016785,base
C0016786,base
C0016787,base
C0016788,base
C0016789,base
C0016790,base
C0016791,base
C0016792,base
C0016793,base
C0016794,base
C0016795,base
C0016796,base
C0016797,base
C0016798,base
C0016799,base
C0016800,base
C0016801,base
C0016802,base
C0016803,base
C0016804,base
C0016805,base
C0016806,base
C0016807,base
C0016808,base
C0016809,base
C0016810,base
C0016811,base
C0016812,base
C0016813,base
C0016814,base
C0016815,base
C0016816,base
C0016817,ANL-01-R02 / CLN-07-R04 step change
C0016818,base
C0016819,base
C0016820,base
C0016821,base
C0016822,base
C0016823,base
C0016824,base
C0016825,base
C0016826,base
C0016827,base
C0016828,base
C0016829,base
C0016830,base
C0016831,base
C0016832,base
C0016833,base
C0016834,ANL-01-R02 / CLN-07-R04 step change
C0016835,ANL-01-R02 / CLN-07-R04 step change
C0016836,base
C0016837,base
C0016838,base
C0016839,base
C0016840,base
C0016841,base
C0016842,base
C0016843,base
C0016844,base
C0016845,base
C0016846,base
C0016847,base
C0016848,base
C0016849,base
C0016850,base
C0016851,base
C0016852,base
C0016853,base
C0016854,base
C0016855,base
C0016856,base
C0016857,base
C0016858,base
C0016859,ANL-01-R02 / CLN-07-R04 step change
C0016860,ANL-01-R02 / CLN-07-R04 step change
C0016861,base
C0016862,base
C0016863,base
C0016864,base
C0016865,base
C0016866,base
C0016867,base
C0016868,base
C0016869,base
C0016870,base
C0016871,base
C0016872,base
C0016873,base
C0016874,base
C0016875,base
C0016876,base
C0016877,base
C0016878,base
C0016879,base
C0016880,base
C0016881,base
C0016882,base
C0016883,base
C0016884,base
C0016885,base
C0016886,base
C0016887,base
C0016888,base
C0016889,base
C0016890,base
C0016891,base
C0016892,base
C0016893,base
C0016894,base
C0016895,base
C0016896,base
C0016897,base
C0016898,base
C0016899,base
C0016900,base
C0016901,base
C0016902,base
C0016903,base
C0016904,base
C0016905,base
C0016906,ANL-01-R02 / CLN-07-R04 step change
C0016907,base
C0016908,base
C0016909,base
C0016910,base
C0016911,base
C0016912,base
C0016913,base
C0016914,base
C0016915,base
C0016916,base
C0016917,base
C0016918,base
C0016919,base
C0016920,base
C0016921,ANL-01-R02 / CLN-07-R04 step change
C0016922,ANL-01-R02 / CLN-07-R04 step change
C0016923,base
C0016924,base
C0016925,base
C0016926,base
C0016927,base
C0016928,base
C0016929,base
C0016930,base
C0016931,ring
C0016932,PAY-01-R03 / CLN-05-R03 episode repeat
C0016933,ANL-01-R02 / CLN-07-R04 step change
C0016934,base
C0016935,base
C0016936,base
C0016937,base
C0016938,base
C0016939,base
C0016940,base
C0016941,base
C0016942,base
C0016943,base
C0016944,base
C0016945,base
C0016946,base
C0016947,base
C0016948,base
C0016949,base
C0016950,base
C0016951,base
C0016952,base
C0016953,CLN-06-R03 / DOC-02-R01 cloned encounter
C0016954,CLN-06-R03 / DOC-02-R01 cloned encounter
C0016955,CLN-06-R03 / DOC-02-R01 cloned encounter
C0016956,CLN-06-R03 / DOC-02-R01 cloned encounter
C0016957,CLN-06-R03 / DOC-02-R01 cloned encounter
C0016958,CLN-06-R03 / DOC-02-R01 cloned encounter
C0016959,CLN-06-R03 / DOC-02-R01 cloned encounter
C0016960,CLN-06-R03 / DOC-02-R01 cloned encounter
C0016961,CLN-06-R03 / DOC-02-R01 cloned encounter
C0016962,CLN-06-R03 / DOC-02-R01 cloned encounter
C0016963,CLN-06-R03 / DOC-02-R01 cloned encounter
C0016964,CLN-06-R03 / DOC-02-R01 cloned encounter
C0016965,CLN-06-R03 / DOC-02-R01 cloned encounter
C0016966,CLN-06-R03 / DOC-02-R01 cloned encounter
C0016967,CLN-06-R03 / DOC-02-R01 cloned encounter
C0016968,CLN-06-R03 / DOC-02-R01 cloned encounter
C0016969,CLN-06-R03 / DOC-02-R01 cloned encounter
C0016970,CLN-06-R03 / DOC-02-R01 cloned encounter
C0016971,CLN-06-R03 / DOC-02-R01 cloned encounter
C0016972,CLN-06-R03 / DOC-02-R01 cloned encounter
C0016973,CLN-06-R03 / DOC-02-R01 cloned encounter
C0016974,CLN-06-R03 / DOC-02-R01 cloned encounter
C0016975,CLN-06-R03 / DOC-02-R01 cloned encounter
C0016976,CLN-06-R03 / DOC-02-R01 cloned encounter
C0016977,CLN-06-R03 / DOC-02-R01 cloned encounter
C0016978,CLN-06-R03 / DOC-02-R01 cloned encounter
C0016979,CLN-06-R03 / DOC-02-R01 cloned encounter
C0016980,CLN-06-R03 / DOC-02-R01 cloned encounter
C0016981,CLN-06-R03 / DOC-02-R01 cloned encounter
C0016982,CLN-06-R03 / DOC-02-R01 cloned encounter
C0016983,CLN-06-R03 / DOC-02-R01 cloned encounter
C0016984,CLN-06-R03 / DOC-02-R01 cloned encounter
C0016985,CLN-06-R03 / DOC-02-R01 cloned encounter
C0016986,CLN-06-R03 / DOC-02-R01 cloned encounter
C0016987,CLN-06-R03 / DOC-02-R01 cloned encounter
C0016988,CLN-06-R03 / DOC-02-R01 cloned encounter
C0016989,CLN-06-R03 / DOC-02-R01 cloned encounter
C0016990,CLN-06-R03 / DOC-02-R01 cloned encounter
C0016991,CLN-06-R03 / DOC-02-R01 cloned encounter
C0016992,CLN-06-R03 / DOC-02-R01 cloned encounter
C0016993,CLN-06-R03 / DOC-02-R01 cloned encounter
C0016994,CLN-06-R03 / DOC-02-R01 cloned encounter
C0016995,CLN-06-R03 / DOC-02-R01 cloned encounter
C0016996,CLN-06-R03 / DOC-02-R01 cloned encounter
C0016997,CLN-06-R03 / DOC-02-R01 cloned encounter
C0016998,CLN-06-R03 / DOC-02-R01 cloned encounter
C0016999,CLN-06-R03 / DOC-02-R01 cloned encounter
C0017000,CLN-06-R03 / DOC-02-R01 cloned encounter
C0017001,CLN-06-R03 / DOC-02-R01 cloned encounter
C0017002,CLN-06-R03 / DOC-02-R01 cloned encounter
C0017003,CLN-06-R03 / DOC-02-R01 cloned encounter
C0017004,CLN-06-R03 / DOC-02-R01 cloned encounter
C0017005,CLN-06-R03 / DOC-02-R01 cloned encounter
C0017006,CLN-06-R03 / DOC-02-R01 cloned encounter
C0017007,CLN-06-R03 / DOC-02-R01 cloned encounter
C0017008,CLN-06-R03 / DOC-02-R01 cloned encounter
C0017009,CLN-06-R03 / DOC-02-R01 cloned encounter
C0017010,CLN-06-R03 / DOC-02-R01 cloned encounter
C0017011,CLN-06-R03 / DOC-02-R01 cloned encounter
C0017012,CLN-06-R03 / DOC-02-R01 cloned encounter
C0017013,CLN-06-R03 / DOC-02-R01 cloned encounter
C0017014,CLN-06-R03 / DOC-02-R01 cloned encounter
C0017015,CLN-06-R03 / DOC-02-R01 cloned encounter
C0017016,CLN-06-R03 / DOC-02-R01 cloned encounter
C0017017,CLN-06-R03 / DOC-02-R01 cloned encounter
C0017018,CLN-06-R03 / DOC-02-R01 cloned encounter
C0017019,CLN-06-R03 / DOC-02-R01 cloned encounter
C0017020,CLN-06-R03 / DOC-02-R01 cloned encounter
C0017021,CLN-06-R03 / DOC-02-R01 cloned encounter
C0017022,CLN-06-R03 / DOC-02-R01 cloned encounter
C0017023,CLN-06-R03 / DOC-02-R01 cloned encounter
C0017024,CLN-06-R03 / DOC-02-R01 cloned encounter
C0017025,CLN-06-R03 / DOC-02-R01 cloned encounter
C0017026,CLN-06-R03 / DOC-02-R01 cloned encounter
C0017027,CLN-06-R03 / DOC-02-R01 cloned encounter
C0017028,CLN-06-R03 / DOC-02-R01 cloned encounter
C0017029,CLN-06-R03 / DOC-02-R01 cloned encounter
C0017030,CLN-06-R03 / DOC-02-R01 cloned encounter
C0017031,CLN-06-R03 / DOC-02-R01 cloned encounter
C0017032,CLN-06-R03 / DOC-02-R01 cloned encounter
C0017033,CLN-06-R03 / DOC-02-R01 cloned encounter
C0017034,CLN-06-R03 / DOC-02-R01 cloned encounter
C0017035,CLN-06-R03 / DOC-02-R01 cloned encounter
C0017036,CLN-06-R03 / DOC-02-R01 cloned encounter
C0017037,CLN-06-R03 / DOC-02-R01 cloned encounter
C0017038,CLN-06-R03 / DOC-02-R01 cloned encounter
C0017039,CLN-06-R03 / DOC-02-R01 cloned encounter
C0017040,CLN-06-R03 / DOC-02-R01 cloned encounter
C0017041,CLN-06-R03 / DOC-02-R01 cloned encounter
C0017042,CLN-06-R03 / DOC-02-R01 cloned encounter
C0017043,CLN-06-R03 / DOC-02-R01 cloned encounter
C0017044,CLN-06-R03 / DOC-02-R01 cloned encounter
C0017045,CLN-06-R03 / DOC-02-R01 cloned encounter
C0017046,CLN-06-R03 / DOC-02-R01 cloned encounter
C0017047,CLN-06-R03 / DOC-02-R01 cloned encounter
C0017048,CLN-06-R03 / DOC-02-R01 cloned encounter
C0017049,CLN-06-R03 / DOC-02-R01 cloned encounter
C0017050,CLN-06-R03 / DOC-02-R01 cloned encounter
C0017051,CLN-06-R03 / DOC-02-R01 cloned encounter
C0017052,CLN-06-R03 / DOC-02-R01 cloned encounter
C0017053,CLN-06-R03 / DOC-02-R01 cloned encounter
C0017054,CLN-06-R03 / DOC-02-R01 cloned encounter
C0017055,CLN-06-R03 / DOC-02-R01 cloned encounter
C0017056,CLN-06-R03 / DOC-02-R01 cloned encounter
C0017057,CLN-06-R03 / DOC-02-R01 cloned encounter
C0017058,CLN-06-R03 / DOC-02-R01 cloned encounter
C0017059,CLN-06-R03 / DOC-02-R01 cloned encounter
C0017060,CLN-06-R03 / DOC-02-R01 cloned encounter
C0017061,CLN-06-R03 / DOC-02-R01 cloned encounter
C0017062,CLN-06-R03 / DOC-02-R01 cloned encounter
C0017063,CLN-06-R03 / DOC-02-R01 cloned encounter
C0017064,CLN-06-R03 / DOC-02-R01 cloned encounter
C0017065,CLN-06-R03 / DOC-02-R01 cloned encounter
C0017066,CLN-06-R03 / DOC-02-R01 cloned encounter
C0017067,CLN-06-R03 / DOC-02-R01 cloned encounter
C0017068,CLN-06-R03 / DOC-02-R01 cloned encounter
C0017069,CLN-06-R03 / DOC-02-R01 cloned encounter
C0017070,CLN-06-R03 / DOC-02-R01 cloned encounter
C0017071,CLN-06-R03 / DOC-02-R01 cloned encounter
C0017072,CLN-06-R03 / DOC-02-R01 cloned encounter
C0017073,CLN-06-R03 / DOC-02-R01 cloned encounter
C0017074,CLN-06-R03 / DOC-02-R01 cloned encounter
C0017075,CLN-06-R03 / DOC-02-R01 cloned encounter
C0017076,CLN-06-R03 / DOC-02-R01 cloned encounter
C0017077,CLN-06-R03 / DOC-02-R01 cloned encounter
C0017078,CLN-06-R03 / DOC-02-R01 cloned encounter
C0017079,CLN-06-R03 / DOC-02-R01 cloned encounter
C0017080,CLN-06-R03 / DOC-02-R01 cloned encounter
C0017081,CLN-06-R03 / DOC-02-R01 cloned encounter
C0017082,CLN-06-R03 / DOC-02-R01 cloned encounter
C0017083,CLN-06-R03 / DOC-02-R01 cloned encounter
C0017084,CLN-06-R03 / DOC-02-R01 cloned encounter
C0017085,CLN-06-R03 / DOC-02-R01 cloned encounter
C0017086,CLN-06-R03 / DOC-02-R01 cloned encounter
C0017087,CLN-06-R03 / DOC-02-R01 cloned encounter
C0017088,CLN-06-R03 / DOC-02-R01 cloned encounter
C0017089,CLN-06-R03 / DOC-02-R01 cloned encounter
C0017090,CLN-06-R03 / DOC-02-R01 cloned encounter
C0017091,CLN-06-R03 / DOC-02-R01 cloned encounter
C0017092,CLN-06-R03 / DOC-02-R01 cloned encounter
C0017093,CLN-06-R03 / DOC-02-R01 cloned encounter
C0017094,CLN-06-R03 / DOC-02-R01 cloned encounter
C0017095,CLN-06-R03 / DOC-02-R01 cloned encounter
C0017096,CLN-06-R03 / DOC-02-R01 cloned encounter
C0017097,CLN-06-R03 / DOC-02-R01 cloned encounter
C0017098,CLN-06-R03 / DOC-02-R01 cloned encounter
C0017099,CLN-06-R03 / DOC-02-R01 cloned encounter
C0017100,CLN-06-R03 / DOC-02-R01 cloned encounter
C0017101,CLN-06-R03 / DOC-02-R01 cloned encounter
C0017102,CLN-06-R03 / DOC-02-R01 cloned encounter
C0017103,CLN-06-R03 / DOC-02-R01 cloned encounter
C0017104,CLN-06-R03 / DOC-02-R01 cloned encounter
C0017105,CLN-06-R03 / DOC-02-R01 cloned encounter
C0017106,CLN-06-R03 / DOC-02-R01 cloned encounter
C0017107,CLN-06-R03 / DOC-02-R01 cloned encounter
C0017108,CLN-06-R03 / DOC-02-R01 cloned encounter
C0017109,CLN-06-R03 / DOC-02-R01 cloned encounter
C0017110,CLN-06-R03 / DOC-02-R01 cloned encounter
C0017111,CLN-06-R03 / DOC-02-R01 cloned encounter
C0017112,CLN-06-R03 / DOC-02-R01 cloned encounter
C0017113,CLN-06-R03 / DOC-02-R01 cloned encounter
C0017114,CLN-06-R03 / DOC-02-R01 cloned encounter
C0017115,CLN-06-R03 / DOC-02-R01 cloned encounter
C0017116,CLN-06-R03 / DOC-02-R01 cloned encounter
C0017117,CLN-06-R03 / DOC-02-R01 cloned encounter
C0017118,CLN-06-R03 / DOC-02-R01 cloned encounter
C0017119,CLN-06-R03 / DOC-02-R01 cloned encounter
C0017120,CLN-06-R03 / DOC-02-R01 cloned encounter
C0017121,CLN-06-R03 / DOC-02-R01 cloned encounter
C0017122,CLN-06-R03 / DOC-02-R01 cloned encounter
C0017123,CLN-06-R03 / DOC-02-R01 cloned encounter
C0017124,CLN-06-R03 / DOC-02-R01 cloned encounter
C0017125,CLN-06-R03 / DOC-02-R01 cloned encounter
C0017126,CLN-06-R03 / DOC-02-R01 cloned encounter
C0017127,CLN-06-R03 / DOC-02-R01 cloned encounter
C0017128,CLN-06-R03 / DOC-02-R01 cloned encounter
C0017129,CLN-06-R03 / DOC-02-R01 cloned encounter
C0017130,CLN-06-R03 / DOC-02-R01 cloned encounter
C0017131,CLN-06-R03 / DOC-02-R01 cloned encounter
C0017132,CLN-06-R03 / DOC-02-R01 cloned encounter
C0017133,ANL-01-R02 / CLN-07-R04 step change
C0017134,base
C0017135,base
C0017136,base
C0017137,base
C0017138,base
C0017139,base
C0017140,base
C0017141,CLN-07-R02 capacity breach
C0017142,CLN-07-R02 capacity breach
C0017143,CLN-07-R02 capacity breach
C0017144,CLN-07-R02 capacity breach
C0017145,CLN-07-R02 capacity breach
C0017146,CLN-07-R02 capacity breach
C0017147,CLN-07-R02 capacity breach
C0017148,CLN-07-R02 capacity breach
C0017149,CLN-07-R02 capacity breach
C0017150,CLN-07-R02 capacity breach
C0017151,CLN-07-R02 capacity breach
C0017152,base
C0017153,base
C0017154,base
C0017155,base
C0017156,base
C0017157,base
C0017158,base
C0017159,base
C0017160,PAY-06-R02 amount arithmetic
C0017161,CLN-07-R02 capacity breach
C0017162,CLN-07-R02 capacity breach
C0017163,CLN-07-R02 capacity breach
C0017164,CLN-07-R02 capacity breach
C0017165,CLN-07-R02 capacity breach
C0017166,CLN-07-R02 capacity breach
C0017167,base
C0017168,base
C0017169,base
C0017170,base
C0017171,base
C0017172,base
C0017173,base
C0017174,base
C0017175,base
C0017176,base
C0017177,base
C0017178,CLN-07-R02 capacity breach
C0017179,CLN-07-R02 capacity breach
C0017180,CLN-07-R02 capacity breach
C0017181,CLN-07-R02 capacity breach
C0017182,CLN-07-R02 capacity breach
C0017183,ANL-01-R02 / CLN-07-R04 step change
C0017184,ring
C0017185,ring
C0017186,ring
C0017187,ring
C0017188,base
C0017189,base
C0017190,base
C0017191,base
C0017192,base
C0017193,base
C0017194,base
C0017195,base
C0017196,base
C0017197,base
C0017198,base
C0017199,base
C0017200,base
C0017201,CLN-07-R02 capacity breach
C0017202,CLN-07-R02 capacity breach
C0017203,CLN-07-R02 capacity breach
C0017204,base
C0017205,base
C0017206,base
C0017207,base
C0017208,base
C0017209,base
C0017210,base
C0017211,PAY-01-R03 / CLN-05-R03 episode repeat
C0017212,CLN-07-R02 capacity breach
C0017213,CLN-07-R02 capacity breach
C0017214,CLN-07-R02 capacity breach
C0017215,CLN-07-R02 capacity breach
C0017216,ANL-01-R02 / CLN-07-R04 step change
C0017217,base
C0017218,base
C0017219,base
C0017220,base
C0017221,base
C0017222,base
C0017223,base
C0017224,base
C0017225,base
C0017226,base
C0017227,base
C0017228,base
C0017229,base
C0017230,base
C0017231,CLN-07-R02 capacity breach
C0017232,CLN-07-R02 capacity breach
C0017233,CLN-07-R02 capacity breach
C0017234,CLN-07-R02 capacity breach
C0017235,CLN-07-R02 capacity breach
C0017236,CLN-07-R02 capacity breach
C0017237,base
C0017238,base
C0017239,base
C0017240,base
C0017241,base
C0017242,CLN-07-R02 capacity breach
C0017243,CLN-07-R02 capacity breach
C0017244,CLN-07-R02 capacity breach
C0017245,CLN-07-R02 capacity breach
C0017246,CLN-07-R02 capacity breach
C0017247,ANL-01-R02 / CLN-07-R04 step change
C0017248,base
C0017249,base
C0017250,base
C0017251,base
C0017252,base
C0017253,base
C0017254,base
C0017255,base
C0017256,base
C0017257,CLN-07-R02 capacity breach
C0017258,CLN-07-R02 capacity breach
C0017259,CLN-07-R02 capacity breach
C0017260,CLN-07-R02 capacity breach
C0017261,CLN-07-R02 capacity breach
C0017262,CLN-07-R02 capacity breach
C0017263,ANL-01-R02 / CLN-07-R04 step change
C0017264,ANL-01-R02 / CLN-07-R04 step change
C0017265,base
C0017266,base
C0017267,base
C0017268,base
C0017269,base
C0017270,base
C0017271,base
C0017272,base
C0017273,base
C0017274,CLN-07-R02 capacity breach
C0017275,CLN-07-R02 capacity breach
C0017276,CLN-07-R02 capacity breach
C0017277,CLN-07-R02 capacity breach
C0017278,CLN-07-R02 capacity breach
C0017279,CLN-07-R02 capacity breach
C0017280,ANL-01-R02 / CLN-07-R04 step change
C0017281,base
C0017282,base
C0017283,base
C0017284,base
C0017285,base
C0017286,base
C0017287,base
C0017288,CLN-07-R02 capacity breach
C0017289,CLN-07-R02 capacity breach
C0017290,CLN-07-R02 capacity breach
C0017291,CLN-07-R02 capacity breach
C0017292,CLN-07-R02 capacity breach
C0017293,CLN-07-R02 capacity breach
C0017294,ANL-01-R02 / CLN-07-R04 step change
C0017295,ANL-01-R02 / CLN-07-R04 step change
C0017296,base
C0017297,base
C0017298,base
C0017299,base
C0017300,base
C0017301,base
C0017302,base
C0017303,base
C0017304,base
C0017305,CLN-07-R02 capacity breach
C0017306,CLN-07-R02 capacity breach
C0017307,CLN-07-R02 capacity breach
C0017308,CLN-07-R02 capacity breach
C0017309,base
C0017310,base
C0017311,base
C0017312,base
C0017313,base
C0017314,base
C0017315,base
C0017316,base
C0017317,base
C0017318,ANL-01-R02 / CLN-07-R04 step change
C0017319,base
C0017320,base
C0017321,base
C0017322,base
C0017323,ANL-01-R02 / CLN-07-R04 step change
C0017324,base
C0017325,base
C0017326,base
C0017327,ring
C0017328,ring
C0017329,base
C0017330,base
C0017331,base
C0017332,base
C0017333,base
C0017334,base
C0017335,base
C0017336,base
C0017337,base
C0017338,base
C0017339,base
C0017340,base
C0017341,base
C0017342,base
C0017343,base
C0017344,base
C0017345,base
C0017346,base
C0017347,base
C0017348,base
C0017349,base
C0017350,base
C0017351,base
C0017352,base
C0017353,base
C0017354,base
C0017355,base
C0017356,base
C0017357,base
C0017358,base
C0017359,base
C0017360,base
C0017361,base
C0017362,base
C0017363,base
C0017364,base
C0017365,base
C0017366,base
C0017367,base
C0017368,base
C0017369,base
C0017370,base
C0017371,base
C0017372,base
C0017373,base
C0017374,base
C0017375,base
C0017376,base
C0017377,ring
C0017378,ring
C0017379,ring
C0017380,base
C0017381,base
C0017382,base
C0017383,base
C0017384,base
C0017385,base
C0017386,base
C0017387,base
C0017388,base
C0017389,ANL-01-R02 / CLN-07-R04 step change
C0017390,base
C0017391,base
C0017392,base
C0017393,base
C0017394,base
C0017395,base
C0017396,base
C0017397,base
C0017398,base
C0017399,base
C0017400,ANL-01-R02 / CLN-07-R04 step change
C0017401,base
C0017402,base
C0017403,base
C0017404,base
C0017405,base
C0017406,base
C0017407,base
C0017408,base
C0017409,base
C0017410,base
C0017411,base
C0017412,base
C0017413,base
C0017414,base
C0017415,base
C0017416,base
C0017417,base
C0017418,base
C0017419,base
C0017420,base
C0017421,base
C0017422,base
C0017423,base
C0017424,base
C0017425,base
C0017426,base
C0017427,base
C0017428,base
C0017429,base
C0017430,base
C0017431,base
C0017432,base
C0017433,base
C0017434,ANL-01-R02 / CLN-07-R04 step change
C0017435,base
C0017436,base
C0017437,base
C0017438,base
C0017439,base
C0017440,base
C0017441,ANL-01-R02 / CLN-07-R04 step change
C0017442,base
C0017443,base
C0017444,base
C0017445,base
C0017446,base
C0017447,base
C0017448,base
C0017449,base
C0017450,base
C0017451,base
C0017452,base
C0017453,base
C0017454,base
C0017455,base
C0017456,base
C0017457,base
C0017458,base
C0017459,ANL-01-R02 / CLN-07-R04 step change
C0017460,base
C0017461,base
C0017462,base
C0017463,base
C0017464,base
C0017465,base
C0017466,base
C0017467,ANL-01-R02 / CLN-07-R04 step change
C0017468,ANL-01-R02 / CLN-07-R04 step change
C0017469,base
C0017470,base
C0017471,base
C0017472,base
C0017473,base
C0017474,base
C0017475,base
C0017476,base
C0017477,base
C0017478,base
C0017479,ring
C0017480,ring
C0017481,ring
C0017482,base
C0017483,base
C0017484,base
C0017485,base
C0017486,base
C0017487,base
C0017488,base
C0017489,base
C0017490,base
C0017491,ANL-01-R02 / CLN-07-R04 step change
C0017492,base
C0017493,base
C0017494,base
C0017495,base
C0017496,base
C0017497,base
C0017498,base
C0017499,base
C0017500,base
C0017501,base
C0017502,base
C0017503,base
C0017504,base
C0017505,base
C0017506,base
C0017507,base
C0017508,ring
C0017509,ring
C0017510,ring
C0017511,base
C0017512,base
C0017513,base
C0017514,ANL-01-R02 / CLN-07-R04 step change
C0017515,base
C0017516,base
C0017517,base
C0017518,base
C0017519,base
C0017520,base
C0017521,base
C0017522,base
C0017523,base
C0017524,base
C0017525,base
C0017526,base
C0017527,base
C0017528,base
C0017529,ring
C0017530,ring
C0017531,base
C0017532,base
C0017533,base
C0017534,base
C0017535,base
C0017536,base
C0017537,base
C0017538,base
C0017539,base
C0017540,base
C0017541,base
C0017542,base
C0017543,base
C0017544,base
C0017545,base
C0017546,base
C0017547,base
C0017548,base
C0017549,base
C0017550,base
C0017551,base
C0017552,base
C0017553,base
C0017554,base
C0017555,base
C0017556,base
C0017557,base
C0017558,base
C0017559,base
C0017560,base
C0017561,base
C0017562,base
C0017563,base
C0017564,base
C0017565,base
C0017566,base
C0017567,base
C0017568,base
C0017569,base
C0017570,base
C0017571,base
C0017572,base
C0017573,base
C0017574,ring
C0017575,ring
C0017576,ring
C0017577,ring
C0017578,ring
C0017579,ring
C0017580,ANL-01-R02 / CLN-07-R04 step change
C0017581,base
C0017582,ANL-01-R02 / CLN-07-R04 step change
C0017583,ANL-01-R02 / CLN-07-R04 step change
C0017584,base
C0017585,base
C0017586,base
C0017587,base
C0017588,base
C0017589,base
C0017590,base
C0017591,base
C0017592,base
C0017593,base
C0017594,base
C0017595,base
C0017596,base
C0017597,base
C0017598,base
C0017599,base
C0017600,base
C0017601,base
C0017602,base
C0017603,base
C0017604,base
C0017605,base
C0017606,base
C0017607,base
C0017608,base
C0017609,base
C0017610,ANL-01-R02 / CLN-07-R04 step change
C0017611,base
C0017612,base
C0017613,base
C0017614,base
C0017615,base
C0017616,base
C0017617,base
C0017618,base
C0017619,base
C0017620,base
C0017621,ANL-01-R02 / CLN-07-R04 step change
C0017622,ANL-01-R02 / CLN-07-R04 step change
C0017623,base
C0017624,base
C0017625,base
C0017626,base
C0017627,base
C0017628,base
C0017629,base
C0017630,ANL-01-R02 / CLN-07-R04 step change
C0017631,base
C0017632,base
C0017633,base
C0017634,base
C0017635,base
C0017636,base
C0017637,base
C0017638,base
C0017639,base
C0017640,base
C0017641,base
C0017642,base
C0017643,base
C0017644,base
C0017645,base
C0017646,base
C0017647,base
C0017648,base
C0017649,base
C0017650,base
C0017651,base
C0017652,base
C0017653,base
C0017654,ANL-01-R02 / CLN-07-R04 step change
C0017655,ANL-01-R02 / CLN-07-R04 step change
C0017656,base
C0017657,base
C0017658,base
C0017659,base
C0017660,base
C0017661,base
C0017662,base
C0017663,base
C0017664,base
C0017665,base
C0017666,ANL-01-R02 / CLN-07-R04 step change
C0017667,base
C0017668,base
C0017669,base
C0017670,base
C0017671,base
C0017672,base
C0017673,base
C0017674,base
C0017675,base
C0017676,base
C0017677,base
C0017678,base
C0017679,base
C0017680,base
C0017681,base
C0017682,base
C0017683,base
C0017684,base
C0017685,base
C0017686,base
C0017687,base
C0017688,PAY-01-R03 / CLN-05-R03 episode repeat
C0017689,base
C0017690,base
C0017691,base
C0017692,base
C0017693,base
C0017694,base
C0017695,base
C0017696,base
C0017697,base
C0017698,base
C0017699,base
C0017700,base
C0017701,base
C0017702,base
C0017703,base
C0017704,base
C0017705,base
C0017706,base
C0017707,base
C0017708,base
C0017709,base
C0017710,base
C0017711,ANL-01-R02 / CLN-07-R04 step change
C0017712,base
C0017713,base
C0017714,base
C0017715,base
C0017716,base
C0017717,base
C0017718,base
C0017719,base
C0017720,base
C0017721,base
C0017722,base
C0017723,base
C0017724,base
C0017725,base
C0017726,base
C0017727,base
C0017728,base
C0017729,base
C0017730,base
C0017731,base
C0017732,base
C0017733,base
C0017734,base
C0017735,base
C0017736,base
C0017737,base
C0017738,base
C0017739,base
C0017740,base
C0017741,base
C0017742,base
C0017743,base
C0017744,base
C0017745,base
C0017746,base
C0017747,base
C0017748,base
C0017749,base
C0017750,base
C0017751,base
C0017752,base
C0017753,base
C0017754,base
C0017755,base
C0017756,base
C0017757,base
C0017758,base
C0017759,base
C0017760,base
C0017761,base
C0017762,base
C0017763,base
C0017764,base
C0017765,base
C0017766,base
C0017767,base
C0017768,base
C0017769,base
C0017770,base
C0017771,base
C0017772,base
C0017773,base
C0017774,base
C0017775,base
C0017776,base
C0017777,base
C0017778,base
C0017779,base
C0017780,base
C0017781,base
C0017782,base
C0017783,base
C0017784,base
C0017785,base
C0017786,base
C0017787,base
C0017788,base
C0017789,base
C0017790,base
C0017791,base
C0017792,base
C0017793,base
C0017794,base
C0017795,base
C0017796,base
C0017797,base
C0017798,base
C0017799,base
C0017800,base
C0017801,base
C0017802,base
C0017803,base
C0017804,ANL-01-R02 / CLN-07-R04 step change
C0017805,ANL-01-R02 / CLN-07-R04 step change
C0017806,base
C0017807,base
C0017808,base
C0017809,base
C0017810,base
C0017811,base
C0017812,base
C0017813,base
C0017814,base
C0017815,base
C0017816,base
C0017817,base
C0017818,base
C0017819,base
C0017820,base
C0017821,base
C0017822,base
C0017823,ANL-01-R02 / CLN-07-R04 step change
C0017824,base
C0017825,base
C0017826,base
C0017827,base
C0017828,base
C0017829,base
C0017830,base
C0017831,base
C0017832,base
C0017833,base
C0017834,base
C0017835,base
C0017836,base
C0017837,base
C0017838,base
C0017839,base
C0017840,base
C0017841,ANL-01-R02 / CLN-07-R04 step change
C0017842,base
C0017843,base
C0017844,base
C0017845,base
C0017846,base
C0017847,base
C0017848,base
C0017849,base
C0017850,base
C0017851,base
C0017852,base
C0017853,CLN-05-R01 length-of-stay outlier
C0017854,base
C0017855,base
C0017856,base
C0017857,base
C0017858,base
C0017859,base
C0017860,base
C0017861,base
C0017862,base
C0017863,base
C0017864,base
C0017865,base
C0017866,ANL-01-R02 / CLN-07-R04 step change
C0017867,ANL-01-R02 / CLN-07-R04 step change
C0017868,base
C0017869,base
C0017870,base
C0017871,base
C0017872,base
C0017873,base
C0017874,base
C0017875,base
C0017876,base
C0017877,base
C0017878,base
C0017879,base
C0017880,base
C0017881,base
C0017882,base
C0017883,base
C0017884,base
C0017885,base
C0017886,base
C0017887,base
C0017888,base
C0017889,ANL-01-R02 / CLN-07-R04 step change
C0017890,ring
C0017891,ring
C0017892,base
C0017893,base
C0017894,base
C0017895,base
C0017896,base
C0017897,base
C0017898,base
C0017899,base
C0017900,base
C0017901,base
C0017902,PAY-01-R03 / CLN-05-R03 episode repeat
C0017903,ANL-01-R02 / CLN-07-R04 step change
C0017904,base
C0017905,base
C0017906,base
C0017907,base
C0017908,base
C0017909,base
C0017910,base
C0017911,base
C0017912,base
C0017913,base
C0017914,base
C0017915,base
C0017916,base
C0017917,base
C0017918,base
C0017919,CLN-05-R01 length-of-stay outlier
C0017920,ANL-01-R02 / CLN-07-R04 step change
C0017921,base
C0017922,base
C0017923,base
C0017924,ANL-01-R02 / CLN-07-R04 step change
C0017925,base
C0017926,base
C0017927,base
C0017928,base
C0017929,base
C0017930,base
C0017931,base
C0017932,base
C0017933,base
C0017934,base
C0017935,base
C0017936,base
C0017937,base
C0017938,base
C0017939,base
C0017940,base
C0017941,base
C0017942,base
C0017943,base
C0017944,base
C0017945,base
C0017946,base
C0017947,base
C0017948,ANL-01-R02 / CLN-07-R04 step change
C0017949,base
C0017950,base
C0017951,base
C0017952,base
C0017953,base
C0017954,base
C0017955,base
C0017956,base
C0017957,base
C0017958,base
C0017959,base
C0017960,base
C0017961,base
C0017962,base
C0017963,base
C0017964,ANL-01-R02 / CLN-07-R04 step change
C0017965,ANL-01-R02 / CLN-07-R04 step change
C0017966,base
C0017967,base
C0017968,base
C0017969,base
C0017970,base
C0017971,base
C0017972,base
C0017973,base
C0017974,base
C0017975,ANL-01-R02 / CLN-07-R04 step change
C0017976,base
C0017977,base
C0017978,base
C0017979,base
C0017980,base
C0017981,base
C0017982,base
C0017983,base
C0017984,base
C0017985,ANL-01-R02 / CLN-07-R04 step change
C0017986,base
C0017987,base
C0017988,base
C0017989,base
C0017990,base
C0017991,base
C0017992,base
C0017993,base
C0017994,base
C0017995,base
C0017996,base
C0017997,base
C0017998,base
C0017999,base
C0018000,base
C0018001,base
C0018002,base
C0018003,base
C0018004,base
C0018005,base
C0018006,base
C0018007,base
C0018008,base
C0018009,base
C0018010,base
C0018011,base
C0018012,base
C0018013,base
C0018014,base
C0018015,base
C0018016,base
C0018017,base
C0018018,base
C0018019,base
C0018020,base
C0018021,base
C0018022,base
C0018023,base
C0018024,PAY-01-R02 near duplicate
C0018025,base
C0018026,base
C0018027,base
C0018028,base
C0018029,base
C0018030,base
C0018031,base
C0018032,base
C0018033,base
C0018034,base
C0018035,ANL-01-R02 / CLN-07-R04 step change
C0018036,ANL-01-R02 / CLN-07-R04 step change
C0018037,base
C0018038,base
C0018039,base
C0018040,base
C0018041,base
C0018042,base
C0018043,base
C0018044,base
C0018045,base
C0018046,base
C0018047,base
C0018048,base
C0018049,base
C0018050,base
C0018051,base
C0018052,base
C0018053,ANL-01-R02 / CLN-07-R04 step change
C0018054,base
C0018055,base
C0018056,base
C0018057,base
C0018058,base
C0018059,base
C0018060,PAY-01-R02 near duplicate
C0018061,base
C0018062,base
C0018063,base
C0018064,base
C0018065,base
C0018066,base
C0018067,base
C0018068,base
C0018069,base
C0018070,base
C0018071,base
C0018072,base
C0018073,base
C0018074,base
C0018075,base
C0018076,ANL-01-R02 / CLN-07-R04 step change
C0018077,ANL-01-R02 / CLN-07-R04 step change
C0018078,base
C0018079,base
C0018080,base
C0018081,base
C0018082,base
C0018083,base
C0018084,base
C0018085,base
C0018086,base
C0018087,PAY-01-R03 / CLN-05-R03 episode repeat
C0018088,base
C0018089,base
C0018090,base
C0018091,base
C0018092,base
C0018093,base
C0018094,base
C0018095,base
C0018096,base
C0018097,base
C0018098,base
C0018099,base
C0018100,base
C0018101,ANL-01-R02 / CLN-07-R04 step change
C0018102,base
C0018103,base
C0018104,base
C0018105,base
C0018106,base
C0018107,base
C0018108,base
C0018109,base
C0018110,base
C0018111,base
C0018112,base
C0018113,base
C0018114,base
C0018115,base
C0018116,base
C0018117,base
C0018118,base
C0018119,base
C0018120,base
C0018121,base
C0018122,base
C0018123,base
C0018124,base
C0018125,base
C0018126,base
C0018127,base
C0018128,ANL-01-R02 / CLN-07-R04 step change
C0018129,base
C0018130,ring
C0018131,ring
C0018132,base
C0018133,base
C0018134,base
C0018135,ANL-01-R02 / CLN-07-R04 step change
C0018136,base
C0018137,base
C0018138,base
C0018139,ring
C0018140,ring
C0018141,ANL-01-R02 / CLN-07-R04 step change
C0018142,base
C0018143,base
C0018144,base
C0018145,base
C0018146,base
C0018147,base
C0018148,ANL-01-R02 / CLN-07-R04 step change
C0018149,base
C0018150,base
C0018151,base
C0018152,base
C0018153,base
C0018154,ANL-01-R02 / CLN-07-R04 step change
C0018155,base
C0018156,base
C0018157,base
C0018158,base
C0018159,base
C0018160,base
C0018161,base
C0018162,base
C0018163,base
C0018164,base
C0018165,base
C0018166,base
C0018167,base
C0018168,base
C0018169,base
C0018170,base
C0018171,base
C0018172,base
C0018173,base
C0018174,base
C0018175,base
C0018176,base
C0018177,PAY-01-R01 exact duplicate
C0018178,PAY-01-R01 exact duplicate
C0018179,ANL-01-R02 / CLN-07-R04 step change
C0018180,ANL-01-R02 / CLN-07-R04 step change
C0018181,base
C0018182,base
C0018183,base
C0018184,base
C0018185,base
C0018186,base
C0018187,base
C0018188,CLN-05-R01 length-of-stay outlier
C0018189,ANL-01-R02 / CLN-07-R04 step change
C0018190,ANL-01-R02 / CLN-07-R04 step change
C0018191,base
C0018192,base
C0018193,base
C0018194,base
C0018195,base
C0018196,base
C0018197,base
C0018198,base
C0018199,base
C0018200,base
C0018201,base
C0018202,ANL-01-R02 / CLN-07-R04 step change
C0018203,base
C0018204,base
C0018205,base
C0018206,base
C0018207,base
C0018208,base
C0018209,base
C0018210,base
C0018211,base
C0018212,base
C0018213,base
C0018214,base
C0018215,base
C0018216,base
C0018217,base
C0018218,base
C0018219,base
C0018220,base
C0018221,ANL-01-R02 / CLN-07-R04 step change
C0018222,ANL-01-R02 / CLN-07-R04 step change
C0018223,base
C0018224,base
C0018225,base
C0018226,base
C0018227,base
C0018228,base
C0018229,base
C0018230,base
C0018231,base
C0018232,base
C0018233,base
C0018234,base
C0018235,base
C0018236,ANL-01-R02 / CLN-07-R04 step change
C0018237,base
C0018238,base
C0018239,base
C0018240,base
C0018241,base
C0018242,base
C0018243,base
C0018244,PAY-01-R03 / CLN-05-R03 episode repeat
C0018245,ANL-01-R02 / CLN-07-R04 step change
C0018246,base
C0018247,base
C0018248,base
C0018249,base
C0018250,base
C0018251,base
C0018252,base
C0018253,base
C0018254,base
C0018255,base
C0018256,base
C0018257,base
C0018258,base
C0018259,base
C0018260,ring
C0018261,ring
C0018262,ring
C0018263,base
C0018264,base
C0018265,base
C0018266,base
C0018267,base
C0018268,base
C0018269,base
C0018270,base
C0018271,base
C0018272,base
C0018273,base
C0018274,base
C0018275,base
C0018276,base
C0018277,base
C0018278,base
C0018279,base
C0018280,base
C0018281,base
C0018282,base
C0018283,base
C0018284,base
C0018285,base
C0018286,base
C0018287,base
C0018288,base
C0018289,base
C0018290,base
C0018291,base
C0018292,base
C0018293,ANL-01-R02 / CLN-07-R04 step change
C0018294,ring
C0018295,ring
C0018296,base
C0018297,base
C0018298,base
C0018299,base
C0018300,ANL-01-R02 / CLN-07-R04 step change
C0018301,ANL-01-R02 / CLN-07-R04 step change
C0018302,base
C0018303,base
C0018304,base
C0018305,base
C0018306,base
C0018307,base
C0018308,PAY-01-R03 / CLN-05-R03 episode repeat
C0018309,ANL-01-R02 / CLN-07-R04 step change
C0018310,base
C0018311,base
C0018312,base
C0018313,base
C0018314,base
C0018315,base
C0018316,base
C0018317,base
C0018318,base
C0018319,base
C0018320,base
C0018321,base
C0018322,base
C0018323,base
C0018324,base
C0018325,base
C0018326,base
C0018327,base
C0018328,base
C0018329,base
C0018330,base
C0018331,base
C0018332,base
C0018333,base
C0018334,base
C0018335,base
C0018336,base
C0018337,ring
C0018338,ring
C0018339,base
C0018340,base
C0018341,base
C0018342,base
C0018343,base
C0018344,base
C0018345,base
C0018346,base
C0018347,base
C0018348,PAY-01-R03 / CLN-05-R03 episode repeat
C0018349,ANL-01-R02 / CLN-07-R04 step change
C0018350,base
C0018351,base
C0018352,base
C0018353,base
C0018354,base
C0018355,base
C0018356,base
C0018357,base
C0018358,base
C0018359,base
C0018360,base
C0018361,base
C0018362,base
C0018363,base
C0018364,base
C0018365,base
C0018366,base
C0018367,base
C0018368,base
C0018369,base
C0018370,base
C0018371,base
C0018372,base
C0018373,base
C0018374,base
C0018375,base
C0018376,ring
C0018377,ring
C0018378,ring
C0018379,base
C0018380,base
C0018381,base
C0018382,base
C0018383,base
C0018384,base
C0018385,ANL-01-R02 / CLN-07-R04 step change
C0018386,base
C0018387,base
C0018388,base
C0018389,base
C0018390,base
C0018391,base
C0018392,base
C0018393,base
C0018394,base
C0018395,base
C0018396,base
C0018397,base
C0018398,base
C0018399,base
C0018400,base
C0018401,base
C0018402,base
C0018403,base
C0018404,base
C0018405,base
C0018406,base
C0018407,base
C0018408,base
C0018409,base
C0018410,base
C0018411,base
C0018412,base
C0018413,base
C0018414,base
C0018415,base
C0018416,base
C0018417,base
C0018418,base
C0018419,base
C0018420,base
C0018421,base
C0018422,base
C0018423,base
C0018424,base
C0018425,base
C0018426,base
C0018427,base
C0018428,PAY-01-R03 / CLN-05-R03 episode repeat
C0018429,base
C0018430,base
C0018431,base
C0018432,base
C0018433,base
C0018434,base
C0018435,base
C0018436,base
C0018437,base
C0018438,base
C0018439,base
C0018440,base
C0018441,base
C0018442,ANL-01-R02 / CLN-07-R04 step change
C0018443,base
C0018444,base
C0018445,base
C0018446,base
C0018447,base
C0018448,base
C0018449,base
C0018450,base
C0018451,ANL-01-R02 / CLN-07-R04 step change
C0018452,base
C0018453,base
C0018454,ring
C0018455,ring
C0018456,ring
C0018457,ring
C0018458,base
C0018459,base
C0018460,base
C0018461,base
C0018462,base
C0018463,base
C0018464,base
C0018465,base
C0018466,base
C0018467,base
C0018468,base
C0018469,base
C0018470,base
C0018471,base
C0018472,base
C0018473,base
C0018474,base
C0018475,ring
C0018476,ring
C0018477,ring
C0018478,ring
C0018479,base
C0018480,base
C0018481,base
C0018482,base
C0018483,base
C0018484,base
C0018485,base
C0018486,base
C0018487,base
C0018488,base
C0018489,ANL-01-R02 / CLN-07-R04 step change
C0018490,ring
C0018491,base
C0018492,base
C0018493,base
C0018494,base
C0018495,base
C0018496,base
C0018497,ANL-01-R02 / CLN-07-R04 step change
C0018498,base
C0018499,base
C0018500,base
C0018501,base
C0018502,base
C0018503,base
C0018504,base
C0018505,base
C0018506,base
C0018507,base
C0018508,base
C0018509,base
C0018510,base
C0018511,base
C0018512,base
C0018513,base
C0018514,base
C0018515,base
C0018516,ANL-01-R02 / CLN-07-R04 step change
C0018517,base
C0018518,base
C0018519,base
C0018520,base
C0018521,base
C0018522,base
C0018523,base
C0018524,base
C0018525,base
C0018526,base
C0018527,base
C0018528,base
C0018529,base
C0018530,base
C0018531,base
C0018532,base
C0018533,base
C0018534,base
C0018535,base
C0018536,base
C0018537,base
C0018538,base
C0018539,base
C0018540,base
C0018541,base
C0018542,base
C0018543,base
C0018544,base
C0018545,base
C0018546,base
C0018547,base
C0018548,base
C0018549,base
C0018550,base
C0018551,base
C0018552,base
C0018553,base
C0018554,base
C0018555,PAY-01-R01 exact duplicate
C0018556,PAY-01-R01 exact duplicate
C0018557,base
C0018558,base
C0018559,base
C0018560,base
C0018561,base
C0018562,base
C0018563,base
C0018564,base
C0018565,base
C0018566,base
C0018567,base
C0018568,base
C0018569,base
C0018570,base
C0018571,base
C0018572,base
C0018573,ANL-01-R02 / CLN-07-R04 step change
C0018574,base
C0018575,base
C0018576,PAY-01-R03 / CLN-05-R03 episode repeat
C0018577,ANL-01-R02 / CLN-07-R04 step change
C0018578,base
C0018579,base
C0018580,base
C0018581,base
C0018582,base
C0018583,base
C0018584,base
C0018585,base
C0018586,base
C0018587,ring
C0018588,ring
C0018589,ring
C0018590,base
C0018591,base
C0018592,base
C0018593,base
C0018594,base
C0018595,base
C0018596,base
C0018597,base
C0018598,base
C0018599,base
C0018600,base
C0018601,base
C0018602,base
C0018603,base
C0018604,base
C0018605,base
C0018606,base
C0018607,base
C0018608,base
C0018609,base
C0018610,base
C0018611,PAY-01-R02 near duplicate
C0018612,base
C0018613,base
C0018614,base
C0018615,base
C0018616,base
C0018617,base
C0018618,base
C0018619,base
C0018620,base
C0018621,base
C0018622,base
C0018623,base
C0018624,base
C0018625,base
C0018626,base
C0018627,base
C0018628,base
C0018629,base
C0018630,base
C0018631,base
C0018632,base
C0018633,base
C0018634,base
C0018635,base
C0018636,base
C0018637,base
C0018638,base
C0018639,base
C0018640,base
C0018641,base
C0018642,base
C0018643,ANL-01-R02 / CLN-07-R04 step change
C0018644,base
C0018645,base
C0018646,base
C0018647,base
C0018648,base
C0018649,base
C0018650,base
C0018651,base
C0018652,base
C0018653,base
C0018654,ring
C0018655,ring
C0018656,base
C0018657,base
C0018658,base
C0018659,base
C0018660,base
C0018661,base
C0018662,base
C0018663,base
C0018664,base
C0018665,base
C0018666,PAY-01-R02 near duplicate
C0018667,base
C0018668,base
C0018669,base
C0018670,base
C0018671,base
C0018672,base
C0018673,base
C0018674,base
C0018675,base
C0018676,base
C0018677,ANL-01-R02 / CLN-07-R04 step change
C0018678,base
C0018679,base
C0018680,base
C0018681,base
C0018682,base
C0018683,base
C0018684,base
C0018685,base
C0018686,base
C0018687,base
C0018688,ANL-01-R02 / CLN-07-R04 step change
C0018689,base
C0018690,base
C0018691,base
C0018692,base
C0018693,base
C0018694,base
C0018695,base
C0018696,base
C0018697,base
C0018698,ANL-01-R02 / CLN-07-R04 step change
C0018699,base
C0018700,base
C0018701,base
C0018702,base
C0018703,base
C0018704,base
C0018705,base
C0018706,ANL-01-R02 / CLN-07-R04 step change
C0018707,base
C0018708,base
C0018709,base
C0018710,base
C0018711,base
C0018712,base
C0018713,base
C0018714,base
C0018715,base
C0018716,base
C0018717,base
C0018718,base
C0018719,base
C0018720,base
C0018721,base
C0018722,base
C0018723,base
C0018724,base
C0018725,base
C0018726,base
C0018727,base
C0018728,base
C0018729,base
C0018730,base
C0018731,base
C0018732,ANL-01-R02 / CLN-07-R04 step change
C0018733,base
C0018734,base
C0018735,base
C0018736,base
C0018737,base
C0018738,base
C0018739,base
C0018740,base
C0018741,base
C0018742,ANL-01-R02 / CLN-07-R04 step change
C0018743,base
C0018744,base
C0018745,base
C0018746,base
C0018747,base
C0018748,base
C0018749,base
C0018750,base
C0018751,base
C0018752,base
C0018753,base
C0018754,base
C0018755,base
C0018756,base
C0018757,base
C0018758,base
C0018759,CLN-05-R01 length-of-stay outlier
C0018760,base
C0018761,base
C0018762,base
C0018763,base
C0018764,base
C0018765,base
C0018766,base
C0018767,base
C0018768,base
C0018769,base
C0018770,base
C0018771,base
C0018772,base
C0018773,base
C0018774,ANL-01-R02 / CLN-07-R04 step change
C0018775,base
C0018776,base
C0018777,base
C0018778,base
C0018779,base
C0018780,base
C0018781,base
C0018782,base
C0018783,base
C0018784,base
C0018785,PAY-01-R01 exact duplicate
C0018786,PAY-01-R01 exact duplicate
C0018787,PAY-01-R02 near duplicate
C0018788,ANL-01-R02 / CLN-07-R04 step change
C0018789,base
C0018790,base
C0018791,base
C0018792,base
C0018793,base
C0018794,base
C0018795,base
C0018796,base
C0018797,base
C0018798,base
C0018799,base
C0018800,PAY-01-R02 near duplicate
C0018801,ANL-01-R02 / CLN-07-R04 step change
C0018802,base
C0018803,base
C0018804,base
C0018805,base
C0018806,base
C0018807,base
C0018808,base
C0018809,base
C0018810,ANL-01-R02 / CLN-07-R04 step change
C0018811,ANL-01-R02 / CLN-07-R04 step change
C0018812,base
C0018813,base
C0018814,base
C0018815,base
C0018816,base
C0018817,base
C0018818,base
C0018819,base
C0018820,base
C0018821,base
C0018822,base
C0018823,base
C0018824,base
C0018825,base
C0018826,base
C0018827,base
C0018828,base
C0018829,base
C0018830,base
C0018831,base
C0018832,base
C0018833,base
C0018834,base
C0018835,base
C0018836,base
C0018837,base
C0018838,base
C0018839,base
C0018840,base
C0018841,base
C0018842,base
C0018843,base
C0018844,base
C0018845,base
C0018846,ANL-01-R02 / CLN-07-R04 step change
C0018847,base
C0018848,base
C0018849,base
C0018850,base
C0018851,base
C0018852,base
C0018853,base
C0018854,base
C0018855,base
C0018856,base
C0018857,base
C0018858,base
C0018859,base
C0018860,base
C0018861,ANL-01-R02 / CLN-07-R04 step change
C0018862,base
C0018863,base
C0018864,base
C0018865,base
C0018866,base
C0018867,base
C0018868,base
C0018869,base
C0018870,base
C0018871,base
C0018872,base
C0018873,base
C0018874,base
C0018875,base
C0018876,base
C0018877,base
C0018878,base
C0018879,base
C0018880,base
C0018881,base
C0018882,base
C0018883,base
C0018884,base
C0018885,base
C0018886,base
C0018887,base
C0018888,base
C0018889,base
C0018890,base
C0018891,base
C0018892,base
C0018893,base
C0018894,base
C0018895,base
C0018896,base
C0018897,base
C0018898,base
C0018899,base
C0018900,base
C0018901,base
C0018902,CLN-05-R01 length-of-stay outlier
C0018903,ANL-01-R02 / CLN-07-R04 step change
C0018904,base
C0018905,base
C0018906,base
C0018907,base
C0018908,base
C0018909,base
C0018910,base
C0018911,base
C0018912,base
C0018913,base
C0018914,base
C0018915,base
C0018916,base
C0018917,base
C0018918,base
C0018919,base
C0018920,base
C0018921,base
C0018922,base
C0018923,base
C0018924,CLN-05-R01 length-of-stay outlier
C0018925,ring
C0018926,base
C0018927,base
C0018928,base
C0018929,base
C0018930,base
C0018931,base
C0018932,base
C0018933,base
C0018934,base
C0018935,base
C0018936,ANL-01-R02 / CLN-07-R04 step change
C0018937,base
C0018938,base
C0018939,base
C0018940,base
C0018941,base
C0018942,base
C0018943,base
C0018944,base
C0018945,ANL-01-R02 / CLN-07-R04 step change
C0018946,base
C0018947,base
C0018948,base
C0018949,base
C0018950,base
C0018951,base
C0018952,base
C0018953,base
C0018954,base
C0018955,base
C0018956,ring
C0018957,ring
C0018958,ring
C0018959,base
C0018960,base
C0018961,base
C0018962,base
C0018963,base
C0018964,base
C0018965,base
C0018966,base
C0018967,base
C0018968,base
C0018969,base
C0018970,base
C0018971,base
C0018972,base
C0018973,base
C0018974,base
C0018975,base
C0018976,base
C0018977,base
C0018978,base
C0018979,base
C0018980,base
C0018981,base
C0018982,base
C0018983,base
C0018984,base
C0018985,base
C0018986,base
C0018987,base
C0018988,base
C0018989,base
C0018990,base
C0018991,base
C0018992,base
C0018993,base
C0018994,base
C0018995,base
C0018996,base
C0018997,base
C0018998,base
C0018999,base
C0019000,base
C0019001,base
C0019002,base
C0019003,base
C0019004,base
C0019005,base
C0019006,base
C0019007,base
C0019008,base
C0019009,base
C0019010,base
C0019011,base
C0019012,base
C0019013,base
C0019014,ANL-01-R02 / CLN-07-R04 step change
C0019015,base
C0019016,base
C0019017,base
C0019018,base
C0019019,base
C0019020,base
C0019021,ANL-01-R02 / CLN-07-R04 step change
C0019022,base
C0019023,base
C0019024,base
C0019025,base
C0019026,base
C0019027,base
C0019028,base
C0019029,base
C0019030,base
C0019031,base
C0019032,base
C0019033,base
C0019034,base
C0019035,base
C0019036,base
C0019037,base
C0019038,base
C0019039,base
C0019040,base
C0019041,base
C0019042,base
C0019043,base
C0019044,base
C0019045,base
C0019046,base
C0019047,base
C0019048,base
C0019049,base
C0019050,PAY-01-R02 near duplicate
C0019051,base
C0019052,base
C0019053,base
C0019054,base
C0019055,base
C0019056,base
C0019057,PAY-01-R02 near duplicate
C0019058,base
C0019059,base
C0019060,base
C0019061,base
C0019062,base
C0019063,base
C0019064,base
C0019065,base
C0019066,base
C0019067,base
C0019068,base
C0019069,base
C0019070,base
C0019071,base
C0019072,ANL-01-R02 / CLN-07-R04 step change
C0019073,base
C0019074,base
C0019075,base
C0019076,base
C0019077,base
C0019078,base
C0019079,base
C0019080,base
C0019081,base
C0019082,base
C0019083,base
C0019084,base
C0019085,base
C0019086,base
C0019087,base
C0019088,base
C0019089,ANL-01-R02 / CLN-07-R04 step change
C0019090,ANL-01-R02 / CLN-07-R04 step change
C0019091,base
C0019092,base
C0019093,base
C0019094,base
C0019095,base
C0019096,base
C0019097,base
C0019098,base
C0019099,base
C0019100,base
C0019101,base
C0019102,base
C0019103,base
C0019104,base
C0019105,base
C0019106,base
C0019107,base
C0019108,base
C0019109,base
C0019110,base
C0019111,base
C0019112,base
C0019113,base
C0019114,base
C0019115,base
C0019116,base
C0019117,base
C0019118,base
C0019119,base
C0019120,base
C0019121,base
C0019122,base
C0019123,base
C0019124,base
C0019125,base
C0019126,base
C0019127,base
C0019128,base
C0019129,base
C0019130,base
C0019131,base
C0019132,base
C0019133,base
C0019134,base
C0019135,base
C0019136,base
C0019137,base
C0019138,base
C0019139,base
C0019140,base
C0019141,ANL-01-R02 / CLN-07-R04 step change
C0019142,base
C0019143,base
C0019144,base
C0019145,base
C0019146,base
C0019147,base
C0019148,base
C0019149,base
C0019150,base
C0019151,base
C0019152,base
C0019153,base
C0019154,base
C0019155,ANL-01-R02 / CLN-07-R04 step change
C0019156,ANL-01-R02 / CLN-07-R04 step change
C0019157,base
C0019158,base
C0019159,base
C0019160,base
C0019161,base
C0019162,base
C0019163,base
C0019164,PAY-01-R01 exact duplicate
C0019165,PAY-01-R01 exact duplicate
C0019166,ANL-01-R02 / CLN-07-R04 step change
C0019167,base
C0019168,base
C0019169,base
C0019170,base
C0019171,base
C0019172,base
C0019173,base
C0019174,base
C0019175,base
C0019176,base
C0019177,base
C0019178,base
C0019179,base
C0019180,base
C0019181,base
C0019182,base
C0019183,base
C0019184,base
C0019185,base
C0019186,base
C0019187,base
C0019188,base
C0019189,base
C0019190,base
C0019191,base
C0019192,base
C0019193,base
C0019194,base
C0019195,base
C0019196,base
C0019197,base
C0019198,base
C0019199,base
C0019200,base
C0019201,base
C0019202,base
C0019203,base
C0019204,base
C0019205,base
C0019206,base
C0019207,base
C0019208,base
C0019209,base
C0019210,base
C0019211,ANL-01-R02 / CLN-07-R04 step change
C0019212,base
C0019213,base
C0019214,base
C0019215,base
C0019216,base
C0019217,base
C0019218,base
C0019219,base
C0019220,CLN-05-R01 length-of-stay outlier
C0019221,ANL-01-R02 / CLN-07-R04 step change
C0019222,base
C0019223,base
C0019224,base
C0019225,ring
C0019226,base
C0019227,base
C0019228,base
C0019229,base
C0019230,base
C0019231,base
C0019232,base
C0019233,base
C0019234,base
C0019235,ANL-01-R02 / CLN-07-R04 step change
C0019236,base
C0019237,base
C0019238,base
C0019239,base
C0019240,base
C0019241,base
C0019242,base
C0019243,base
C0019244,base
C0019245,base
C0019246,base
C0019247,base
C0019248,base
C0019249,base
C0019250,base
C0019251,base
C0019252,base
C0019253,base
C0019254,base
C0019255,base
C0019256,base
C0019257,base
C0019258,base
C0019259,base
C0019260,base
C0019261,base
C0019262,base
C0019263,base
C0019264,base
C0019265,base
C0019266,base
C0019267,base
C0019268,base
C0019269,ANL-01-R02 / CLN-07-R04 step change
C0019270,base
C0019271,base
C0019272,base
C0019273,base
C0019274,base
C0019275,base
C0019276,base
C0019277,base
C0019278,base
C0019279,base
C0019280,base
C0019281,base
C0019282,base
C0019283,base
C0019284,base
C0019285,base
C0019286,base
C0019287,base
C0019288,base
C0019289,base
C0019290,base
C0019291,base
C0019292,base
C0019293,base
C0019294,base
C0019295,base
C0019296,base
C0019297,base
C0019298,base
C0019299,base
C0019300,base
C0019301,base
C0019302,base
C0019303,base
C0019304,base
C0019305,base
C0019306,base
C0019307,base
C0019308,base
C0019309,ring
C0019310,ANL-01-R02 / CLN-07-R04 step change
C0019311,base
C0019312,base
C0019313,base
C0019314,base
C0019315,base
C0019316,base
C0019317,base
C0019318,base
C0019319,base
C0019320,base
C0019321,base
C0019322,base
C0019323,base
C0019324,base
C0019325,base
C0019326,base
C0019327,ANL-01-R02 / CLN-07-R04 step change
C0019328,base
C0019329,base
C0019330,base
C0019331,base
C0019332,base
C0019333,base
C0019334,base
C0019335,base
C0019336,base
C0019337,base
C0019338,base
C0019339,base
C0019340,base
C0019341,base
C0019342,base
C0019343,base
C0019344,base
C0019345,base
C0019346,base
C0019347,base
C0019348,base
C0019349,base
C0019350,ANL-01-R02 / CLN-07-R04 step change
C0019351,base
C0019352,base
C0019353,base
C0019354,base
C0019355,base
C0019356,base
C0019357,base
C0019358,base
C0019359,base
C0019360,base
C0019361,base
C0019362,ANL-01-R02 / CLN-07-R04 step change
C0019363,ANL-01-R02 / CLN-07-R04 step change
C0019364,base
C0019365,base
C0019366,base
C0019367,base
C0019368,base
C0019369,base
C0019370,base
C0019371,base
C0019372,base
C0019373,base
C0019374,base
C0019375,base
C0019376,base
C0019377,base
C0019378,base
C0019379,base
C0019380,base
C0019381,base
C0019382,base
C0019383,base
C0019384,ANL-01-R02 / CLN-07-R04 step change
C0019385,base
C0019386,base
C0019387,base
C0019388,base
C0019389,base
C0019390,base
C0019391,base
C0019392,base
C0019393,base
C0019394,base
C0019395,base
C0019396,base
C0019397,base
C0019398,base
C0019399,base
C0019400,base
C0019401,base
C0019402,base
C0019403,base
C0019404,base
C0019405,base
C0019406,base
C0019407,base
C0019408,base
C0019409,base
C0019410,base
C0019411,base
C0019412,base
C0019413,base
C0019414,ring
C0019415,ring
C0019416,ring
C0019417,ring
C0019418,base
C0019419,base
C0019420,base
C0019421,base
C0019422,base
C0019423,base
C0019424,base
C0019425,base
C0019426,ANL-01-R02 / CLN-07-R04 step change
C0019427,base
C0019428,base
C0019429,base
C0019430,base
C0019431,base
C0019432,base
C0019433,base
C0019434,base
C0019435,base
C0019436,base
C0019437,base
C0019438,base
C0019439,CLN-07-R02 capacity breach
C0019440,CLN-07-R02 capacity breach
C0019441,CLN-07-R02 capacity breach
C0019442,CLN-07-R02 capacity breach
C0019443,CLN-07-R02 capacity breach
C0019444,CLN-07-R02 capacity breach
C0019445,CLN-07-R02 capacity breach
C0019446,ANL-01-R02 / CLN-07-R04 step change
C0019447,base
C0019448,base
C0019449,base
C0019450,base
C0019451,base
C0019452,base
C0019453,base
C0019454,base
C0019455,base
C0019456,base
C0019457,base
C0019458,base
C0019459,base
C0019460,ring
C0019461,base
C0019462,base
C0019463,base
C0019464,ring
C0019465,ring
C0019466,ring
C0019467,CLN-07-R02 capacity breach
C0019468,CLN-07-R02 capacity breach
C0019469,CLN-07-R02 capacity breach
C0019470,CLN-07-R02 capacity breach
C0019471,CLN-07-R02 capacity breach
C0019472,CLN-07-R02 capacity breach
C0019473,CLN-07-R02 capacity breach
C0019474,ring
C0019475,ring
C0019476,base
C0019477,CLN-07-R02 capacity breach
C0019478,CLN-07-R02 capacity breach
C0019479,CLN-07-R02 capacity breach
C0019480,CLN-07-R02 capacity breach
C0019481,CLN-07-R02 capacity breach
C0019482,CLN-07-R02 capacity breach
C0019483,ring
C0019484,ring
C0019485,base
C0019486,base
C0019487,base
C0019488,base
C0019489,CLN-07-R02 capacity breach
C0019490,CLN-07-R02 capacity breach
C0019491,CLN-07-R02 capacity breach
C0019492,CLN-07-R02 capacity breach
C0019493,base
C0019494,base
C0019495,base
C0019496,base
C0019497,base
C0019498,base
C0019499,base
C0019500,CLN-07-R02 capacity breach
C0019501,CLN-07-R02 capacity breach
C0019502,CLN-07-R02 capacity breach
C0019503,CLN-07-R02 capacity breach
C0019504,CLN-07-R02 capacity breach
C0019505,base
C0019506,base
C0019507,CLN-07-R02 capacity breach
C0019508,CLN-07-R02 capacity breach
C0019509,CLN-07-R02 capacity breach
C0019510,CLN-07-R02 capacity breach
C0019511,CLN-07-R02 capacity breach
C0019512,CLN-07-R02 capacity breach
C0019513,CLN-07-R02 capacity breach
C0019514,CLN-07-R02 capacity breach
C0019515,CLN-07-R02 capacity breach
C0019516,CLN-07-R02 capacity breach
C0019517,base
C0019518,base
C0019519,base
C0019520,base
C0019521,base
C0019522,base
C0019523,base
C0019524,base
C0019525,base
C0019526,base
C0019527,base
C0019528,CLN-07-R02 capacity breach
C0019529,CLN-07-R02 capacity breach
C0019530,CLN-07-R02 capacity breach
C0019531,ANL-01-R02 / CLN-07-R04 step change
C0019532,base
C0019533,base
C0019534,base
C0019535,base
C0019536,CLN-07-R02 capacity breach
C0019537,CLN-07-R02 capacity breach
C0019538,CLN-07-R02 capacity breach
C0019539,CLN-07-R02 capacity breach
C0019540,base
C0019541,base
C0019542,base
C0019543,base
C0019544,base
C0019545,base
C0019546,base
C0019547,base
C0019548,base
C0019549,CLN-07-R02 capacity breach
C0019550,CLN-07-R02 capacity breach
C0019551,CLN-07-R02 capacity breach
C0019552,CLN-07-R02 capacity breach
C0019553,CLN-07-R02 capacity breach
C0019554,CLN-07-R02 capacity breach
C0019555,base
C0019556,base
C0019557,base
C0019558,base
C0019559,base
C0019560,base
C0019561,base
C0019562,base
C0019563,base
C0019564,base
C0019565,CLN-07-R02 capacity breach
C0019566,CLN-07-R02 capacity breach
C0019567,CLN-07-R02 capacity breach
C0019568,CLN-07-R02 capacity breach
C0019569,CLN-07-R02 capacity breach
C0019570,ring
C0019571,ring
C0019572,ring
C0019573,ring
C0019574,base
C0019575,base
C0019576,base
C0019577,base
C0019578,base
C0019579,base
C0019580,base
C0019581,base
C0019582,base
C0019583,base
C0019584,base
C0019585,base
C0019586,base
C0019587,base
C0019588,base
C0019589,base
C0019590,base
C0019591,base
C0019592,base
C0019593,CLN-07-R02 capacity breach
C0019594,CLN-07-R02 capacity breach
C0019595,CLN-07-R02 capacity breach
C0019596,CLN-07-R02 capacity breach
C0019597,CLN-07-R02 capacity breach
C0019598,base
C0019599,base
C0019600,base
C0019601,base
C0019602,base
C0019603,base
C0019604,base
C0019605,base
C0019606,base
C0019607,base
C0019608,base
C0019609,base
C0019610,base
C0019611,base
C0019612,base
C0019613,base
C0019614,base
C0019615,base
C0019616,base
C0019617,base
C0019618,base
C0019619,base
C0019620,base
C0019621,base
C0019622,base
C0019623,ANL-01-R02 / CLN-07-R04 step change
C0019624,ring
C0019625,ring
C0019626,ring
C0019627,base
C0019628,base
C0019629,base
C0019630,base
C0019631,base
C0019632,base
C0019633,base
C0019634,base
C0019635,base
C0019636,base
C0019637,base
C0019638,base
C0019639,base
C0019640,base
C0019641,PAY-01-R02 near duplicate
C0019642,CLN-05-R01 length-of-stay outlier
C0019643,base
C0019644,base
C0019645,base
C0019646,base
C0019647,base
C0019648,base
C0019649,base
C0019650,base
C0019651,base
C0019652,base
C0019653,base
C0019654,base
C0019655,base
C0019656,base
C0019657,base
C0019658,base
C0019659,base
C0019660,base
C0019661,base
C0019662,base
C0019663,base
C0019664,base
C0019665,base
C0019666,base
C0019667,base
C0019668,base
C0019669,base
C0019670,base
C0019671,base
C0019672,base
C0019673,base
C0019674,base
C0019675,ANL-01-R02 / CLN-07-R04 step change
C0019676,base
C0019677,base
C0019678,base
C0019679,base
C0019680,base
C0019681,base
C0019682,base
C0019683,base
C0019684,base
C0019685,base
C0019686,base
C0019687,base
C0019688,PAY-01-R02 near duplicate
C0019689,CLN-05-R01 length-of-stay outlier
C0019690,base
C0019691,base
C0019692,base
C0019693,base
C0019694,base
C0019695,base
C0019696,base
C0019697,base
C0019698,base
C0019699,base
C0019700,base
C0019701,ANL-01-R02 / CLN-07-R04 step change
C0019702,base
C0019703,base
C0019704,base
C0019705,base
C0019706,base
C0019707,base
C0019708,base
C0019709,base
C0019710,base
C0019711,base
C0019712,base
C0019713,base
C0019714,base
C0019715,base
C0019716,base
C0019717,base
C0019718,base
C0019719,ANL-01-R02 / CLN-07-R04 step change
C0019720,base
C0019721,base
C0019722,base
C0019723,base
C0019724,base
C0019725,base
C0019726,base
C0019727,base
C0019728,base
C0019729,base
C0019730,base
C0019731,base
C0019732,base
C0019733,base
C0019734,base
C0019735,base
C0019736,base
C0019737,base
C0019738,ANL-01-R02 / CLN-07-R04 step change
C0019739,ring
C0019740,ring
C0019741,base
C0019742,base
C0019743,base
C0019744,base
C0019745,base
C0019746,base
C0019747,base
C0019748,base
C0019749,base
C0019750,base
C0019751,ANL-01-R02 / CLN-07-R04 step change
C0019752,base
C0019753,base
C0019754,base
C0019755,base
C0019756,base
C0019757,base
C0019758,base
C0019759,base
C0019760,base
C0019761,base
C0019762,base
C0019763,base
C0019764,base
C0019765,base
C0019766,base
C0019767,base
C0019768,base
C0019769,base
C0019770,base
C0019771,base
C0019772,ANL-01-R02 / CLN-07-R04 step change
C0019773,base
C0019774,base
C0019775,base
C0019776,ring
C0019777,ring
C0019778,base
C0019779,base
C0019780,base
C0019781,base
C0019782,base
C0019783,base
C0019784,base
C0019785,base
C0019786,base
C0019787,base
C0019788,base
C0019789,base
C0019790,base
C0019791,base
C0019792,ring
C0019793,ring
C0019794,ring
C0019795,PAY-01-R02 near duplicate
C0019796,base
C0019797,base
C0019798,base
C0019799,base
C0019800,base
C0019801,base
C0019802,base
C0019803,base
C0019804,base
C0019805,base
C0019806,base
C0019807,base
C0019808,base
C0019809,base
C0019810,base
C0019811,base
C0019812,base
C0019813,base
C0019814,base
C0019815,base
C0019816,base
C0019817,base
C0019818,base
C0019819,base
C0019820,base
C0019821,base
C0019822,base
C0019823,base
C0019824,base
C0019825,base
C0019826,base
C0019827,base
C0019828,base
C0019829,base
C0019830,base
C0019831,base
C0019832,base
C0019833,base
C0019834,base
C0019835,base
C0019836,base
C0019837,base
C0019838,base
C0019839,base
C0019840,base
C0019841,ring
C0019842,base
C0019843,base
C0019844,base
C0019845,base
C0019846,base
C0019847,base
C0019848,base
C0019849,base
C0019850,base
C0019851,base
C0019852,base
C0019853,base
C0019854,base
C0019855,ANL-01-R02 / CLN-07-R04 step change
C0019856,PAY-01-R02 near duplicate
C0019857,base
C0019858,base
C0019859,base
C0019860,base
C0019861,base
C0019862,base
C0019863,base
C0019864,ANL-01-R02 / CLN-07-R04 step change
C0019865,base
C0019866,base
C0019867,base
C0019868,base
C0019869,ring
C0019870,base
C0019871,base
C0019872,base
C0019873,base
C0019874,base
C0019875,base
C0019876,base
C0019877,base
C0019878,base
C0019879,base
C0019880,base
C0019881,base
C0019882,base
C0019883,base
C0019884,base
C0019885,base
C0019886,base
C0019887,base
C0019888,base
C0019889,base
C0019890,base
C0019891,base
C0019892,base
C0019893,base
C0019894,base
C0019895,base
C0019896,base
C0019897,base
C0019898,base
C0019899,ring
C0019900,ring
C0019901,ring
C0019902,ring
C0019903,ring
C0019904,base
C0019905,base
C0019906,base
C0019907,base
C0019908,ring
C0019909,base
C0019910,base
C0019911,base
C0019912,base
C0019913,base
C0019914,base
C0019915,base
C0019916,base
C0019917,base
C0019918,base
C0019919,base
C0019920,base
C0019921,base
C0019922,base
C0019923,base
C0019924,base
C0019925,base
C0019926,base
C0019927,ring
C0019928,base
C0019929,base
C0019930,base
C0019931,base
C0019932,base
C0019933,base
C0019934,base
C0019935,base
C0019936,base
C0019937,base
C0019938,base
C0019939,base
C0019940,base
C0019941,base
C0019942,ANL-01-R02 / CLN-07-R04 step change
C0019943,base
C0019944,base
C0019945,base
C0019946,base
C0019947,base
C0019948,base
C0019949,base
C0019950,base
C0019951,base
C0019952,base
C0019953,base
C0019954,base
C0019955,ANL-01-R02 / CLN-07-R04 step change
C0019956,ring
C0019957,ring
C0019958,base
C0019959,base
C0019960,base
C0019961,base
C0019962,base
C0019963,base
C0019964,base
C0019965,base
C0019966,base
C0019967,base
C0019968,base
C0019969,base
C0019970,base
C0019971,base
C0019972,ANL-01-R02 / CLN-07-R04 step change
C0019973,base
C0019974,base
C0019975,base
C0019976,base
C0019977,base
C0019978,base
C0019979,base
C0019980,base
C0019981,base
C0019982,base
C0019983,base
C0019984,base
C0019985,base
C0019986,base
C0019987,base
C0019988,base
C0019989,base
C0019990,base
C0019991,base
C0019992,base
C0019993,ring
C0019994,ring
C0019995,ring
C0019996,ring
C0019997,base
C0019998,base
C0019999,base
C0020000,base
C0020001,base
C0020002,base
C0020003,base
C0020004,base
C0020005,base
C0020006,ANL-01-R02 / CLN-07-R04 step change
C0020007,base
C0020008,base
C0020009,base
C0020010,base
C0020011,base
C0020012,base
C0020013,base
C0020014,base
C0020015,ANL-01-R02 / CLN-07-R04 step change
C0020016,base
C0020017,base
C0020018,base
C0020019,base
C0020020,base
C0020021,base
C0020022,base
C0020023,base
C0020024,base
C0020025,ANL-01-R02 / CLN-07-R04 step change
C0020026,base
C0020027,base
C0020028,base
C0020029,base
C0020030,base
C0020031,base
C0020032,base
C0020033,base
C0020034,base
C0020035,base
C0020036,base
C0020037,base
C0020038,base
C0020039,base
C0020040,base
C0020041,base
C0020042,base
C0020043,base
C0020044,base
C0020045,base
C0020046,base
C0020047,base
C0020048,base
C0020049,base
C0020050,base
C0020051,base
C0020052,base
C0020053,base
C0020054,base
C0020055,base
C0020056,base
C0020057,base
C0020058,base
C0020059,base
C0020060,base
C0020061,base
C0020062,base
C0020063,base
C0020064,base
C0020065,base
C0020066,base
C0020067,base
C0020068,base
C0020069,base
C0020070,base
C0020071,base
C0020072,base
C0020073,base
C0020074,base
C0020075,base
C0020076,base
C0020077,base
C0020078,base
C0020079,base
C0020080,base
C0020081,base
C0020082,base
C0020083,base
C0020084,base
C0020085,base
C0020086,base
C0020087,base
C0020088,base
C0020089,base
C0020090,base
C0020091,base
C0020092,base
C0020093,base
C0020094,base
C0020095,base
C0020096,base
C0020097,base
C0020098,base
C0020099,base
C0020100,base
C0020101,base
C0020102,base
C0020103,base
C0020104,base
C0020105,base
C0020106,base
C0020107,base
C0020108,base
C0020109,base
C0020110,base
C0020111,base
C0020112,base
C0020113,base
C0020114,base
C0020115,base
C0020116,base
C0020117,ring
C0020118,ring
C0020119,ring
C0020120,base
C0020121,base
C0020122,base
C0020123,base
C0020124,base
C0020125,base
C0020126,base
C0020127,base
C0020128,base
C0020129,base
C0020130,base
C0020131,base
C0020132,base
C0020133,base
C0020134,base
C0020135,base
C0020136,base
C0020137,base
C0020138,base
C0020139,base
C0020140,base
C0020141,base
C0020142,base
C0020143,base
C0020144,base
C0020145,base
C0020146,base
C0020147,base
C0020148,base
C0020149,base
C0020150,base
C0020151,base
C0020152,base
C0020153,base
C0020154,base
C0020155,base
C0020156,base
C0020157,base
C0020158,base
C0020159,base
C0020160,base
C0020161,base
C0020162,base
C0020163,base
C0020164,base
C0020165,base
C0020166,base
C0020167,base
C0020168,base
C0020169,base
C0020170,base
C0020171,base
C0020172,base
C0020173,base
C0020174,base
C0020175,base
C0020176,base
C0020177,base
C0020178,base
C0020179,CLN-06-R03 / DOC-02-R01 cloned encounter
C0020180,CLN-06-R03 / DOC-02-R01 cloned encounter
C0020181,CLN-06-R03 / DOC-02-R01 cloned encounter
C0020182,CLN-06-R03 / DOC-02-R01 cloned encounter
C0020183,CLN-06-R03 / DOC-02-R01 cloned encounter
C0020184,CLN-06-R03 / DOC-02-R01 cloned encounter
C0020185,CLN-06-R03 / DOC-02-R01 cloned encounter
C0020186,CLN-06-R03 / DOC-02-R01 cloned encounter
C0020187,CLN-06-R03 / DOC-02-R01 cloned encounter
C0020188,CLN-06-R03 / DOC-02-R01 cloned encounter
C0020189,CLN-06-R03 / DOC-02-R01 cloned encounter
C0020190,CLN-06-R03 / DOC-02-R01 cloned encounter
C0020191,CLN-06-R03 / DOC-02-R01 cloned encounter
C0020192,CLN-06-R03 / DOC-02-R01 cloned encounter
C0020193,CLN-06-R03 / DOC-02-R01 cloned encounter
C0020194,CLN-06-R03 / DOC-02-R01 cloned encounter
C0020195,CLN-06-R03 / DOC-02-R01 cloned encounter
C0020196,CLN-06-R03 / DOC-02-R01 cloned encounter
C0020197,CLN-06-R03 / DOC-02-R01 cloned encounter
C0020198,CLN-06-R03 / DOC-02-R01 cloned encounter
C0020199,CLN-06-R03 / DOC-02-R01 cloned encounter
C0020200,CLN-06-R03 / DOC-02-R01 cloned encounter
C0020201,CLN-06-R03 / DOC-02-R01 cloned encounter
C0020202,CLN-06-R03 / DOC-02-R01 cloned encounter
C0020203,CLN-06-R03 / DOC-02-R01 cloned encounter
C0020204,CLN-06-R03 / DOC-02-R01 cloned encounter
C0020205,CLN-06-R03 / DOC-02-R01 cloned encounter
C0020206,CLN-06-R03 / DOC-02-R01 cloned encounter
C0020207,CLN-06-R03 / DOC-02-R01 cloned encounter
C0020208,CLN-06-R03 / DOC-02-R01 cloned encounter
C0020209,CLN-06-R03 / DOC-02-R01 cloned encounter
C0020210,CLN-06-R03 / DOC-02-R01 cloned encounter
C0020211,CLN-06-R03 / DOC-02-R01 cloned encounter
C0020212,CLN-06-R03 / DOC-02-R01 cloned encounter
C0020213,CLN-06-R03 / DOC-02-R01 cloned encounter
C0020214,CLN-06-R03 / DOC-02-R01 cloned encounter
C0020215,CLN-06-R03 / DOC-02-R01 cloned encounter
C0020216,CLN-06-R03 / DOC-02-R01 cloned encounter
C0020217,CLN-06-R03 / DOC-02-R01 cloned encounter
C0020218,CLN-06-R03 / DOC-02-R01 cloned encounter
C0020219,CLN-06-R03 / DOC-02-R01 cloned encounter
C0020220,CLN-06-R03 / DOC-02-R01 cloned encounter
C0020221,CLN-06-R03 / DOC-02-R01 cloned encounter
C0020222,CLN-06-R03 / DOC-02-R01 cloned encounter
C0020223,CLN-06-R03 / DOC-02-R01 cloned encounter
C0020224,CLN-06-R03 / DOC-02-R01 cloned encounter
C0020225,CLN-06-R03 / DOC-02-R01 cloned encounter
C0020226,CLN-06-R03 / DOC-02-R01 cloned encounter
C0020227,CLN-06-R03 / DOC-02-R01 cloned encounter
C0020228,CLN-06-R03 / DOC-02-R01 cloned encounter
C0020229,CLN-06-R03 / DOC-02-R01 cloned encounter
C0020230,CLN-06-R03 / DOC-02-R01 cloned encounter
C0020231,CLN-06-R03 / DOC-02-R01 cloned encounter
C0020232,CLN-06-R03 / DOC-02-R01 cloned encounter
C0020233,CLN-06-R03 / DOC-02-R01 cloned encounter
C0020234,CLN-06-R03 / DOC-02-R01 cloned encounter
C0020235,CLN-06-R03 / DOC-02-R01 cloned encounter
C0020236,CLN-06-R03 / DOC-02-R01 cloned encounter
C0020237,CLN-06-R03 / DOC-02-R01 cloned encounter
C0020238,CLN-06-R03 / DOC-02-R01 cloned encounter
C0020239,CLN-06-R03 / DOC-02-R01 cloned encounter
C0020240,CLN-06-R03 / DOC-02-R01 cloned encounter
C0020241,CLN-06-R03 / DOC-02-R01 cloned encounter
C0020242,CLN-06-R03 / DOC-02-R01 cloned encounter
C0020243,CLN-06-R03 / DOC-02-R01 cloned encounter
C0020244,CLN-06-R03 / DOC-02-R01 cloned encounter
C0020245,CLN-06-R03 / DOC-02-R01 cloned encounter
C0020246,CLN-06-R03 / DOC-02-R01 cloned encounter
C0020247,CLN-06-R03 / DOC-02-R01 cloned encounter
C0020248,CLN-06-R03 / DOC-02-R01 cloned encounter
C0020249,CLN-06-R03 / DOC-02-R01 cloned encounter
C0020250,CLN-06-R03 / DOC-02-R01 cloned encounter
C0020251,CLN-06-R03 / DOC-02-R01 cloned encounter
C0020252,CLN-06-R03 / DOC-02-R01 cloned encounter
C0020253,CLN-06-R03 / DOC-02-R01 cloned encounter
C0020254,CLN-06-R03 / DOC-02-R01 cloned encounter
C0020255,CLN-06-R03 / DOC-02-R01 cloned encounter
C0020256,CLN-06-R03 / DOC-02-R01 cloned encounter
C0020257,CLN-06-R03 / DOC-02-R01 cloned encounter
C0020258,CLN-06-R03 / DOC-02-R01 cloned encounter
C0020259,CLN-06-R03 / DOC-02-R01 cloned encounter
C0020260,CLN-06-R03 / DOC-02-R01 cloned encounter
C0020261,CLN-06-R03 / DOC-02-R01 cloned encounter
C0020262,CLN-06-R03 / DOC-02-R01 cloned encounter
C0020263,CLN-06-R03 / DOC-02-R01 cloned encounter
C0020264,CLN-06-R03 / DOC-02-R01 cloned encounter
C0020265,CLN-06-R03 / DOC-02-R01 cloned encounter
C0020266,CLN-06-R03 / DOC-02-R01 cloned encounter
C0020267,CLN-06-R03 / DOC-02-R01 cloned encounter
C0020268,CLN-06-R03 / DOC-02-R01 cloned encounter
C0020269,CLN-06-R03 / DOC-02-R01 cloned encounter
C0020270,CLN-06-R03 / DOC-02-R01 cloned encounter
C0020271,CLN-06-R03 / DOC-02-R01 cloned encounter
C0020272,CLN-06-R03 / DOC-02-R01 cloned encounter
C0020273,CLN-06-R03 / DOC-02-R01 cloned encounter
C0020274,CLN-06-R03 / DOC-02-R01 cloned encounter
C0020275,CLN-06-R03 / DOC-02-R01 cloned encounter
C0020276,CLN-06-R03 / DOC-02-R01 cloned encounter
C0020277,CLN-06-R03 / DOC-02-R01 cloned encounter
C0020278,CLN-06-R03 / DOC-02-R01 cloned encounter
C0020279,CLN-06-R03 / DOC-02-R01 cloned encounter
C0020280,CLN-06-R03 / DOC-02-R01 cloned encounter
C0020281,CLN-06-R03 / DOC-02-R01 cloned encounter
C0020282,CLN-06-R03 / DOC-02-R01 cloned encounter
C0020283,CLN-06-R03 / DOC-02-R01 cloned encounter
C0020284,CLN-06-R03 / DOC-02-R01 cloned encounter
C0020285,CLN-06-R03 / DOC-02-R01 cloned encounter
C0020286,CLN-06-R03 / DOC-02-R01 cloned encounter
C0020287,CLN-06-R03 / DOC-02-R01 cloned encounter
C0020288,CLN-06-R03 / DOC-02-R01 cloned encounter
C0020289,CLN-06-R03 / DOC-02-R01 cloned encounter
C0020290,CLN-06-R03 / DOC-02-R01 cloned encounter
C0020291,CLN-06-R03 / DOC-02-R01 cloned encounter
C0020292,CLN-06-R03 / DOC-02-R01 cloned encounter
C0020293,CLN-06-R03 / DOC-02-R01 cloned encounter
C0020294,CLN-06-R03 / DOC-02-R01 cloned encounter
C0020295,CLN-06-R03 / DOC-02-R01 cloned encounter
C0020296,CLN-06-R03 / DOC-02-R01 cloned encounter
C0020297,CLN-06-R03 / DOC-02-R01 cloned encounter
C0020298,CLN-06-R03 / DOC-02-R01 cloned encounter
C0020299,CLN-06-R03 / DOC-02-R01 cloned encounter
C0020300,CLN-06-R03 / DOC-02-R01 cloned encounter
C0020301,CLN-06-R03 / DOC-02-R01 cloned encounter
C0020302,CLN-06-R03 / DOC-02-R01 cloned encounter
C0020303,CLN-06-R03 / DOC-02-R01 cloned encounter
C0020304,CLN-06-R03 / DOC-02-R01 cloned encounter
C0020305,CLN-06-R03 / DOC-02-R01 cloned encounter
C0020306,CLN-06-R03 / DOC-02-R01 cloned encounter
C0020307,CLN-06-R03 / DOC-02-R01 cloned encounter
C0020308,CLN-06-R03 / DOC-02-R01 cloned encounter
C0020309,CLN-06-R03 / DOC-02-R01 cloned encounter
C0020310,CLN-06-R03 / DOC-02-R01 cloned encounter
C0020311,CLN-06-R03 / DOC-02-R01 cloned encounter
C0020312,CLN-06-R03 / DOC-02-R01 cloned encounter
C0020313,CLN-06-R03 / DOC-02-R01 cloned encounter
C0020314,CLN-06-R03 / DOC-02-R01 cloned encounter
C0020315,CLN-06-R03 / DOC-02-R01 cloned encounter
C0020316,CLN-06-R03 / DOC-02-R01 cloned encounter
C0020317,CLN-06-R03 / DOC-02-R01 cloned encounter
C0020318,CLN-06-R03 / DOC-02-R01 cloned encounter
C0020319,CLN-06-R03 / DOC-02-R01 cloned encounter
C0020320,CLN-06-R03 / DOC-02-R01 cloned encounter
C0020321,CLN-06-R03 / DOC-02-R01 cloned encounter
C0020322,CLN-06-R03 / DOC-02-R01 cloned encounter
C0020323,CLN-06-R03 / DOC-02-R01 cloned encounter
C0020324,CLN-06-R03 / DOC-02-R01 cloned encounter
C0020325,CLN-06-R03 / DOC-02-R01 cloned encounter
C0020326,CLN-06-R03 / DOC-02-R01 cloned encounter
C0020327,CLN-06-R03 / DOC-02-R01 cloned encounter
C0020328,CLN-06-R03 / DOC-02-R01 cloned encounter
C0020329,CLN-06-R03 / DOC-02-R01 cloned encounter
C0020330,CLN-06-R03 / DOC-02-R01 cloned encounter
C0020331,CLN-06-R03 / DOC-02-R01 cloned encounter
C0020332,CLN-06-R03 / DOC-02-R01 cloned encounter
C0020333,CLN-06-R03 / DOC-02-R01 cloned encounter
C0020334,CLN-06-R03 / DOC-02-R01 cloned encounter
C0020335,CLN-06-R03 / DOC-02-R01 cloned encounter
C0020336,CLN-06-R03 / DOC-02-R01 cloned encounter
C0020337,CLN-06-R03 / DOC-02-R01 cloned encounter
C0020338,CLN-06-R03 / DOC-02-R01 cloned encounter
C0020339,CLN-06-R03 / DOC-02-R01 cloned encounter
C0020340,CLN-06-R03 / DOC-02-R01 cloned encounter
C0020341,CLN-06-R03 / DOC-02-R01 cloned encounter
C0020342,CLN-06-R03 / DOC-02-R01 cloned encounter
C0020343,CLN-06-R03 / DOC-02-R01 cloned encounter
C0020344,CLN-06-R03 / DOC-02-R01 cloned encounter
C0020345,CLN-06-R03 / DOC-02-R01 cloned encounter
C0020346,CLN-06-R03 / DOC-02-R01 cloned encounter
C0020347,CLN-06-R03 / DOC-02-R01 cloned encounter
C0020348,CLN-06-R03 / DOC-02-R01 cloned encounter
C0020349,CLN-06-R03 / DOC-02-R01 cloned encounter
C0020350,CLN-06-R03 / DOC-02-R01 cloned encounter
C0020351,CLN-06-R03 / DOC-02-R01 cloned encounter
C0020352,CLN-06-R03 / DOC-02-R01 cloned encounter
C0020353,CLN-06-R03 / DOC-02-R01 cloned encounter
C0020354,CLN-06-R03 / DOC-02-R01 cloned encounter
C0020355,CLN-06-R03 / DOC-02-R01 cloned encounter
C0020356,CLN-06-R03 / DOC-02-R01 cloned encounter
C0020357,CLN-06-R03 / DOC-02-R01 cloned encounter
C0020358,CLN-06-R03 / DOC-02-R01 cloned encounter
C0020359,base
C0020360,base
C0020361,base
C0020362,base
C0020363,base
C0020364,base
C0020365,base
C0020366,base
C0020367,base
C0020368,base
C0020369,base
C0020370,base
C0020371,base
C0020372,base
C0020373,ring
C0020374,base
C0020375,base
C0020376,base
C0020377,base
C0020378,base
C0020379,base
C0020380,base
C0020381,base
C0020382,base
C0020383,base
C0020384,base
C0020385,base
C0020386,base
C0020387,base
C0020388,base
C0020389,base
C0020390,base
C0020391,base
C0020392,base
C0020393,base
C0020394,base
C0020395,base
C0020396,base
C0020397,PAY-01-R03 / CLN-05-R03 episode repeat
C0020398,ring
C0020399,ring
C0020400,ring
C0020401,base
C0020402,base
C0020403,base
C0020404,base
C0020405,base
C0020406,base
C0020407,base
C0020408,base
C0020409,ring
C0020410,ring
C0020411,base
C0020412,base
C0020413,base
C0020414,base
C0020415,base
C0020416,base
C0020417,base
C0020418,base
C0020419,base
C0020420,base
C0020421,base
C0020422,base
C0020423,base
C0020424,base
C0020425,base
C0020426,base
C0020427,base
C0020428,base
C0020429,base
C0020430,base
C0020431,base
C0020432,base
C0020433,base
C0020434,base
C0020435,base
C0020436,base
C0020437,base
C0020438,base
C0020439,base
C0020440,base
C0020441,base
C0020442,base
C0020443,base
C0020444,base
C0020445,base
C0020446,base
C0020447,base
C0020448,base
C0020449,base
C0020450,base
C0020451,base
C0020452,base
C0020453,base
C0020454,base
C0020455,base
C0020456,base
C0020457,base
C0020458,base
C0020459,base
C0020460,base
C0020461,base
C0020462,base
C0020463,base
C0020464,base
C0020465,base
C0020466,base
C0020467,base
C0020468,base
C0020469,base
C0020470,base
C0020471,base
C0020472,base
C0020473,base
C0020474,base
C0020475,base
C0020476,base
C0020477,base
C0020478,base
C0020479,base
C0020480,base
C0020481,base
C0020482,base
C0020483,base
C0020484,base
C0020485,base
C0020486,base
C0020487,base
C0020488,base
C0020489,base
C0020490,base
C0020491,base
C0020492,base
C0020493,base
C0020494,base
C0020495,base
C0020496,base
C0020497,base
C0020498,base
C0020499,base
C0020500,base
C0020501,base
C0020502,base
C0020503,base
C0020504,base
C0020505,base
C0020506,base
C0020507,base
C0020508,base
C0020509,base
C0020510,base
C0020511,base
C0020512,base
C0020513,base
C0020514,base
C0020515,base
C0020516,base
C0020517,base
C0020518,base
C0020519,base
C0020520,base
C0020521,base
C0020522,base
C0020523,base
C0020524,base
C0020525,base
C0020526,base
C0020527,base
C0020528,base
C0020529,base
C0020530,base
C0020531,base
C0020532,base
C0020533,base
C0020534,base
C0020535,base
C0020536,base
C0020537,base
C0020538,base
C0020539,base
C0020540,base
C0020541,base
C0020542,base
C0020543,base
C0020544,base
C0020545,base
C0020546,base
C0020547,base
C0020548,base
C0020549,base
C0020550,base
C0020551,base
C0020552,base
C0020553,base
C0020554,base
C0020555,base
C0020556,ring
C0020557,ring
C0020558,ring
C0020559,base
C0020560,base
C0020561,base
C0020562,base
C0020563,base
C0020564,CLN-05-R01 length-of-stay outlier
C0020565,base
C0020566,base
C0020567,base
C0020568,base
C0020569,base
C0020570,base
C0020571,base
C0020572,base
C0020573,base
C0020574,base
C0020575,base
C0020576,base
C0020577,base
C0020578,base
C0020579,base
C0020580,base
C0020581,base
C0020582,base
C0020583,base
C0020584,base
C0020585,base
C0020586,base
C0020587,base
C0020588,base
C0020589,PAY-06-R02 amount arithmetic
C0020590,base
C0020591,base
C0020592,base
C0020593,base
C0020594,base
C0020595,base
C0020596,PAY-01-R03 / CLN-05-R03 episode repeat
C0020597,base
C0020598,base
C0020599,base
C0020600,base
C0020601,base
C0020602,base
C0020603,base
C0020604,base
C0020605,base
C0020606,base
C0020607,base
C0020608,base
C0020609,base
C0020610,base
C0020611,base
C0020612,base
C0020613,base
C0020614,PAY-01-R02 near duplicate
C0020615,base
C0020616,base
C0020617,base
C0020618,base
C0020619,base
C0020620,base
C0020621,base
C0020622,base
C0020623,base
C0020624,base
C0020625,base
C0020626,base
C0020627,base
C0020628,base
C0020629,base
C0020630,base
C0020631,base
C0020632,base
C0020633,base
C0020634,base
C0020635,base
C0020636,base
C0020637,base
C0020638,base
C0020639,base
C0020640,base
C0020641,base
C0020642,base
C0020643,PAY-01-R02 near duplicate
C0020644,base
C0020645,base
C0020646,base
C0020647,base
C0020648,base
C0020649,base
C0020650,base
C0020651,base
C0020652,base
C0020653,base
C0020654,base
C0020655,base
C0020656,base
C0020657,base
C0020658,base
C0020659,base
C0020660,base
C0020661,base
C0020662,base
C0020663,base
C0020664,base
C0020665,base
C0020666,base
C0020667,base
C0020668,base
C0020669,base
C0020670,base
C0020671,base
C0020672,base
C0020673,base
C0020674,base
C0020675,base
C0020676,base
C0020677,base
C0020678,base
C0020679,base
C0020680,base
C0020681,base
C0020682,base
C0020683,base
C0020684,base
C0020685,base
C0020686,base
C0020687,base
C0020688,base
C0020689,base
C0020690,base
C0020691,base
C0020692,base
C0020693,base
C0020694,base
C0020695,base
C0020696,base
C0020697,base
C0020698,base
C0020699,base
C0020700,base
C0020701,base
C0020702,base
C0020703,base
C0020704,base
C0020705,base
C0020706,base
C0020707,base
C0020708,base
C0020709,base
C0020710,base
C0020711,base
C0020712,CLN-05-R01 length-of-stay outlier
C0020713,base
C0020714,base
C0020715,base
C0020716,base
C0020717,base
C0020718,base
C0020719,base
C0020720,base
C0020721,base
C0020722,base
C0020723,base
C0020724,base
C0020725,base
C0020726,base
C0020727,base
C0020728,base
C0020729,base
C0020730,base
C0020731,base
C0020732,base
C0020733,base
C0020734,base
C0020735,base
C0020736,base
C0020737,base
C0020738,base
C0020739,base
C0020740,base
C0020741,base
C0020742,base
C0020743,base
C0020744,base
C0020745,CLN-05-R01 length-of-stay outlier
C0020746,base
C0020747,base
C0020748,base
C0020749,base
C0020750,base
C0020751,base
C0020752,base
C0020753,base
C0020754,base
C0020755,base
C0020756,base
C0020757,base
C0020758,base
C0020759,base
C0020760,base
C0020761,base
C0020762,base
C0020763,base
C0020764,base
C0020765,base
C0020766,base
C0020767,base
C0020768,base
C0020769,base
C0020770,base
C0020771,base
C0020772,base
C0020773,base
C0020774,base
C0020775,base
C0020776,base
C0020777,base
C0020778,base
C0020779,base
C0020780,base
C0020781,base
C0020782,base
C0020783,base
C0020784,base
C0020785,base
C0020786,base
C0020787,base
C0020788,base
C0020789,base
C0020790,base
C0020791,base
C0020792,base
C0020793,base
C0020794,base
C0020795,base
C0020796,base
C0020797,base
C0020798,base
C0020799,base
C0020800,base
C0020801,base
C0020802,base
C0020803,base
C0020804,base
C0020805,base
C0020806,base
C0020807,base
C0020808,base
C0020809,base
C0020810,base
C0020811,base
C0020812,base
C0020813,base
C0020814,base
C0020815,base
C0020816,base
C0020817,base
C0020818,base
C0020819,base
C0020820,base
C0020821,base
C0020822,base
C0020823,base
C0020824,CLN-05-R01 length-of-stay outlier
C0020825,base
C0020826,base
C0020827,base
C0020828,base
C0020829,base
C0020830,base
C0020831,base
C0020832,base
C0020833,base
C0020834,base
C0020835,base
C0020836,base
C0020837,base
C0020838,base
C0020839,base
C0020840,base
C0020841,base
C0020842,base
C0020843,base
C0020844,base
C0020845,base
C0020846,base
C0020847,base
C0020848,base
C0020849,base
C0020850,base
C0020851,base
C0020852,base
C0020853,base
C0020854,base
C0020855,base
C0020856,base
C0020857,base
C0020858,base
C0020859,base
C0020860,base
C0020861,base
C0020862,base
C0020863,base
C0020864,base
C0020865,base
C0020866,base
C0020867,base
C0020868,base
C0020869,base
C0020870,base
C0020871,base
C0020872,base
C0020873,base
C0020874,base
C0020875,base
C0020876,base
C0020877,base
C0020878,base
C0020879,base
C0020880,base
C0020881,base
C0020882,base
C0020883,base
C0020884,base
C0020885,base
C0020886,base
C0020887,base
C0020888,base
C0020889,base
C0020890,base
C0020891,base
C0020892,base
C0020893,base
