stratum,family,rule_ids,claim_sk,subject_type,subject_ids,note
ENT-01 emergency visit after cover ended (exclusion look-alike),ENT,ENT-01-R01,CLM33878137,claim,MBR002894,Emergency rule applies; must not fire.
ENT-01 service after cover ended,ENT,ENT-01-R01,CLM75424047,claim,,Visit 20-60 days after the member's last cover period ended.
ENT-01 service after cover ended,ENT,ENT-01-R01,CLM14687818,claim,,Visit 20-60 days after the member's last cover period ended.
ENT-01 service after cover ended,ENT,ENT-01-R01,CLM97889781,claim,,Visit 20-60 days after the member's last cover period ended.
ENT-01 service after cover ended,ENT,ENT-01-R01,CLM96394397,claim,,Visit 20-60 days after the member's last cover period ended.
ENT-01 service after cover ended,ENT,ENT-01-R01,CLM59131132,claim,,Visit 20-60 days after the member's last cover period ended.
ENT-01 service after cover ended,ENT,ENT-01-R01,CLM85381967,claim,,Visit 20-60 days after the member's last cover period ended.
ENT-01 service after cover ended,ENT,ENT-01-R01,CLM25708947,claim,,Visit 20-60 days after the member's last cover period ended.
ENT-01 service after cover ended,ENT,ENT-01-R01,CLM10423504,claim,,Visit 20-60 days after the member's last cover period ended.
ENT-01 cosmetic service billed under a plan that excludes it,ENT,ENT-01-R02,CLM58183346,claim,,"Rhinoplasty (COSMETIC family, covered=false)."
ENT-01 cosmetic service billed under a plan that excludes it,ENT,ENT-01-R02,CLM13721372,claim,,"Rhinoplasty (COSMETIC family, covered=false)."
ENT-01 cosmetic service billed under a plan that excludes it,ENT,ENT-01-R02,CLM75814448,claim,,"Rhinoplasty (COSMETIC family, covered=false)."
ENT-01 cosmetic service billed under a plan that excludes it,ENT,ENT-01-R02,CLM15483842,claim,,"Rhinoplasty (COSMETIC family, covered=false)."
ENT-01 cosmetic service billed under a plan that excludes it,ENT,ENT-01-R02,CLM94848662,claim,,"Rhinoplasty (COSMETIC family, covered=false)."
ENT-01 cosmetic service billed under a plan that excludes it,ENT,ENT-01-R02,CLM20984587,claim,,"Rhinoplasty (COSMETIC family, covered=false)."
ENT-01 physiotherapy course billed past the annual benefit limit,ENT,ENT-01-R03,CLM86075271,member,MBR006319,"Weekly sessions; the plan limit is AED 12,000; the last sessions exceed it."
ENT-01 physiotherapy course billed past the annual benefit limit,ENT,ENT-01-R03,CLM96376187,member,MBR006319,"Weekly sessions; the plan limit is AED 12,000; the last sessions exceed it."
ENT-01 physiotherapy course billed past the annual benefit limit,ENT,ENT-01-R03,CLM80315787,member,MBR006319,"Weekly sessions; the plan limit is AED 12,000; the last sessions exceed it."
ENT-01 physiotherapy course billed past the annual benefit limit,ENT,ENT-01-R03,CLM85853120,member,MBR002699,"Weekly sessions; the plan limit is AED 12,000; the last sessions exceed it."
ENT-01 physiotherapy course billed past the annual benefit limit,ENT,ENT-01-R03,CLM30190971,member,MBR002699,"Weekly sessions; the plan limit is AED 12,000; the last sessions exceed it."
ENT-01 physiotherapy course billed past the annual benefit limit,ENT,ENT-01-R03,CLM28368647,member,MBR002699,"Weekly sessions; the plan limit is AED 12,000; the last sessions exceed it."
ENT-01 clinic billing after leaving the payer network,ENT,ENT-01-R04,CLM33560092,provider,PRV0054,Network contract ended 30 Sep 2025.
ENT-01 clinic billing after leaving the payer network,ENT,ENT-01-R04,CLM32002313,provider,PRV0054,Network contract ended 30 Sep 2025.
ENT-01 clinic billing after leaving the payer network,ENT,ENT-01-R04,CLM99690520,provider,PRV0054,Network contract ended 30 Sep 2025.
ENT-01 clinic billing after leaving the payer network,ENT,ENT-01-R04,CLM64079087,provider,PRV0054,Network contract ended 30 Sep 2025.
ENT-01 clinic billing after leaving the payer network,ENT,ENT-01-R04,CLM31260281,provider,PRV0054,Network contract ended 30 Sep 2025.
ENT-01 clinic billing after leaving the payer network,ENT,ENT-01-R04,CLM61009327,provider,PRV0054,Network contract ended 30 Sep 2025.
ENT-01 clinic billing after leaving the payer network,ENT,ENT-01-R04,CLM31462424,provider,PRV0054,Network contract ended 30 Sep 2025.
ENT-01 clinic billing after leaving the payer network,ENT,ENT-01-R04,CLM57531498,provider,PRV0054,Network contract ended 30 Sep 2025.
ENT-01 clinic billing after leaving the payer network,ENT,ENT-01-R04,CLM67394764,provider,PRV0054,Network contract ended 30 Sep 2025.
ENT-01 clinic billing after leaving the payer network,ENT,ENT-01-R04,CLM95952454,provider,PRV0054,Network contract ended 30 Sep 2025.
ENT-01 clinic billing after leaving the payer network,ENT,ENT-01-R04,CLM20270939,provider,PRV0054,Network contract ended 30 Sep 2025.
ENT-01 clinic billing after leaving the payer network,ENT,ENT-01-R04,CLM79140554,provider,PRV0054,Network contract ended 30 Sep 2025.
ENT-01 clinic billing after leaving the payer network,ENT,ENT-01-R04,CLM93686067,provider,PRV0046,Network contract ended 30 Sep 2025.
ENT-01 clinic billing after leaving the payer network,ENT,ENT-01-R04,CLM93635747,provider,PRV0046,Network contract ended 30 Sep 2025.
ENT-01 clinic billing after leaving the payer network,ENT,ENT-01-R04,CLM35835681,provider,PRV0046,Network contract ended 30 Sep 2025.
ENT-01 clinic billing after leaving the payer network,ENT,ENT-01-R04,CLM10153356,provider,PRV0046,Network contract ended 30 Sep 2025.
ENT-02 one Emirates-ID reference on two records with different dates of birth,ENT,ENT-02-R01,CLM28089742,member,MBR004541;MBR002748,
ENT-02 one Emirates-ID reference on two records with different dates of birth,ENT,ENT-02-R01,CLM23750467,member,MBR004541;MBR002748,
ENT-02 one Emirates-ID reference on two records with different dates of birth,ENT,ENT-02-R01,CLM47520028,member,MBR004541;MBR002748,
ENT-02 one Emirates-ID reference on two records with different dates of birth,ENT,ENT-02-R01,CLM31291278,member,MBR004541;MBR002748,
ENT-02 one Emirates-ID reference on two records with different dates of birth,ENT,ENT-02-R01,CLM69964154,member,MBR004541;MBR002748,
ENT-02 one Emirates-ID reference on two records with different dates of birth,ENT,ENT-02-R01,CLM65842299,member,MBR004541;MBR002748,
ENT-02 one Emirates-ID reference on two records with different dates of birth,ENT,ENT-02-R01,CLM14187162,member,MBR004541;MBR002748,
ENT-02 one Emirates-ID reference on two records with different dates of birth,ENT,ENT-02-R01,CLM49902397,member,MBR004541;MBR002748,
ENT-02 one Emirates-ID reference on two records with different dates of birth,ENT,ENT-02-R01,CLM69939804,member,MBR004541;MBR002748,
ENT-02 one Emirates-ID reference on two records with different dates of birth,ENT,ENT-02-R01,CLM64622687,member,MBR004541;MBR002748,
ENT-02 one Emirates-ID reference on two records with different dates of birth,ENT,ENT-02-R01,CLM42318479,member,MBR000257;MBR007427,
ENT-02 one Emirates-ID reference on two records with different dates of birth,ENT,ENT-02-R01,CLM63730094,member,MBR000257;MBR007427,
ENT-02 one Emirates-ID reference on two records with different dates of birth,ENT,ENT-02-R01,CLM44664966,member,MBR007716;MBR005993,
ENT-02 one Emirates-ID reference on two records with different dates of birth,ENT,ENT-02-R01,CLM84508848,member,MBR008940;MBR003247,
ENT-02 one Emirates-ID reference on two records with different dates of birth,ENT,ENT-02-R01,CLM36352970,member,MBR008940;MBR003247,
ENT-02 one Emirates-ID reference on two records with different dates of birth,ENT,ENT-02-R01,CLM22575342,member,MBR008940;MBR003247,
ENT-02 one Emirates-ID reference on two records with different dates of birth,ENT,ENT-02-R01,CLM53973901,member,MBR008940;MBR003247,
ENT-02 one Emirates-ID reference on two records with different dates of birth,ENT,ENT-02-R01,CLM15347542,member,MBR008940;MBR003247,
ENT-02 one Emirates-ID reference on two records with different dates of birth,ENT,ENT-02-R01,CLM79522996,member,MBR008940;MBR003247,
ENT-02 one Emirates-ID reference on two records with different dates of birth,ENT,ENT-02-R01,CLM39790666,member,MBR008940;MBR003247,
ENT-02 one Emirates-ID reference on two records with different dates of birth,ENT,ENT-02-R01,CLM55418667,member,MBR008940;MBR003247,
ENT-02 one Emirates-ID reference on two records with different dates of birth,ENT,ENT-02-R01,CLM10879245,member,MBR008940;MBR003247,
ENT-02 one Emirates-ID reference on two records with different dates of birth,ENT,ENT-02-R01,CLM62902331,member,MBR008940;MBR003247,
ENT-02 services after the member's recorded death,ENT,ENT-02-R02,CLM81431185,member,MBR006363,Death recorded 2025-10-08.
ENT-02 services after the member's recorded death,ENT,ENT-02-R02,CLM10686290,member,MBR006363,Death recorded 2025-10-08.
ENT-02 services after the member's recorded death,ENT,ENT-02-R02,CLM39547675,member,MBR005292,Death recorded 2025-01-02.
ENT-02 services after the member's recorded death,ENT,ENT-02-R02,CLM65703244,member,MBR005292,Death recorded 2025-01-02.
ENT-02 services after the member's recorded death,ENT,ENT-02-R02,CLM27573941,member,MBR007267,Death recorded 2025-05-08.
ENT-02 services after the member's recorded death,ENT,ENT-02-R02,CLM12723709,member,MBR007267,Death recorded 2025-05-08.
ENT-02 services after the member's recorded death,ENT,ENT-02-R02,CLM24114677,member,MBR004424,Death recorded 2025-09-25.
ENT-02 services after the member's recorded death,ENT,ENT-02-R02,CLM67077553,member,MBR004424,Death recorded 2025-09-25.
ENT-02 services after the member's recorded death,ENT,ENT-02-R02,CLM95270455,member,MBR004366,Death recorded 2025-05-14.
ENT-02 services after the member's recorded death,ENT,ENT-02-R02,CLM46066990,member,MBR004366,Death recorded 2025-05-14.
ENT-02 death reported by an unreliable source (exclusion look-alike),ENT,ENT-02-R02,CLM59658901,member,MBR006181,Death-source confidence 0.4; must not fire.
ENT-02 death reported by an unreliable source (exclusion look-alike),ENT,ENT-02-R02,CLM65958472,member,MBR006181,Death-source confidence 0.4; must not fire.
ENT-02 death reported by an unreliable source (exclusion look-alike),ENT,ENT-02-R02,CLM72335975,member,MBR006181,Death-source confidence 0.4; must not fire.
ENT-02 one member's cover used in two distant emirates on the same days,ENT,ENT-02-R04,CLM62635084,member,MBR004772,
ENT-02 one member's cover used in two distant emirates on the same days,ENT,ENT-02-R04,CLM67483807,member,MBR004772,
ENT-02 one member's cover used in two distant emirates on the same days,ENT,ENT-02-R04,CLM75184372,member,MBR004772,
ENT-02 one member's cover used in two distant emirates on the same days,ENT,ENT-02-R04,CLM26118738,member,MBR004772,
ENT-02 one member's cover used in two distant emirates on the same days,ENT,ENT-02-R04,CLM70792428,member,MBR000711,
ENT-02 one member's cover used in two distant emirates on the same days,ENT,ENT-02-R04,CLM82056634,member,MBR000711,
ENT-02 one member's cover used in two distant emirates on the same days,ENT,ENT-02-R04,CLM31662553,member,MBR000711,
ENT-02 one member's cover used in two distant emirates on the same days,ENT,ENT-02-R04,CLM51111237,member,MBR000711,
ENT-02 one member's cover used in two distant emirates on the same days,ENT,ENT-02-R04,CLM89520987,member,MBR001855,
ENT-02 one member's cover used in two distant emirates on the same days,ENT,ENT-02-R04,CLM26489739,member,MBR001855,
ENT-02 one member's cover used in two distant emirates on the same days,ENT,ENT-02-R04,CLM89353965,member,MBR001855,
ENT-02 one member's cover used in two distant emirates on the same days,ENT,ENT-02-R04,CLM94693523,member,MBR001855,
ENT-02 one member's cover used in two distant emirates on the same days,ENT,ENT-02-R04,CLM92767005,member,MBR000153,
ENT-02 one member's cover used in two distant emirates on the same days,ENT,ENT-02-R04,CLM52388453,member,MBR000153,
ENT-02 one member's cover used in two distant emirates on the same days,ENT,ENT-02-R04,CLM69301420,member,MBR000153,
ENT-02 one member's cover used in two distant emirates on the same days,ENT,ENT-02-R04,CLM37787339,member,MBR000153,
ENT-02 one member's cover used in two distant emirates on the same days,ENT,ENT-02-R04,CLM70054578,member,MBR003826,
ENT-02 one member's cover used in two distant emirates on the same days,ENT,ENT-02-R04,CLM85438794,member,MBR003826,
ENT-02 one member's cover used in two distant emirates on the same days,ENT,ENT-02-R04,CLM49935323,member,MBR003826,
ENT-02 one member's cover used in two distant emirates on the same days,ENT,ENT-02-R04,CLM63203775,member,MBR003826,
ENT-02 same-day visits in neighbouring emirates (look-alike),ENT,ENT-02-R04,CLM33893172,member,MBR004100,Neighbouring emirates; must not count as distant use.
ENT-02 same-day visits in neighbouring emirates (look-alike),ENT,ENT-02-R04,CLM62595620,member,MBR004100,Neighbouring emirates; must not count as distant use.
ENT-02 same-day visits in neighbouring emirates (look-alike),ENT,ENT-02-R04,CLM55366826,member,MBR004100,Neighbouring emirates; must not count as distant use.
ENT-02 same-day visits in neighbouring emirates (look-alike),ENT,ENT-02-R04,CLM60066556,member,MBR004100,Neighbouring emirates; must not count as distant use.
ENT-03 clinic billing after its facility licence expired,ENT,ENT-03-R01,CLM31654503,provider,PRV0099,Licence expired 30 Sep 2025.
ENT-03 clinic billing after its facility licence expired,ENT,ENT-03-R01,CLM66100607,provider,PRV0099,Licence expired 30 Sep 2025.
ENT-03 clinic billing after its facility licence expired,ENT,ENT-03-R01,CLM45069153,provider,PRV0099,Licence expired 30 Sep 2025.
ENT-03 clinic billing after its facility licence expired,ENT,ENT-03-R01,CLM49123964,provider,PRV0099,Licence expired 30 Sep 2025.
ENT-03 clinic billing after its facility licence expired,ENT,ENT-03-R01,CLM94791944,provider,PRV0099,Licence expired 30 Sep 2025.
ENT-03 clinic billing after its facility licence expired,ENT,ENT-03-R01,CLM97463892,provider,PRV0099,Licence expired 30 Sep 2025.
ENT-03 clinic billing after its facility licence expired,ENT,ENT-03-R01,CLM74211000,provider,PRV0085,Licence expired 30 Sep 2025.
ENT-03 clinic billing after its facility licence expired,ENT,ENT-03-R01,CLM75186073,provider,PRV0085,Licence expired 30 Sep 2025.
ENT-03 clinic billing after its facility licence expired,ENT,ENT-03-R01,CLM81326004,provider,PRV0085,Licence expired 30 Sep 2025.
ENT-03 clinic billing after its facility licence expired,ENT,ENT-03-R01,CLM23393878,provider,PRV0085,Licence expired 30 Sep 2025.
ENT-03 clinic billing after its facility licence expired,ENT,ENT-03-R01,CLM90558232,provider,PRV0085,Licence expired 30 Sep 2025.
ENT-03 clinic billing after its facility licence expired,ENT,ENT-03-R01,CLM53255617,provider,PRV0085,Licence expired 30 Sep 2025.
ENT-03 clinic billing after its facility licence expired,ENT,ENT-03-R01,CLM80437697,provider,PRV0085,Licence expired 30 Sep 2025.
ENT-03 clinic billing after its facility licence expired,ENT,ENT-03-R01,CLM67656350,provider,PRV0085,Licence expired 30 Sep 2025.
ENT-03 clinic billing after its facility licence expired,ENT,ENT-03-R01,CLM40245032,provider,PRV0085,Licence expired 30 Sep 2025.
ENT-03 clinic billing after its facility licence expired,ENT,ENT-03-R01,CLM86190837,provider,PRV0085,Licence expired 30 Sep 2025.
ENT-03 clinician billing after their licence expired,ENT,ENT-03-R01,CLM26850709,clinician,CL00466,Licence ended 2025-09-02.
ENT-03 clinician billing after their licence expired,ENT,ENT-03-R01,CLM27540672,clinician,CL00466,Licence ended 2025-09-02.
ENT-03 clinician billing after their licence expired,ENT,ENT-03-R01,CLM84914832,clinician,CL00466,Licence ended 2025-09-02.
ENT-03 clinician billing after their licence expired,ENT,ENT-03-R01,CLM63130747,clinician,CL00466,Licence ended 2025-09-02.
ENT-03 clinician billing after their licence expired,ENT,ENT-03-R01,CLM64182339,clinician,CL01040,Licence ended 2025-11-23.
ENT-03 clinician billing after their licence expired,ENT,ENT-03-R01,CLM30128634,clinician,CL01040,Licence ended 2025-11-23.
ENT-03 clinician billing after their licence expired,ENT,ENT-03-R01,CLM43477820,clinician,CL01040,Licence ended 2025-11-23.
ENT-03 clinician billing after their licence expired,ENT,ENT-03-R01,CLM72120069,clinician,CL01040,Licence ended 2025-11-23.
ENT-03 clinician billing after their licence expired,ENT,ENT-03-R01,CLM31512635,clinician,CL01040,Licence ended 2025-11-23.
ENT-03 clinician billing after their licence expired,ENT,ENT-03-R01,CLM18182276,clinician,CL00641,Licence ended 2025-11-10.
ENT-03 clinician billing after their licence expired,ENT,ENT-03-R01,CLM39745970,clinician,CL00641,Licence ended 2025-11-10.
ENT-03 clinician billing after their licence expired,ENT,ENT-03-R01,CLM57918147,clinician,CL00641,Licence ended 2025-11-10.
ENT-03 clinician billing after their licence expired,ENT,ENT-03-R01,CLM93051220,clinician,CL00641,Licence ended 2025-11-10.
ENT-03 service inside the licence grace period (exclusion look-alike),ENT,ENT-03-R01,CLM81843578,clinician,CL01349,Within the 14-day approved grace; must not fire.
ENT-03 service inside the licence grace period (exclusion look-alike),ENT,ENT-03-R01,CLM76437127,clinician,CL01349,Within the 14-day approved grace; must not fire.
ENT-03 GP whose privileges exclude joint injections billing one,ENT,ENT-03-R03,CLM49816695,clinician,CL01293,Privilege list carries NOT:PROC_ORTHO.
ENT-03 GP whose privileges exclude joint injections billing one,ENT,ENT-03-R03,CLM98959842,clinician,CL01293,Privilege list carries NOT:PROC_ORTHO.
ENT-03 GP whose privileges exclude joint injections billing one,ENT,ENT-03-R03,CLM59494212,clinician,CL01122,Privilege list carries NOT:PROC_ORTHO.
ENT-03 GP whose privileges exclude joint injections billing one,ENT,ENT-03-R03,CLM36851621,clinician,CL01122,Privilege list carries NOT:PROC_ORTHO.
ENT-03 GP whose privileges exclude joint injections billing one,ENT,ENT-03-R03,CLM70895773,clinician,CL01206,Privilege list carries NOT:PROC_ORTHO.
ENT-03 GP whose privileges exclude joint injections billing one,ENT,ENT-03-R03,CLM39223497,clinician,CL01206,Privilege list carries NOT:PROC_ORTHO.
ENT-03 GP billing specialist consultation codes,ENT,ENT-03-R04,CLM82679027,clinician,CL01245,
ENT-03 GP billing specialist consultation codes,ENT,ENT-03-R04,CLM46991853,clinician,CL01160,
ENT-03 GP billing specialist consultation codes,ENT,ENT-03-R04,CLM66819153,clinician,CL01184,
ENT-03 GP billing specialist consultation codes,ENT,ENT-03-R04,CLM81448476,clinician,CL01184,
ENT-03 newly credentialed clinic billing far above peers at once,ENT,ENT-03-R05,CLM23596306,provider,PRV0241,
ENT-03 newly credentialed clinic billing far above peers at once,ENT,ENT-03-R05,CLM40025061,provider,PRV0241,
ENT-03 newly credentialed clinic billing far above peers at once,ENT,ENT-03-R05,CLM26887432,provider,PRV0241,
ENT-03 newly credentialed clinic billing far above peers at once,ENT,ENT-03-R05,CLM48270067,provider,PRV0241,
ENT-03 newly credentialed clinic billing far above peers at once,ENT,ENT-03-R05,CLM50699236,provider,PRV0241,
ENT-03 newly credentialed clinic billing far above peers at once,ENT,ENT-03-R05,CLM56332791,provider,PRV0241,
ENT-03 newly credentialed clinic billing far above peers at once,ENT,ENT-03-R05,CLM15213844,provider,PRV0241,
ENT-03 newly credentialed clinic billing far above peers at once,ENT,ENT-03-R05,CLM80092181,provider,PRV0241,
ENT-03 newly credentialed clinic billing far above peers at once,ENT,ENT-03-R05,CLM56481554,provider,PRV0241,
ENT-03 newly credentialed clinic billing far above peers at once,ENT,ENT-03-R05,CLM22431834,provider,PRV0241,
ENT-03 newly credentialed clinic billing far above peers at once,ENT,ENT-03-R05,CLM16287912,provider,PRV0241,
ENT-03 newly credentialed clinic billing far above peers at once,ENT,ENT-03-R05,CLM75644300,provider,PRV0241,
ENT-03 newly credentialed clinic billing far above peers at once,ENT,ENT-03-R05,CLM62221234,provider,PRV0241,
ENT-03 newly credentialed clinic billing far above peers at once,ENT,ENT-03-R05,CLM44729731,provider,PRV0241,
ENT-03 newly credentialed clinic billing far above peers at once,ENT,ENT-03-R05,CLM30937287,provider,PRV0241,
ENT-03 newly credentialed clinic billing far above peers at once,ENT,ENT-03-R05,CLM11857835,provider,PRV0241,
ENT-03 newly credentialed clinic billing far above peers at once,ENT,ENT-03-R05,CLM72076484,provider,PRV0241,
ENT-03 newly credentialed clinic billing far above peers at once,ENT,ENT-03-R05,CLM63400405,provider,PRV0241,
ENT-03 newly credentialed clinic billing far above peers at once,ENT,ENT-03-R05,CLM60651897,provider,PRV0241,
ENT-03 newly credentialed clinic billing far above peers at once,ENT,ENT-03-R05,CLM80499411,provider,PRV0241,
ENT-03 newly credentialed clinic billing far above peers at once,ENT,ENT-03-R05,CLM30150451,provider,PRV0241,
ENT-03 newly credentialed clinic billing far above peers at once,ENT,ENT-03-R05,CLM25001003,provider,PRV0241,
ENT-03 newly credentialed clinic billing far above peers at once,ENT,ENT-03-R05,CLM23442071,provider,PRV0241,
ENT-03 newly credentialed clinic billing far above peers at once,ENT,ENT-03-R05,CLM26703133,provider,PRV0241,
ENT-03 newly credentialed clinic billing far above peers at once,ENT,ENT-03-R05,CLM56840281,provider,PRV0241,
ENT-03 newly credentialed clinic billing far above peers at once,ENT,ENT-03-R05,CLM81030255,provider,PRV0241,
ENT-03 newly credentialed clinic billing far above peers at once,ENT,ENT-03-R05,CLM70037250,provider,PRV0241,
ENT-03 newly credentialed clinic billing far above peers at once,ENT,ENT-03-R05,CLM47455907,provider,PRV0241,
ENT-03 newly credentialed clinic billing far above peers at once,ENT,ENT-03-R05,CLM95483165,provider,PRV0241,
ENT-03 newly credentialed clinic billing far above peers at once,ENT,ENT-03-R05,CLM57085328,provider,PRV0241,
ENT-03 newly credentialed clinic billing far above peers at once,ENT,ENT-03-R05,CLM79207871,provider,PRV0241,
ENT-03 newly credentialed clinic billing far above peers at once,ENT,ENT-03-R05,CLM36859838,provider,PRV0241,
ENT-03 newly credentialed clinic billing far above peers at once,ENT,ENT-03-R05,CLM71183860,provider,PRV0241,
ENT-03 newly credentialed clinic billing far above peers at once,ENT,ENT-03-R05,CLM24682053,provider,PRV0241,
ENT-03 newly credentialed clinic billing far above peers at once,ENT,ENT-03-R05,CLM74779954,provider,PRV0241,
ENT-03 newly credentialed clinic billing far above peers at once,ENT,ENT-03-R05,CLM80958735,provider,PRV0241,
ENT-03 newly credentialed clinic billing far above peers at once,ENT,ENT-03-R05,CLM64610583,provider,PRV0241,
ENT-03 newly credentialed clinic billing far above peers at once,ENT,ENT-03-R05,CLM82180144,provider,PRV0241,
ENT-03 newly credentialed clinic billing far above peers at once,ENT,ENT-03-R05,CLM66777758,provider,PRV0241,
ENT-03 newly credentialed clinic billing far above peers at once,ENT,ENT-03-R05,CLM28989934,provider,PRV0241,
ENT-03 newly credentialed clinic billing far above peers at once,ENT,ENT-03-R05,CLM40012834,provider,PRV0241,
ENT-03 newly credentialed clinic billing far above peers at once,ENT,ENT-03-R05,CLM51497162,provider,PRV0241,
ENT-03 newly credentialed clinic billing far above peers at once,ENT,ENT-03-R05,CLM32361161,provider,PRV0241,
ENT-03 newly credentialed clinic billing far above peers at once,ENT,ENT-03-R05,CLM36280702,provider,PRV0241,
ENT-03 newly credentialed clinic billing far above peers at once,ENT,ENT-03-R05,CLM11266377,provider,PRV0241,
ENT-03 newly credentialed clinic billing far above peers at once,ENT,ENT-03-R05,CLM85307932,provider,PRV0241,
ENT-03 newly credentialed clinic billing far above peers at once,ENT,ENT-03-R05,CLM58350347,provider,PRV0241,
ENT-03 newly credentialed clinic billing far above peers at once,ENT,ENT-03-R05,CLM99421174,provider,PRV0241,
ENT-03 burst right after an acquisition (exclusion look-alike),ENT,ENT-03-R05,CLM96636175,provider,PRV0242,Ownership changed at the start; must not fire.
ENT-03 burst right after an acquisition (exclusion look-alike),ENT,ENT-03-R05,CLM48715454,provider,PRV0242,Ownership changed at the start; must not fire.
ENT-03 burst right after an acquisition (exclusion look-alike),ENT,ENT-03-R05,CLM15216426,provider,PRV0242,Ownership changed at the start; must not fire.
ENT-03 burst right after an acquisition (exclusion look-alike),ENT,ENT-03-R05,CLM14549454,provider,PRV0242,Ownership changed at the start; must not fire.
ENT-03 burst right after an acquisition (exclusion look-alike),ENT,ENT-03-R05,CLM73892255,provider,PRV0242,Ownership changed at the start; must not fire.
ENT-03 burst right after an acquisition (exclusion look-alike),ENT,ENT-03-R05,CLM70685213,provider,PRV0242,Ownership changed at the start; must not fire.
ENT-03 burst right after an acquisition (exclusion look-alike),ENT,ENT-03-R05,CLM80546899,provider,PRV0242,Ownership changed at the start; must not fire.
ENT-03 burst right after an acquisition (exclusion look-alike),ENT,ENT-03-R05,CLM23322426,provider,PRV0242,Ownership changed at the start; must not fire.
ENT-03 burst right after an acquisition (exclusion look-alike),ENT,ENT-03-R05,CLM66444560,provider,PRV0242,Ownership changed at the start; must not fire.
ENT-03 burst right after an acquisition (exclusion look-alike),ENT,ENT-03-R05,CLM91229380,provider,PRV0242,Ownership changed at the start; must not fire.
ENT-03 burst right after an acquisition (exclusion look-alike),ENT,ENT-03-R05,CLM87833646,provider,PRV0242,Ownership changed at the start; must not fire.
ENT-03 burst right after an acquisition (exclusion look-alike),ENT,ENT-03-R05,CLM83626741,provider,PRV0242,Ownership changed at the start; must not fire.
ENT-03 burst right after an acquisition (exclusion look-alike),ENT,ENT-03-R05,CLM72943567,provider,PRV0242,Ownership changed at the start; must not fire.
ENT-03 burst right after an acquisition (exclusion look-alike),ENT,ENT-03-R05,CLM64384010,provider,PRV0242,Ownership changed at the start; must not fire.
ENT-03 burst right after an acquisition (exclusion look-alike),ENT,ENT-03-R05,CLM26986436,provider,PRV0242,Ownership changed at the start; must not fire.
ENT-03 burst right after an acquisition (exclusion look-alike),ENT,ENT-03-R05,CLM84151452,provider,PRV0242,Ownership changed at the start; must not fire.
ENT-03 burst right after an acquisition (exclusion look-alike),ENT,ENT-03-R05,CLM45953637,provider,PRV0242,Ownership changed at the start; must not fire.
ENT-03 burst right after an acquisition (exclusion look-alike),ENT,ENT-03-R05,CLM82777133,provider,PRV0242,Ownership changed at the start; must not fire.
ENT-03 burst right after an acquisition (exclusion look-alike),ENT,ENT-03-R05,CLM15873156,provider,PRV0242,Ownership changed at the start; must not fire.
ENT-03 burst right after an acquisition (exclusion look-alike),ENT,ENT-03-R05,CLM35304812,provider,PRV0242,Ownership changed at the start; must not fire.
ENT-03 burst right after an acquisition (exclusion look-alike),ENT,ENT-03-R05,CLM20748589,provider,PRV0242,Ownership changed at the start; must not fire.
ENT-03 burst right after an acquisition (exclusion look-alike),ENT,ENT-03-R05,CLM88984807,provider,PRV0242,Ownership changed at the start; must not fire.
ENT-03 burst right after an acquisition (exclusion look-alike),ENT,ENT-03-R05,CLM68318996,provider,PRV0242,Ownership changed at the start; must not fire.
ENT-03 burst right after an acquisition (exclusion look-alike),ENT,ENT-03-R05,CLM26569537,provider,PRV0242,Ownership changed at the start; must not fire.
ENT-03 burst right after an acquisition (exclusion look-alike),ENT,ENT-03-R05,CLM30257089,provider,PRV0242,Ownership changed at the start; must not fire.
ENT-03 burst right after an acquisition (exclusion look-alike),ENT,ENT-03-R05,CLM53054535,provider,PRV0242,Ownership changed at the start; must not fire.
ENT-03 burst right after an acquisition (exclusion look-alike),ENT,ENT-03-R05,CLM59596052,provider,PRV0242,Ownership changed at the start; must not fire.
ENT-03 burst right after an acquisition (exclusion look-alike),ENT,ENT-03-R05,CLM63144889,provider,PRV0242,Ownership changed at the start; must not fire.
ENT-03 burst right after an acquisition (exclusion look-alike),ENT,ENT-03-R05,CLM97792072,provider,PRV0242,Ownership changed at the start; must not fire.
ENT-03 burst right after an acquisition (exclusion look-alike),ENT,ENT-03-R05,CLM59525980,provider,PRV0242,Ownership changed at the start; must not fire.
ENT-03 burst right after an acquisition (exclusion look-alike),ENT,ENT-03-R05,CLM81533020,provider,PRV0242,Ownership changed at the start; must not fire.
ENT-03 burst right after an acquisition (exclusion look-alike),ENT,ENT-03-R05,CLM27981845,provider,PRV0242,Ownership changed at the start; must not fire.
ENT-03 burst right after an acquisition (exclusion look-alike),ENT,ENT-03-R05,CLM34879936,provider,PRV0242,Ownership changed at the start; must not fire.
ENT-03 burst right after an acquisition (exclusion look-alike),ENT,ENT-03-R05,CLM19594858,provider,PRV0242,Ownership changed at the start; must not fire.
ENT-03 burst right after an acquisition (exclusion look-alike),ENT,ENT-03-R05,CLM91111933,provider,PRV0242,Ownership changed at the start; must not fire.
ENT-03 burst right after an acquisition (exclusion look-alike),ENT,ENT-03-R05,CLM99440687,provider,PRV0242,Ownership changed at the start; must not fire.
ENT-03 burst right after an acquisition (exclusion look-alike),ENT,ENT-03-R05,CLM44132091,provider,PRV0242,Ownership changed at the start; must not fire.
ENT-03 burst right after an acquisition (exclusion look-alike),ENT,ENT-03-R05,CLM76668318,provider,PRV0242,Ownership changed at the start; must not fire.
ENT-03 burst right after an acquisition (exclusion look-alike),ENT,ENT-03-R05,CLM24745717,provider,PRV0242,Ownership changed at the start; must not fire.
ENT-03 burst right after an acquisition (exclusion look-alike),ENT,ENT-03-R05,CLM80354253,provider,PRV0242,Ownership changed at the start; must not fire.
ENT-03 burst right after an acquisition (exclusion look-alike),ENT,ENT-03-R05,CLM56514274,provider,PRV0242,Ownership changed at the start; must not fire.
ENT-03 burst right after an acquisition (exclusion look-alike),ENT,ENT-03-R05,CLM51465464,provider,PRV0242,Ownership changed at the start; must not fire.
ENT-03 burst right after an acquisition (exclusion look-alike),ENT,ENT-03-R05,CLM31785823,provider,PRV0242,Ownership changed at the start; must not fire.
ENT-03 burst right after an acquisition (exclusion look-alike),ENT,ENT-03-R05,CLM26919584,provider,PRV0242,Ownership changed at the start; must not fire.
ENT-03 burst right after an acquisition (exclusion look-alike),ENT,ENT-03-R05,CLM95025098,provider,PRV0242,Ownership changed at the start; must not fire.
ENT-03 burst right after an acquisition (exclusion look-alike),ENT,ENT-03-R05,CLM14840293,provider,PRV0242,Ownership changed at the start; must not fire.
ENT-03 burst right after an acquisition (exclusion look-alike),ENT,ENT-03-R05,CLM13222414,provider,PRV0242,Ownership changed at the start; must not fire.
ENT-03 burst right after an acquisition (exclusion look-alike),ENT,ENT-03-R05,CLM11985161,provider,PRV0242,Ownership changed at the start; must not fire.
ENT-04 consultation line with no treating clinician,ENT,ENT-04-R01,CLM70207951,claim,,
ENT-04 consultation line with no treating clinician,ENT,ENT-04-R01,CLM93977024,claim,,
ENT-04 consultation line with no treating clinician,ENT,ENT-04-R01,CLM58486590,claim,,
ENT-04 consultation line with the facility's own code as treating clinician,ENT,ENT-04-R01,CLM68817509,claim,,
ENT-04 consultation line with the facility's own code as treating clinician,ENT,ENT-04-R01,CLM99214866,claim,,
ENT-04 consultation line with a clinician ID on no roster,ENT,ENT-04-R01,CLM91420699,claim,,
ENT-04 clinician from another facility billed as the treating clinician,ENT,ENT-04-R02,CLM48342252,claim,CL01089,
ENT-04 clinician from another facility billed as the treating clinician,ENT,ENT-04-R02,CLM34284236,claim,CL01181,
ENT-04 clinician from another facility billed as the treating clinician,ENT,ENT-04-R02,CLM21992555,claim,CL01088,
ENT-04 clinician from another facility billed as the treating clinician,ENT,ENT-04-R02,CLM68976059,claim,CL01317,
ENT-04 clinician from another facility billed as the treating clinician,ENT,ENT-04-R02,CLM68592476,claim,CL00978,
ENT-04 physiotherapist billed for three overlapping timed sessions,ENT,ENT-04-R03,CLM84186051,clinician,CL01068,
ENT-04 physiotherapist billed for three overlapping timed sessions,ENT,ENT-04-R03,CLM21357936,clinician,CL01068,
ENT-04 physiotherapist billed for three overlapping timed sessions,ENT,ENT-04-R03,CLM97782013,clinician,CL01068,
ENT-04 physiotherapist billed for three overlapping timed sessions,ENT,ENT-04-R03,CLM37794510,clinician,CL00925,
ENT-04 physiotherapist billed for three overlapping timed sessions,ENT,ENT-04-R03,CLM63365463,clinician,CL00925,
ENT-04 physiotherapist billed for three overlapping timed sessions,ENT,ENT-04-R03,CLM46771091,clinician,CL00925,
ENT-04 clinician billed while on recorded annual leave,ENT,ENT-04-R04,,clinician,CL01168,Leave 2025-12-01 to 2025-12-21.
ENT-04 clinician billed while on recorded annual leave,ENT,ENT-04-R04,CLM95520401,clinician,CL01166,Leave 2025-09-01 to 2025-09-22.
ENT-04 clinician billed while on recorded annual leave,ENT,ENT-04-R04,CLM27243842,clinician,CL01166,Leave 2025-09-01 to 2025-09-22.
ENT-04 clinician billed while on recorded annual leave,ENT,ENT-04-R04,CLM69703191,clinician,CL01024,Leave 2025-10-06 to 2025-10-26.
ENT-04 clinician billed in two distant emirates twenty minutes apart,ENT,ENT-04-R04,CLM63290217,clinician,CL01188,
ENT-04 clinician billed in two distant emirates twenty minutes apart,ENT,ENT-04-R04,CLM54906732,clinician,CL01188,
ENT-05 service billed by a pharmacy not licensed for it,ENT,ENT-05-R01,CLM91259065,claim,PRV0173,
ENT-05 service billed by a pharmacy not licensed for it,ENT,ENT-05-R01,CLM80850034,claim,PRV0165,
ENT-05 service billed by a pharmacy not licensed for it,ENT,ENT-05-R01,CLM86530208,claim,PRV0146,
ENT-05 service billed by a radiology centre not licensed for it,ENT,ENT-05-R01,CLM22017453,claim,PRV0220,
ENT-05 service billed by a radiology centre not licensed for it,ENT,ENT-05-R01,CLM56600584,claim,PRV0239,
"ENT-05 stay without a bed record, patient transferred (exclusion look-alike)",ENT,ENT-05-R02,CLM99087556,claim,,Transferred case; must not fire.
ENT-05 inpatient stay billed with no bed assigned,ENT,ENT-05-R02,CLM78885248,claim,,
ENT-05 inpatient stay billed with no bed assigned,ENT,ENT-05-R02,CLM50977106,claim,,
ENT-05 inpatient stay billed with no bed assigned,ENT,ENT-05-R02,CLM41318469,claim,,
ENT-05 inpatient stay billed with no bed assigned,ENT,ENT-05-R02,CLM14164773,claim,,
ENT-05 inpatient stay billed with no bed assigned,ENT,ENT-05-R02,CLM81544103,claim,,
ENT-05 outpatient visit billed at the same hospital during the stay,ENT,ENT-05-R03,CLM42809000,claim,,
ENT-05 outpatient visit billed at the same hospital during the stay,ENT,ENT-05-R03,CLM63144319,claim,,
ENT-05 outpatient visit billed at the same hospital during the stay,ENT,ENT-05-R03,CLM72627025,claim,,
ENT-05 outpatient visit billed at the same hospital during the stay,ENT,ENT-05-R03,CLM84347909,claim,,
ENT-05 outpatient visit billed at the same hospital during the stay,ENT,ENT-05-R03,CLM39657866,claim,,
ENT-05 outpatient visit billed at the same hospital during the stay,ENT,ENT-05-R03,CLM93657326,claim,,
ENT-05 outpatient visit billed at the same hospital during the stay,ENT,ENT-05-R03,CLM97860773,claim,,
ENT-05 outpatient visit billed at the same hospital during the stay,ENT,ENT-05-R03,CLM18244074,claim,,
ENT-05 outpatient visit billed at the same hospital during the stay,ENT,ENT-05-R03,CLM84830632,claim,,
ENT-05 outpatient visit billed at the same hospital during the stay,ENT,ENT-05-R03,CLM78002703,claim,,
ENT-05 hospital recording ordinary visits as day cases from August 2025,ENT,ENT-05-R04,CLM25655722,provider,PRV0022,
ENT-05 hospital recording ordinary visits as day cases from August 2025,ENT,ENT-05-R04,CLM34839913,provider,PRV0022,
ENT-05 hospital recording ordinary visits as day cases from August 2025,ENT,ENT-05-R04,CLM20781343,provider,PRV0022,
ENT-05 hospital recording ordinary visits as day cases from August 2025,ENT,ENT-05-R04,CLM36160140,provider,PRV0022,
ENT-05 hospital recording ordinary visits as day cases from August 2025,ENT,ENT-05-R04,CLM73268188,provider,PRV0022,
ENT-05 hospital recording ordinary visits as day cases from August 2025,ENT,ENT-05-R04,CLM80137859,provider,PRV0022,
ENT-05 hospital recording ordinary visits as day cases from August 2025,ENT,ENT-05-R04,CLM24225234,provider,PRV0022,
ENT-05 hospital recording ordinary visits as day cases from August 2025,ENT,ENT-05-R04,CLM59343730,provider,PRV0022,
ENT-05 hospital recording ordinary visits as day cases from August 2025,ENT,ENT-05-R04,CLM99497045,provider,PRV0022,
ENT-05 hospital recording ordinary visits as day cases from August 2025,ENT,ENT-05-R04,CLM97314769,provider,PRV0022,
ENT-05 hospital recording ordinary visits as day cases from August 2025,ENT,ENT-05-R04,CLM61733026,provider,PRV0022,
ENT-05 hospital recording ordinary visits as day cases from August 2025,ENT,ENT-05-R04,CLM46876511,provider,PRV0022,
ENT-05 hospital recording ordinary visits as day cases from August 2025,ENT,ENT-05-R04,CLM37174472,provider,PRV0022,
ENT-05 hospital recording ordinary visits as day cases from August 2025,ENT,ENT-05-R04,CLM93464418,provider,PRV0022,
ENT-05 hospital recording ordinary visits as day cases from August 2025,ENT,ENT-05-R04,CLM81689316,provider,PRV0022,
ENT-05 hospital recording ordinary visits as day cases from August 2025,ENT,ENT-05-R04,CLM33436494,provider,PRV0022,
ENT-05 hospital recording ordinary visits as day cases from August 2025,ENT,ENT-05-R04,CLM29817854,provider,PRV0022,
ENT-05 hospital recording ordinary visits as day cases from August 2025,ENT,ENT-05-R04,CLM55049838,provider,PRV0022,
ENT-05 hospital recording ordinary visits as day cases from August 2025,ENT,ENT-05-R04,CLM52066986,provider,PRV0022,
ENT-05 hospital recording ordinary visits as day cases from August 2025,ENT,ENT-05-R04,CLM87630389,provider,PRV0022,
ENT-05 hospital recording ordinary visits as day cases from August 2025,ENT,ENT-05-R04,CLM23439537,provider,PRV0022,
ENT-06 telehealth visit billing an ECG,ENT,ENT-06-R01,CLM84949800,claim,CL01308,
ENT-06 telehealth visit billing an ECG,ENT,ENT-06-R01,CLM18523923,claim,CL01088,
ENT-06 telehealth visit billing an ECG,ENT,ENT-06-R01,CLM32954401,claim,CL01287,
ENT-06 telehealth visit billing an ECG,ENT,ENT-06-R01,CLM94671352,claim,CL01183,
ENT-06 three-minute teleconsult ending in a prescription,ENT,ENT-06-R02,CLM75545332,claim,CL01328,
ENT-06 three-minute teleconsult ending in a prescription,ENT,ENT-06-R02,CLM32846792,claim,CL01328,
ENT-06 three-minute teleconsult ending in a prescription,ENT,ENT-06-R02,CLM16428972,claim,CL01089,
ENT-06 three-minute teleconsult ending in a prescription,ENT,ENT-06-R02,CLM30225305,claim,CL01089,
ENT-06 short telehealth call with no order (look-alike),ENT,ENT-06-R02,CLM21362404,claim,,No order followed; must not fire.
ENT-06 telehealth clinic sending nearly every prescription to one pharmacy,ENT,ENT-06-R03,CLM31668759,provider,PRV0243;PRV0165,
ENT-06 telehealth clinic sending nearly every prescription to one pharmacy,ENT,ENT-06-R03,CLM89383260,provider,PRV0243;PRV0165,
ENT-06 telehealth clinic sending nearly every prescription to one pharmacy,ENT,ENT-06-R03,CLM28259203,provider,PRV0243;PRV0165,
ENT-06 telehealth clinic sending nearly every prescription to one pharmacy,ENT,ENT-06-R03,CLM40863494,provider,PRV0243;PRV0165,
ENT-06 telehealth clinic sending nearly every prescription to one pharmacy,ENT,ENT-06-R03,CLM14136809,provider,PRV0243;PRV0165,
ENT-06 telehealth clinic sending nearly every prescription to one pharmacy,ENT,ENT-06-R03,CLM80695830,provider,PRV0243;PRV0165,
ENT-06 telehealth clinic sending nearly every prescription to one pharmacy,ENT,ENT-06-R03,CLM56627526,provider,PRV0243;PRV0165,
ENT-06 telehealth clinic sending nearly every prescription to one pharmacy,ENT,ENT-06-R03,CLM44370695,provider,PRV0243;PRV0165,
ENT-06 telehealth clinic sending nearly every prescription to one pharmacy,ENT,ENT-06-R03,CLM38918506,provider,PRV0243;PRV0165,
ENT-06 telehealth clinic sending nearly every prescription to one pharmacy,ENT,ENT-06-R03,CLM20533233,provider,PRV0243;PRV0165,
ENT-06 telehealth clinic sending nearly every prescription to one pharmacy,ENT,ENT-06-R03,CLM74611929,provider,PRV0243;PRV0165,
ENT-06 telehealth clinic sending nearly every prescription to one pharmacy,ENT,ENT-06-R03,CLM20046675,provider,PRV0243;PRV0165,
ENT-06 telehealth clinic sending nearly every prescription to one pharmacy,ENT,ENT-06-R03,CLM34269970,provider,PRV0243;PRV0165,
ENT-06 telehealth clinic sending nearly every prescription to one pharmacy,ENT,ENT-06-R03,CLM26480133,provider,PRV0243;PRV0165,
ENT-06 telehealth clinic sending nearly every prescription to one pharmacy,ENT,ENT-06-R03,CLM84495184,provider,PRV0243;PRV0165,
ENT-06 telehealth clinic sending nearly every prescription to one pharmacy,ENT,ENT-06-R03,CLM12146248,provider,PRV0243;PRV0165,
ENT-06 telehealth clinic sending nearly every prescription to one pharmacy,ENT,ENT-06-R03,CLM83647796,provider,PRV0243;PRV0165,
ENT-06 telehealth clinic sending nearly every prescription to one pharmacy,ENT,ENT-06-R03,CLM92859000,provider,PRV0243;PRV0165,
ENT-06 telehealth clinic sending nearly every prescription to one pharmacy,ENT,ENT-06-R03,CLM27766379,provider,PRV0243;PRV0165,
ENT-06 telehealth clinic sending nearly every prescription to one pharmacy,ENT,ENT-06-R03,CLM31456661,provider,PRV0243;PRV0165,
ENT-06 telehealth clinic sending nearly every prescription to one pharmacy,ENT,ENT-06-R03,CLM65275995,provider,PRV0243;PRV0165,
ENT-06 telehealth clinic sending nearly every prescription to one pharmacy,ENT,ENT-06-R03,CLM98689863,provider,PRV0243;PRV0165,
ENT-06 telehealth clinic sending nearly every prescription to one pharmacy,ENT,ENT-06-R03,CLM26398809,provider,PRV0243;PRV0165,
ENT-06 telehealth clinic sending nearly every prescription to one pharmacy,ENT,ENT-06-R03,CLM11496187,provider,PRV0243;PRV0165,
ENT-06 telehealth clinic sending nearly every prescription to one pharmacy,ENT,ENT-06-R03,CLM90184702,provider,PRV0243;PRV0165,
ENT-06 telehealth clinic sending nearly every prescription to one pharmacy,ENT,ENT-06-R03,CLM63523636,provider,PRV0243;PRV0165,
ENT-06 telehealth clinic sending nearly every prescription to one pharmacy,ENT,ENT-06-R03,CLM33047681,provider,PRV0243;PRV0165,
ENT-06 telehealth clinic sending nearly every prescription to one pharmacy,ENT,ENT-06-R03,CLM50193051,provider,PRV0243;PRV0165,
ENT-06 telehealth clinic sending nearly every prescription to one pharmacy,ENT,ENT-06-R03,CLM32329971,provider,PRV0243;PRV0165,
ENT-06 telehealth clinic sending nearly every prescription to one pharmacy,ENT,ENT-06-R03,CLM94973328,provider,PRV0243;PRV0165,
ENT-06 telehealth clinic sending nearly every prescription to one pharmacy,ENT,ENT-06-R03,CLM65687568,provider,PRV0243;PRV0165,
ENT-06 telehealth clinic sending nearly every prescription to one pharmacy,ENT,ENT-06-R03,CLM40343131,provider,PRV0243;PRV0165,
ENT-06 telehealth clinic sending nearly every prescription to one pharmacy,ENT,ENT-06-R03,CLM16111856,provider,PRV0243;PRV0165,
ENT-06 telehealth clinic sending nearly every prescription to one pharmacy,ENT,ENT-06-R03,CLM17097574,provider,PRV0243;PRV0165,
ENT-06 telehealth clinic sending nearly every prescription to one pharmacy,ENT,ENT-06-R03,CLM86935046,provider,PRV0243;PRV0165,
ENT-06 telehealth clinic sending nearly every prescription to one pharmacy,ENT,ENT-06-R03,CLM63044284,provider,PRV0243;PRV0165,
ENT-06 telehealth clinic whose calls turn into MRI referrals far more often than peers',ENT,ENT-06-R04,CLM69044761,provider,PRV0244,
ENT-06 telehealth clinic whose calls turn into MRI referrals far more often than peers',ENT,ENT-06-R04,CLM65726749,provider,PRV0244,
ENT-06 telehealth clinic whose calls turn into MRI referrals far more often than peers',ENT,ENT-06-R04,CLM27616722,provider,PRV0244,
ENT-06 telehealth clinic whose calls turn into MRI referrals far more often than peers',ENT,ENT-06-R04,CLM22764236,provider,PRV0244,
ENT-06 telehealth clinic whose calls turn into MRI referrals far more often than peers',ENT,ENT-06-R04,CLM44993208,provider,PRV0244,
ENT-06 telehealth clinic whose calls turn into MRI referrals far more often than peers',ENT,ENT-06-R04,CLM32341614,provider,PRV0244,
ENT-06 telehealth clinic whose calls turn into MRI referrals far more often than peers',ENT,ENT-06-R04,CLM16328471,provider,PRV0244,
ENT-06 telehealth clinic whose calls turn into MRI referrals far more often than peers',ENT,ENT-06-R04,CLM69959546,provider,PRV0244,
ENT-06 telehealth clinic whose calls turn into MRI referrals far more often than peers',ENT,ENT-06-R04,CLM32231706,provider,PRV0244,
ENT-06 telehealth clinic whose calls turn into MRI referrals far more often than peers',ENT,ENT-06-R04,CLM67341622,provider,PRV0244,
ENT-06 telehealth clinic whose calls turn into MRI referrals far more often than peers',ENT,ENT-06-R04,CLM32594861,provider,PRV0244,
ENT-06 telehealth clinic whose calls turn into MRI referrals far more often than peers',ENT,ENT-06-R04,CLM51779052,provider,PRV0244,
ENT-06 telehealth clinic whose calls turn into MRI referrals far more often than peers',ENT,ENT-06-R04,CLM23903874,provider,PRV0244,
ENT-06 telehealth clinic whose calls turn into MRI referrals far more often than peers',ENT,ENT-06-R04,CLM35728260,provider,PRV0244,
ENT-06 telehealth clinic whose calls turn into MRI referrals far more often than peers',ENT,ENT-06-R04,CLM72779091,provider,PRV0244,
ENT-06 telehealth clinic whose calls turn into MRI referrals far more often than peers',ENT,ENT-06-R04,CLM10168312,provider,PRV0244,
ENT-06 telehealth clinic whose calls turn into MRI referrals far more often than peers',ENT,ENT-06-R04,CLM67837805,provider,PRV0244,
ENT-06 telehealth clinic whose calls turn into MRI referrals far more often than peers',ENT,ENT-06-R04,CLM89682469,provider,PRV0244,
ENT-06 telehealth clinic whose calls turn into MRI referrals far more often than peers',ENT,ENT-06-R04,CLM39794601,provider,PRV0244,
ENT-06 telehealth clinic whose calls turn into MRI referrals far more often than peers',ENT,ENT-06-R04,CLM27537618,provider,PRV0244,
ENT-06 telehealth clinic whose calls turn into MRI referrals far more often than peers',ENT,ENT-06-R04,CLM80138375,provider,PRV0244,
ENT-06 telehealth clinic whose calls turn into MRI referrals far more often than peers',ENT,ENT-06-R04,CLM44389148,provider,PRV0244,
ENT-06 telehealth clinic whose calls turn into MRI referrals far more often than peers',ENT,ENT-06-R04,CLM96557275,provider,PRV0244,
ENT-06 telehealth clinic whose calls turn into MRI referrals far more often than peers',ENT,ENT-06-R04,CLM37566230,provider,PRV0244,
ENT-06 telehealth clinic whose calls turn into MRI referrals far more often than peers',ENT,ENT-06-R04,CLM54481647,provider,PRV0244,
ENT-06 telehealth clinic whose calls turn into MRI referrals far more often than peers',ENT,ENT-06-R04,CLM49984518,provider,PRV0244,
ENT-06 telehealth clinic whose calls turn into MRI referrals far more often than peers',ENT,ENT-06-R04,CLM93668731,provider,PRV0244,
ENT-06 telehealth clinic whose calls turn into MRI referrals far more often than peers',ENT,ENT-06-R04,CLM22007573,provider,PRV0244,
ENT-06 telehealth clinic whose calls turn into MRI referrals far more often than peers',ENT,ENT-06-R04,CLM42099690,provider,PRV0244,
ENT-06 telehealth clinic whose calls turn into MRI referrals far more often than peers',ENT,ENT-06-R04,CLM53157857,provider,PRV0244,
ENT-06 telehealth clinic whose calls turn into MRI referrals far more often than peers',ENT,ENT-06-R04,CLM82503256,provider,PRV0244,
ENT-06 telehealth clinic whose calls turn into MRI referrals far more often than peers',ENT,ENT-06-R04,CLM25385748,provider,PRV0244,
ENT-06 telehealth clinic whose calls turn into MRI referrals far more often than peers',ENT,ENT-06-R04,CLM80552606,provider,PRV0244,
ENT-06 telehealth clinic whose calls turn into MRI referrals far more often than peers',ENT,ENT-06-R04,CLM55685389,provider,PRV0244,
ENT-06 telehealth clinic whose calls turn into MRI referrals far more often than peers',ENT,ENT-06-R04,CLM52427931,provider,PRV0244,
ENT-06 telehealth clinic whose calls turn into MRI referrals far more often than peers',ENT,ENT-06-R04,CLM26773418,provider,PRV0244,
ENT-06 telehealth clinic whose calls turn into MRI referrals far more often than peers',ENT,ENT-06-R04,CLM74807895,provider,PRV0244,
ENT-06 telehealth clinic whose calls turn into MRI referrals far more often than peers',ENT,ENT-06-R04,CLM67549179,provider,PRV0244,
ENT-06 telehealth clinic whose calls turn into MRI referrals far more often than peers',ENT,ENT-06-R04,CLM70962187,provider,PRV0244,
ENT-06 telehealth clinic whose calls turn into MRI referrals far more often than peers',ENT,ENT-06-R04,CLM48423489,provider,PRV0244,
ENT-06 telehealth clinic whose calls turn into MRI referrals far more often than peers',ENT,ENT-06-R04,CLM73424820,provider,PRV0244,
ENT-06 telehealth clinic whose calls turn into MRI referrals far more often than peers',ENT,ENT-06-R04,CLM62210997,provider,PRV0244,
ENT-06 telehealth clinic whose calls turn into MRI referrals far more often than peers',ENT,ENT-06-R04,CLM59046669,provider,PRV0244,
ENT-06 telehealth clinic whose calls turn into MRI referrals far more often than peers',ENT,ENT-06-R04,CLM49631535,provider,PRV0244,
ENT-06 telehealth clinic whose calls turn into MRI referrals far more often than peers',ENT,ENT-06-R04,CLM94410560,provider,PRV0244,
ENT-06 telehealth clinic whose calls turn into MRI referrals far more often than peers',ENT,ENT-06-R04,CLM16335816,provider,PRV0244,
ENT-06 telehealth clinic whose calls turn into MRI referrals far more often than peers',ENT,ENT-06-R04,CLM47217503,provider,PRV0244,
ENT-06 telehealth clinic whose calls turn into MRI referrals far more often than peers',ENT,ENT-06-R04,CLM80439054,provider,PRV0244,
ENT-06 telehealth clinic whose calls turn into MRI referrals far more often than peers',ENT,ENT-06-R04,CLM65137098,provider,PRV0244,
ENT-06 telehealth clinic whose calls turn into MRI referrals far more often than peers',ENT,ENT-06-R04,CLM15308492,provider,PRV0244,
ENT-06 telehealth clinic whose calls turn into MRI referrals far more often than peers',ENT,ENT-06-R04,CLM93897471,provider,PRV0244,
ENT-06 telehealth clinic whose calls turn into MRI referrals far more often than peers',ENT,ENT-06-R04,CLM20457877,provider,PRV0244,
ENT-06 telehealth clinic whose calls turn into MRI referrals far more often than peers',ENT,ENT-06-R04,CLM31573653,provider,PRV0244,
ENT-06 telehealth clinic whose calls turn into MRI referrals far more often than peers',ENT,ENT-06-R04,CLM10849114,provider,PRV0244,
ENT-06 telehealth clinic whose calls turn into MRI referrals far more often than peers',ENT,ENT-06-R04,CLM13665959,provider,PRV0244,
ENT-06 telehealth clinic whose calls turn into MRI referrals far more often than peers',ENT,ENT-06-R04,CLM51478870,provider,PRV0244,
ENT-06 telehealth clinic whose calls turn into MRI referrals far more often than peers',ENT,ENT-06-R04,CLM24652190,provider,PRV0244,
POL-01 employer-sponsored member not on the employer's roster,POL,POL-01-R01,CLM73577243,member,MBR006947,
POL-01 employer-sponsored member not on the employer's roster,POL,POL-01-R01,CLM10112503,member,MBR006947,
POL-01 employer-sponsored member not on the employer's roster,POL,POL-01-R01,CLM58188807,member,MBR006947,
POL-01 employer-sponsored member not on the employer's roster,POL,POL-01-R01,CLM80127753,member,MBR006947,
POL-01 employer-sponsored member not on the employer's roster,POL,POL-01-R01,CLM64510987,member,MBR006947,
POL-01 employer-sponsored member not on the employer's roster,POL,POL-01-R01,CLM56321299,member,MBR006947,
POL-01 employer-sponsored member not on the employer's roster,POL,POL-01-R01,CLM41036022,member,MBR006947,
POL-01 employer-sponsored member not on the employer's roster,POL,POL-01-R01,CLM63445951,member,MBR008113,
POL-01 employer-sponsored member not on the employer's roster,POL,POL-01-R01,CLM69375693,member,MBR008113,
POL-01 employer-sponsored member not on the employer's roster,POL,POL-01-R01,CLM90866995,member,MBR008113,
POL-01 employer-sponsored member not on the employer's roster,POL,POL-01-R01,CLM85706302,member,MBR008113,
POL-01 employer-sponsored member not on the employer's roster,POL,POL-01-R01,CLM16316577,member,MBR008113,
POL-01 employer-sponsored member not on the employer's roster,POL,POL-01-R01,CLM31758804,member,MBR006169,
POL-01 employer-sponsored member not on the employer's roster,POL,POL-01-R01,CLM99527695,member,MBR006169,
POL-01 employer-sponsored member not on the employer's roster,POL,POL-01-R01,CLM47575215,member,MBR006169,
POL-01 employer-sponsored member not on the employer's roster,POL,POL-01-R01,CLM46155070,member,MBR006169,
POL-01 employer-sponsored member not on the employer's roster,POL,POL-01-R01,CLM99104790,member,MBR006169,
POL-01 employer-sponsored member not on the employer's roster,POL,POL-01-R01,CLM25358551,member,MBR006169,
POL-01 employer-sponsored member not on the employer's roster,POL,POL-01-R01,CLM78812544,member,MBR006169,
POL-01 employer-sponsored member not on the employer's roster,POL,POL-01-R01,CLM71888461,member,MBR006169,
POL-01 employer-sponsored member not on the employer's roster,POL,POL-01-R01,CLM76516458,member,MBR006169,
POL-01 employer-sponsored member not on the employer's roster,POL,POL-01-R01,CLM49186208,member,MBR006169,
POL-01 employer-sponsored member not on the employer's roster,POL,POL-01-R01,CLM29729269,member,MBR000877,
POL-01 employer-sponsored member not on the employer's roster,POL,POL-01-R01,CLM38068750,member,MBR000877,
POL-01 employer-sponsored member not on the employer's roster,POL,POL-01-R01,CLM37012078,member,MBR000877,
POL-01 employer-sponsored member not on the employer's roster,POL,POL-01-R01,CLM62700263,member,MBR005957,
POL-01 employer-sponsored member not on the employer's roster,POL,POL-01-R01,CLM55992220,member,MBR005957,
POL-01 employer-sponsored member not on the employer's roster,POL,POL-01-R01,CLM34679587,member,MBR005957,
POL-01 employer-sponsored member not on the employer's roster,POL,POL-01-R01,CLM41391085,member,MBR005957,
POL-01 employer-sponsored member not on the employer's roster,POL,POL-01-R01,CLM31356539,member,MBR005957,
POL-01 employer-sponsored member not on the employer's roster,POL,POL-01-R01,CLM47581675,member,MBR005957,
POL-01 employer-sponsored member not on the employer's roster,POL,POL-01-R01,CLM64366920,member,MBR005957,
POL-01 employer-sponsored member not on the employer's roster,POL,POL-01-R01,CLM27525400,member,MBR004892,
POL-01 employer-sponsored member not on the employer's roster,POL,POL-01-R01,CLM28719486,member,MBR004892,
POL-01 employer-sponsored member not on the employer's roster,POL,POL-01-R01,CLM64982061,member,MBR004892,
POL-01 employer-sponsored member not on the employer's roster,POL,POL-01-R01,CLM41101599,member,MBR004892,
POL-01 employer-sponsored member not on the employer's roster,POL,POL-01-R01,CLM46227603,member,MBR004892,
POL-01 employer-sponsored member not on the employer's roster,POL,POL-01-R01,CLM92328479,member,MBR004892,
POL-01 employer-sponsored member not on the employer's roster,POL,POL-01-R01,CLM50506264,member,MBR004892,
POL-01 employer-sponsored member not on the employer's roster,POL,POL-01-R01,CLM31803913,member,MBR004892,
POL-01 employer-sponsored member not on the employer's roster,POL,POL-01-R01,CLM78635365,member,MBR004892,
POL-01 employer-sponsored member not on the employer's roster,POL,POL-01-R01,CLM66921063,member,MBR004892,
POL-01 employer-sponsored member not on the employer's roster,POL,POL-01-R01,CLM24578928,member,MBR004892,
POL-01 employer-sponsored member not on the employer's roster,POL,POL-01-R01,CLM29534194,member,MBR004892,
POL-01 employer-sponsored member not on the employer's roster,POL,POL-01-R01,CLM56390372,member,MBR004892,
POL-01 member off the roster but on continuation cover (exclusion look-alike),POL,POL-01-R01,CLM57456053,member,MBR005797,Continuation cover; must not fire.
POL-01 member off the roster but on continuation cover (exclusion look-alike),POL,POL-01-R01,CLM24688329,member,MBR005797,Continuation cover; must not fire.
POL-01 member off the roster but on continuation cover (exclusion look-alike),POL,POL-01-R01,CLM84276673,member,MBR005797,Continuation cover; must not fire.
POL-01 member off the roster but on continuation cover (exclusion look-alike),POL,POL-01-R01,CLM41013844,member,MBR005797,Continuation cover; must not fire.
POL-01 member off the roster but on continuation cover (exclusion look-alike),POL,POL-01-R01,CLM93611570,member,MBR005797,Continuation cover; must not fire.
POL-01 member off the roster but on continuation cover (exclusion look-alike),POL,POL-01-R01,CLM90046313,member,MBR005797,Continuation cover; must not fire.
POL-01 member off the roster but on continuation cover (exclusion look-alike),POL,POL-01-R01,CLM86477747,member,MBR005797,Continuation cover; must not fire.
POL-01 member off the roster but on continuation cover (exclusion look-alike),POL,POL-01-R01,CLM71447337,member,MBR005797,Continuation cover; must not fire.
POL-01 member off the roster but on continuation cover (exclusion look-alike),POL,POL-01-R01,CLM34669280,member,MBR005797,Continuation cover; must not fire.
POL-01 member off the roster but on continuation cover (exclusion look-alike),POL,POL-01-R01,CLM55028834,member,MBR005797,Continuation cover; must not fire.
POL-01 member off the roster but on continuation cover (exclusion look-alike),POL,POL-01-R01,CLM49197361,member,MBR005797,Continuation cover; must not fire.
POL-01 member off the roster but on continuation cover (exclusion look-alike),POL,POL-01-R01,CLM66060361,member,MBR005797,Continuation cover; must not fire.
POL-01 member off the roster but on continuation cover (exclusion look-alike),POL,POL-01-R01,CLM57108482,member,MBR005797,Continuation cover; must not fire.
POL-01 one person enrolled twice with overlapping cover,POL,POL-01-R01,CLM13475014,member,MBR006590;MBR005456,
POL-01 one person enrolled twice with overlapping cover,POL,POL-01-R01,CLM84550325,member,MBR006590;MBR005456,
POL-01 one person enrolled twice with overlapping cover,POL,POL-01-R01,CLM86206942,member,MBR006590;MBR005456,
POL-01 one person enrolled twice with overlapping cover,POL,POL-01-R01,CLM41594115,member,MBR006590;MBR005456,
POL-01 one person enrolled twice with overlapping cover,POL,POL-01-R01,CLM18711823,member,MBR006590;MBR005456,
POL-01 one person enrolled twice with overlapping cover,POL,POL-01-R01,CLM64546737,member,MBR006590;MBR005456,
POL-01 one person enrolled twice with overlapping cover,POL,POL-01-R01,CLM80871256,member,MBR006590;MBR005456,
POL-01 one person enrolled twice with overlapping cover,POL,POL-01-R01,CLM99868487,member,MBR006590;MBR005456,
POL-01 one person enrolled twice with overlapping cover,POL,POL-01-R01,CLM20111228,member,MBR006590;MBR005456,
POL-01 one person enrolled twice with overlapping cover,POL,POL-01-R01,CLM39710998,member,MBR004634;MBR002872,
POL-01 one person enrolled twice with overlapping cover,POL,POL-01-R01,CLM44716197,member,MBR004634;MBR002872,
POL-01 one person enrolled twice with overlapping cover,POL,POL-01-R01,CLM81130752,member,MBR004634;MBR002872,
POL-01 one person enrolled twice with overlapping cover,POL,POL-01-R01,CLM99837699,member,MBR004634;MBR002872,
POL-01 member added after a costly service with cover backdated over it,POL,POL-01-R02,CLM21325790,member,MBR002992,Add recorded 2025-02-02 21:39.
POL-01 member added after a costly service with cover backdated over it,POL,POL-01-R02,CLM39483224,member,MBR001791,Add recorded 2025-04-30 19:42.
POL-01 member added after a costly service with cover backdated over it,POL,POL-01-R02,CLM65844358,member,MBR008485,Add recorded 2025-06-14 17:33.
POL-01 member added after a costly service with cover backdated over it,POL,POL-01-R02,CLM55555700,member,MBR002726,Add recorded 2024-12-03 19:25.
POL-01 member added after a costly service with cover backdated over it,POL,POL-01-R02,CLM19774545,member,MBR006338,Add recorded 2024-12-13 19:55.
POL-01 approved retroactive correction over a costly service (exclusion look-alike),POL,POL-01-R02,CLM49796484,member,MBR004844,Approved retroactive correction; must not fire.
POL-01 application declared no prior cover and no conditions although earlier treatment is on record,POL,POL-01-R03,CLM53164027,member,MBR007957,
POL-01 application declared no prior cover and no conditions although earlier treatment is on record,POL,POL-01-R03,CLM53894338,member,MBR007957,
POL-01 application declared no prior cover and no conditions although earlier treatment is on record,POL,POL-01-R03,CLM39560773,member,MBR007957,
POL-01 application declared no prior cover and no conditions although earlier treatment is on record,POL,POL-01-R03,CLM13849522,member,MBR007957,
POL-01 application declared no prior cover and no conditions although earlier treatment is on record,POL,POL-01-R03,CLM45947263,member,MBR007957,
POL-01 application declared no prior cover and no conditions although earlier treatment is on record,POL,POL-01-R03,CLM58140107,member,MBR007957,
POL-01 application declared no prior cover and no conditions although earlier treatment is on record,POL,POL-01-R03,CLM74307125,member,MBR007957,
POL-01 application declared no prior cover and no conditions although earlier treatment is on record,POL,POL-01-R03,CLM19071700,member,MBR007957,
POL-01 application declared no existing conditions although earlier treatment is on record,POL,POL-01-R03,,member,MBR004711,
POL-01 application declared no prior cover and no conditions although earlier treatment is on record,POL,POL-01-R03,CLM17726142,member,MBR004414,
POL-01 application declared no prior cover and no conditions although earlier treatment is on record,POL,POL-01-R03,CLM67557207,member,MBR004414,
POL-01 application declared no prior cover and no conditions although earlier treatment is on record,POL,POL-01-R03,CLM47038226,member,MBR004414,
POL-01 application declared no prior cover and no conditions although earlier treatment is on record,POL,POL-01-R03,CLM31868332,member,MBR004414,
POL-01 application declared no prior cover and no conditions although earlier treatment is on record,POL,POL-01-R03,CLM20105898,member,MBR004414,
POL-01 application declared no prior cover and no conditions although earlier treatment is on record,POL,POL-01-R03,CLM31607949,member,MBR004414,
POL-01 application declared no prior cover and no conditions although earlier treatment is on record,POL,POL-01-R03,CLM33599881,member,MBR004414,
POL-01 application declared no existing conditions although earlier treatment is on record,POL,POL-01-R03,,member,MBR005140,
POL-01 application declared no prior cover and no conditions although earlier treatment is on record,POL,POL-01-R03,CLM42182604,member,MBR005770,
POL-01 application declared no prior cover and no conditions although earlier treatment is on record,POL,POL-01-R03,CLM60494744,member,MBR005770,
POL-01 application declared no prior cover and no conditions although earlier treatment is on record,POL,POL-01-R03,CLM85642465,member,MBR005770,
POL-01 application declared no prior cover and no conditions although earlier treatment is on record,POL,POL-01-R03,CLM50401224,member,MBR005770,
POL-01 application conflict outside the contestability window (exclusion look-alike),POL,POL-01-R03,CLM80556381,member,MBR001488,Application older than the contestability period; must not fire.
POL-01 application conflict outside the contestability window (exclusion look-alike),POL,POL-01-R03,CLM34310110,member,MBR001488,Application older than the contestability period; must not fire.
POL-01 application conflict outside the contestability window (exclusion look-alike),POL,POL-01-R03,CLM17378343,member,MBR001488,Application older than the contestability period; must not fire.
POL-01 application conflict outside the contestability window (exclusion look-alike),POL,POL-01-R03,CLM16878641,member,MBR001488,Application older than the contestability period; must not fire.
POL-01 application conflict outside the contestability window (exclusion look-alike),POL,POL-01-R03,CLM89563825,member,MBR001488,Application older than the contestability period; must not fire.
POL-01 application conflict outside the contestability window (exclusion look-alike),POL,POL-01-R03,CLM41671842,member,MBR001488,Application older than the contestability period; must not fire.
POL-01 application conflict outside the contestability window (exclusion look-alike),POL,POL-01-R03,CLM85132517,member,MBR001488,Application older than the contestability period; must not fire.
POL-01 application conflict outside the contestability window (exclusion look-alike),POL,POL-01-R03,CLM49750277,member,MBR001488,Application older than the contestability period; must not fire.
POL-01 application conflict outside the contestability window (exclusion look-alike),POL,POL-01-R03,CLM89690007,member,MBR001488,Application older than the contestability period; must not fire.
POL-01 application conflict outside the contestability window (exclusion look-alike),POL,POL-01-R03,CLM31723892,member,MBR001488,Application older than the contestability period; must not fire.
POL-01 new employer group claiming within weeks at two clinics sharing a bank account,POL,POL-01-R05,CLM91863037,employer,EMPX0001;AGTX001;PRV0106;PRV0107,
POL-01 new employer group claiming within weeks at two clinics sharing a bank account,POL,POL-01-R05,CLM43544828,employer,EMPX0001;AGTX001;PRV0106;PRV0107,
POL-01 new employer group claiming within weeks at two clinics sharing a bank account,POL,POL-01-R05,CLM30298562,employer,EMPX0001;AGTX001;PRV0106;PRV0107,
POL-01 new employer group claiming within weeks at two clinics sharing a bank account,POL,POL-01-R05,CLM56791200,employer,EMPX0001;AGTX001;PRV0106;PRV0107,
POL-01 new employer group claiming within weeks at two clinics sharing a bank account,POL,POL-01-R05,CLM65298867,employer,EMPX0001;AGTX001;PRV0106;PRV0107,
POL-01 new employer group claiming within weeks at two clinics sharing a bank account,POL,POL-01-R05,CLM96292837,employer,EMPX0001;AGTX001;PRV0106;PRV0107,
POL-01 new employer group claiming within weeks at two clinics sharing a bank account,POL,POL-01-R05,CLM95161726,employer,EMPX0001;AGTX001;PRV0106;PRV0107,
POL-01 new employer group claiming within weeks at two clinics sharing a bank account,POL,POL-01-R05,CLM25494607,employer,EMPX0001;AGTX001;PRV0106;PRV0107,
POL-01 new employer group claiming within weeks at two clinics sharing a bank account,POL,POL-01-R05,CLM76879492,employer,EMPX0001;AGTX001;PRV0106;PRV0107,
POL-01 new employer group claiming within weeks at two clinics sharing a bank account,POL,POL-01-R05,CLM31636031,employer,EMPX0001;AGTX001;PRV0106;PRV0107,
POL-01 new employer group claiming within weeks at two clinics sharing a bank account,POL,POL-01-R05,CLM76416818,employer,EMPX0001;AGTX001;PRV0106;PRV0107,
POL-01 new employer group claiming within weeks at two clinics sharing a bank account,POL,POL-01-R05,CLM93833082,employer,EMPX0001;AGTX001;PRV0106;PRV0107,
POL-01 new employer group claiming within weeks at two clinics sharing a bank account,POL,POL-01-R05,CLM29442670,employer,EMPX0001;AGTX001;PRV0106;PRV0107,
POL-01 new employer group claiming within weeks at two clinics sharing a bank account,POL,POL-01-R05,CLM17402889,employer,EMPX0001;AGTX001;PRV0106;PRV0107,
POL-01 new employer group claiming within weeks at two clinics sharing a bank account,POL,POL-01-R05,CLM67067431,employer,EMPX0001;AGTX001;PRV0106;PRV0107,
POL-01 new employer group claiming within weeks at two clinics sharing a bank account,POL,POL-01-R05,CLM88665826,employer,EMPX0001;AGTX001;PRV0106;PRV0107,
POL-01 new employer group claiming within weeks at two clinics sharing a bank account,POL,POL-01-R05,CLM16088199,employer,EMPX0001;AGTX001;PRV0106;PRV0107,
POL-01 new employer group claiming within weeks at two clinics sharing a bank account,POL,POL-01-R05,CLM78278681,employer,EMPX0001;AGTX001;PRV0106;PRV0107,
POL-01 early claims after an enrolment campaign (exclusion look-alike),POL,POL-01-R05,CLM13191441,employer,EMPX0002,Enrolment campaign; must not fire.
POL-01 early claims after an enrolment campaign (exclusion look-alike),POL,POL-01-R05,CLM64371475,employer,EMPX0002,Enrolment campaign; must not fire.
POL-01 early claims after an enrolment campaign (exclusion look-alike),POL,POL-01-R05,CLM68938162,employer,EMPX0002,Enrolment campaign; must not fire.
POL-01 early claims after an enrolment campaign (exclusion look-alike),POL,POL-01-R05,CLM68099784,employer,EMPX0002,Enrolment campaign; must not fire.
POL-01 early claims after an enrolment campaign (exclusion look-alike),POL,POL-01-R05,CLM77410078,employer,EMPX0002,Enrolment campaign; must not fire.
POL-01 early claims after an enrolment campaign (exclusion look-alike),POL,POL-01-R05,CLM34272296,employer,EMPX0002,Enrolment campaign; must not fire.
POL-01 early claims after an enrolment campaign (exclusion look-alike),POL,POL-01-R05,CLM59989912,employer,EMPX0002,Enrolment campaign; must not fire.
POL-01 early claims after an enrolment campaign (exclusion look-alike),POL,POL-01-R05,CLM42673717,employer,EMPX0002,Enrolment campaign; must not fire.
POL-01 early claims after an enrolment campaign (exclusion look-alike),POL,POL-01-R05,CLM82940707,employer,EMPX0002,Enrolment campaign; must not fire.
POL-01 early claims after an enrolment campaign (exclusion look-alike),POL,POL-01-R05,CLM13947670,employer,EMPX0002,Enrolment campaign; must not fire.
POL-01 early claims after an enrolment campaign (exclusion look-alike),POL,POL-01-R05,CLM58676396,employer,EMPX0002,Enrolment campaign; must not fire.
POL-01 early claims after an enrolment campaign (exclusion look-alike),POL,POL-01-R05,CLM92809639,employer,EMPX0002,Enrolment campaign; must not fire.
POL-01 early claims after an enrolment campaign (exclusion look-alike),POL,POL-01-R05,CLM89013363,employer,EMPX0002,Enrolment campaign; must not fire.
POL-01 early claims after an enrolment campaign (exclusion look-alike),POL,POL-01-R05,CLM60045087,employer,EMPX0002,Enrolment campaign; must not fire.
POL-01 early claims after an enrolment campaign (exclusion look-alike),POL,POL-01-R05,CLM59354321,employer,EMPX0002,Enrolment campaign; must not fire.
POL-01 early claims after an enrolment campaign (exclusion look-alike),POL,POL-01-R05,CLM60712359,employer,EMPX0002,Enrolment campaign; must not fire.
POL-01 early claims after an enrolment campaign (exclusion look-alike),POL,POL-01-R05,CLM57821355,employer,EMPX0002,Enrolment campaign; must not fire.
POL-01 early claims after an enrolment campaign (exclusion look-alike),POL,POL-01-R05,CLM76017619,employer,EMPX0002,Enrolment campaign; must not fire.
"PAY cross-payer duplicate: second insurer also paid, no coordination record",PAY,PAY-01-R04,CLM53299915,claim,CLM53299915;CLM43200866;CLM13238804;CLM78245301;CLM49661198,
"PAY cross-payer duplicate: second insurer also paid, no coordination record",PAY,PAY-01-R04,CLM43200866,claim,CLM53299915;CLM43200866;CLM13238804;CLM78245301;CLM49661198,
"PAY cross-payer duplicate: second insurer also paid, no coordination record",PAY,PAY-01-R04,CLM13238804,claim,CLM53299915;CLM43200866;CLM13238804;CLM78245301;CLM49661198,
"PAY cross-payer duplicate: second insurer also paid, no coordination record",PAY,PAY-01-R04,CLM78245301,claim,CLM53299915;CLM43200866;CLM13238804;CLM78245301;CLM49661198,
"PAY cross-payer duplicate: second insurer also paid, no coordination record",PAY,PAY-01-R04,CLM49661198,claim,CLM53299915;CLM43200866;CLM13238804;CLM78245301;CLM49661198,
PAY cross-payer duplicate: secondary insurer paid the full bill,PAY,PAY-01-R04,CLM84663533,claim,CLM84663533;CLM26834869,
PAY cross-payer duplicate: secondary insurer paid the full bill,PAY,PAY-01-R04,CLM26834869,claim,CLM84663533;CLM26834869,
PAY cross-payer look-alike: coordinated payment within the bill,PAY,PAY-01-R04,CLM46504295,claim,CLM46504295;CLM80619438,"Exclusion: coordination-of-benefits data, combined payment within the bill."
PAY cross-payer look-alike: coordinated payment within the bill,PAY,PAY-01-R04,CLM80619438,claim,CLM46504295;CLM80619438,"Exclusion: coordination-of-benefits data, combined payment within the bill."
PAY unbundling: panel component billed beside its panel,PAY,PAY-02-R01,CLM47919673,claim,CLM47919673;CLM10858149;CLM73095939;CLM22904532;CLM16858370;CLM14525799,
PAY unbundling: panel component billed beside its panel,PAY,PAY-02-R01,CLM10858149,claim,CLM47919673;CLM10858149;CLM73095939;CLM22904532;CLM16858370;CLM14525799,
PAY unbundling: panel component billed beside its panel,PAY,PAY-02-R01,CLM73095939,claim,CLM47919673;CLM10858149;CLM73095939;CLM22904532;CLM16858370;CLM14525799,
PAY unbundling: panel component billed beside its panel,PAY,PAY-02-R01,CLM22904532,claim,CLM47919673;CLM10858149;CLM73095939;CLM22904532;CLM16858370;CLM14525799,
PAY unbundling: panel component billed beside its panel,PAY,PAY-02-R01,CLM16858370,claim,CLM47919673;CLM10858149;CLM73095939;CLM22904532;CLM16858370;CLM14525799,
PAY unbundling: panel component billed beside its panel,PAY,PAY-02-R01,CLM14525799,claim,CLM47919673;CLM10858149;CLM73095939;CLM22904532;CLM16858370;CLM14525799,
PAY modifier 59 used to bypass an edit that allows no modifier,PAY,PAY-05-R01;PAY-02-R01,CLM89889928,claim,CLM89889928;CLM48287783;CLM67307679;CLM38799634,
PAY modifier 59 used to bypass an edit that allows no modifier,PAY,PAY-05-R01;PAY-02-R01,CLM48287783,claim,CLM89889928;CLM48287783;CLM67307679;CLM38799634,
PAY modifier 59 used to bypass an edit that allows no modifier,PAY,PAY-05-R01;PAY-02-R01,CLM67307679,claim,CLM89889928;CLM48287783;CLM67307679;CLM38799634,
PAY modifier 59 used to bypass an edit that allows no modifier,PAY,PAY-05-R01;PAY-02-R01,CLM38799634,claim,CLM89889928;CLM48287783;CLM67307679;CLM38799634,
PAY bundling look-alike: permitted modifier separates the pair,PAY,PAY-02-R01;PAY-05-R01,CLM23775016,claim,CLM23775016;CLM22669851,Exclusion: the edit allows a modifier and one is present.
PAY bundling look-alike: permitted modifier separates the pair,PAY,PAY-02-R01;PAY-05-R01,CLM22669851,claim,CLM23775016;CLM22669851,Exclusion: the edit allows a modifier and one is present.
PAY cross-provider unbundling: ECG interpretation billed again,PAY,PAY-02-R02,CLM24233843,claim,CLM24233843;CLM72559905;CLM61568674;CLM81127882,"Parent ECG claims: CLM33643343, CLM94239112, CLM19039523, CLM51577585"
PAY cross-provider unbundling: ECG interpretation billed again,PAY,PAY-02-R02,CLM72559905,claim,CLM24233843;CLM72559905;CLM61568674;CLM81127882,"Parent ECG claims: CLM33643343, CLM94239112, CLM19039523, CLM51577585"
PAY cross-provider unbundling: ECG interpretation billed again,PAY,PAY-02-R02,CLM61568674,claim,CLM24233843;CLM72559905;CLM61568674;CLM81127882,"Parent ECG claims: CLM33643343, CLM94239112, CLM19039523, CLM51577585"
PAY cross-provider unbundling: ECG interpretation billed again,PAY,PAY-02-R02,CLM81127882,claim,CLM24233843;CLM72559905;CLM61568674;CLM81127882,"Parent ECG claims: CLM33643343, CLM94239112, CLM19039523, CLM51577585"
PAY cross-provider look-alike: professional component split,PAY,PAY-02-R02,CLM97492470,claim,CLM97492470;CLM11081604,Exclusion: professional/facility split (indicator 26).
PAY cross-provider look-alike: professional component split,PAY,PAY-02-R02,CLM11081604,claim,CLM97492470;CLM11081604,Exclusion: professional/facility split (indicator 26).
"PAY package: included component charged, refused at remittance",PAY,PAY-02-R03,CLM80775003,claim,CLM80775003;CLM69322617;CLM17104812;CLM90904609,
"PAY package: included component charged, refused at remittance",PAY,PAY-02-R03,CLM69322617,claim,CLM80775003;CLM69322617;CLM17104812;CLM90904609,
"PAY package: included component charged, refused at remittance",PAY,PAY-02-R03,CLM17104812,claim,CLM80775003;CLM69322617;CLM17104812;CLM90904609,
"PAY package: included component charged, refused at remittance",PAY,PAY-02-R03,CLM90904609,claim,CLM80775003;CLM69322617;CLM17104812;CLM90904609,
PAY package leakage: included component charged and paid,PAY,PAY-02-R03;PAY-02-R04;PAY-04-R04,CLM47086996,claim,CLM47086996;CLM27103479;CLM86551156;CLM13028287,The charge also exceeds the zero value the approval covered.
PAY package leakage: included component charged and paid,PAY,PAY-02-R03;PAY-02-R04;PAY-04-R04,CLM27103479,claim,CLM47086996;CLM27103479;CLM86551156;CLM13028287,The charge also exceeds the zero value the approval covered.
PAY package leakage: included component charged and paid,PAY,PAY-02-R03;PAY-02-R04;PAY-04-R04,CLM86551156,claim,CLM47086996;CLM27103479;CLM86551156;CLM13028287,The charge also exceeds the zero value the approval covered.
PAY package leakage: included component charged and paid,PAY,PAY-02-R03;PAY-02-R04;PAY-04-R04,CLM13028287,claim,CLM47086996;CLM27103479;CLM86551156;CLM13028287,The charge also exceeds the zero value the approval covered.
PAY package incomplete: core activities not itemised,PAY,PAY-02-R03,CLM19815328,claim,CLM19815328;CLM99210330;CLM24303964,
PAY package incomplete: core activities not itemised,PAY,PAY-02-R03,CLM99210330,claim,CLM19815328;CLM99210330;CLM24303964,
PAY package incomplete: core activities not itemised,PAY,PAY-02-R03,CLM24303964,claim,CLM19815328;CLM99210330;CLM24303964,
PAY package look-alike: documented medical omission,PAY,PAY-02-R03,CLM72610835,claim,CLM72610835,Exclusion: documented medical omission.
PAY novel unbundling: inflammation markers always billed as a separate pair,PAY,PAY-02-R05,CLM66215534,provider,PRV0084,
PAY novel unbundling: inflammation markers always billed as a separate pair,PAY,PAY-02-R05,CLM37834182,provider,PRV0084,
PAY novel unbundling: inflammation markers always billed as a separate pair,PAY,PAY-02-R05,CLM97897685,provider,PRV0084,
PAY novel unbundling: inflammation markers always billed as a separate pair,PAY,PAY-02-R05,CLM94601301,provider,PRV0084,
PAY novel unbundling: inflammation markers always billed as a separate pair,PAY,PAY-02-R05,CLM51380588,provider,PRV0084,
PAY novel unbundling: inflammation markers always billed as a separate pair,PAY,PAY-02-R05,CLM45264498,provider,PRV0084,
PAY novel unbundling: inflammation markers always billed as a separate pair,PAY,PAY-02-R05,CLM12523518,provider,PRV0084,
PAY novel unbundling: inflammation markers always billed as a separate pair,PAY,PAY-02-R05,CLM80715984,provider,PRV0084,
PAY novel unbundling: inflammation markers always billed as a separate pair,PAY,PAY-02-R05,CLM16946264,provider,PRV0084,
PAY novel unbundling: inflammation markers always billed as a separate pair,PAY,PAY-02-R05,CLM19814812,provider,PRV0084,
PAY novel unbundling: inflammation markers always billed as a separate pair,PAY,PAY-02-R05,CLM97114186,provider,PRV0084,
PAY novel unbundling: inflammation markers always billed as a separate pair,PAY,PAY-02-R05,CLM76497682,provider,PRV0084,
PAY novel unbundling: inflammation markers always billed as a separate pair,PAY,PAY-02-R05,CLM37869347,provider,PRV0084,
PAY novel unbundling: inflammation markers always billed as a separate pair,PAY,PAY-02-R05,CLM74371255,provider,PRV0084,
PAY novel unbundling: inflammation markers always billed as a separate pair,PAY,PAY-02-R05,CLM21393302,provider,PRV0084,
PAY novel unbundling: inflammation markers always billed as a separate pair,PAY,PAY-02-R05,CLM85760996,provider,PRV0084,
PAY novel unbundling: inflammation markers always billed as a separate pair,PAY,PAY-02-R05,CLM93061848,provider,PRV0084,
PAY novel unbundling: inflammation markers always billed as a separate pair,PAY,PAY-02-R05,CLM53892245,provider,PRV0084,
PAY novel unbundling: inflammation markers always billed as a separate pair,PAY,PAY-02-R05,CLM35333512,provider,PRV0084,
PAY novel unbundling: inflammation markers always billed as a separate pair,PAY,PAY-02-R05,CLM98329974,provider,PRV0084,
PAY novel unbundling: inflammation markers always billed as a separate pair,PAY,PAY-02-R05,CLM28881448,provider,PRV0084,
PAY novel unbundling: inflammation markers always billed as a separate pair,PAY,PAY-02-R05,CLM39897795,provider,PRV0084,
PAY invalid code: deleted code billed after its end date,PAY,PAY-03-R01,CLM99818441,claim,CLM99818441;CLM89949780;CLM99535478;CLM74755872,
PAY invalid code: deleted code billed after its end date,PAY,PAY-03-R01,CLM89949780,claim,CLM99818441;CLM89949780;CLM99535478;CLM74755872,
PAY invalid code: deleted code billed after its end date,PAY,PAY-03-R01,CLM99535478,claim,CLM99818441;CLM89949780;CLM99535478;CLM74755872,
PAY invalid code: deleted code billed after its end date,PAY,PAY-03-R01,CLM74755872,claim,CLM99818441;CLM89949780;CLM99535478;CLM74755872,
PAY invalid code: code absent from the code set,PAY,PAY-03-R01,CLM22621597,claim,CLM22621597;CLM64058291,
PAY invalid code: code absent from the code set,PAY,PAY-03-R01,CLM64058291,claim,CLM22621597;CLM64058291,
PAY demographic impossibility: service outside its sex or age restriction,PAY,PAY-03-R02,CLM11485902,claim,CLM11485902;CLM33946855;CLM94411625;CLM65232023;CLM66420236,
PAY demographic impossibility: service outside its sex or age restriction,PAY,PAY-03-R02,CLM33946855,claim,CLM11485902;CLM33946855;CLM94411625;CLM65232023;CLM66420236,
PAY demographic impossibility: service outside its sex or age restriction,PAY,PAY-03-R02,CLM94411625,claim,CLM11485902;CLM33946855;CLM94411625;CLM65232023;CLM66420236,
PAY demographic impossibility: service outside its sex or age restriction,PAY,PAY-03-R02,CLM65232023,claim,CLM11485902;CLM33946855;CLM94411625;CLM65232023;CLM66420236,
PAY demographic impossibility: service outside its sex or age restriction,PAY,PAY-03-R02,CLM66420236,claim,CLM11485902;CLM33946855;CLM94411625;CLM65232023;CLM66420236,
PAY demographic look-alike: approved clinical exception,PAY,PAY-03-R02,CLM20092494,claim,CLM20092494,Exclusion: clinical exception approved by policy.
PAY unit maximum: units above the daily maximum,PAY,PAY-03-R03,CLM55534098,claim,CLM55534098;CLM49699353;CLM36750216;CLM25057766,
PAY unit maximum: units above the daily maximum,PAY,PAY-03-R03,CLM49699353,claim,CLM55534098;CLM49699353;CLM36750216;CLM25057766,
PAY unit maximum: units above the daily maximum,PAY,PAY-03-R03,CLM36750216,claim,CLM55534098;CLM49699353;CLM36750216;CLM25057766,
PAY unit maximum: units above the daily maximum,PAY,PAY-03-R03,CLM25057766,claim,CLM55534098;CLM49699353;CLM36750216;CLM25057766,
PAY unit maximum: daily units split over two claims,PAY,PAY-03-R03,CLM20322758,claim,CLM20322758;CLM51659522,
PAY unit maximum: daily units split over two claims,PAY,PAY-03-R03,CLM51659522,claim,CLM20322758;CLM51659522,
PAY unit look-alike: repeat procedure indicator,PAY,PAY-03-R03,CLM89665559,claim,CLM89665559,Exclusion: repeat/laterality indicator.
PAY time units: billed minutes exceed the recorded window,PAY,PAY-03-R04,CLM52145614,claim,CLM52145614;CLM84399908;CLM71404316;CLM45727195,
PAY time units: billed minutes exceed the recorded window,PAY,PAY-03-R04,CLM84399908,claim,CLM52145614;CLM84399908;CLM71404316;CLM45727195,
PAY time units: billed minutes exceed the recorded window,PAY,PAY-03-R04,CLM71404316,claim,CLM52145614;CLM84399908;CLM71404316;CLM45727195,
PAY time units: billed minutes exceed the recorded window,PAY,PAY-03-R04,CLM45727195,claim,CLM52145614;CLM84399908;CLM71404316;CLM45727195,
PAY time look-alike: within the rounding tolerance,PAY,PAY-03-R04,CLM59110219,claim,CLM59110219,Exclusion: rounding policy.
PAY time units: one clinician in two timed sessions at once,PAY,PAY-03-R04,CLM57390145,claim,CLM57390145,Overlaps claim CLM67858779.
PAY prior approval missing for advanced imaging,PAY,PAY-04-R01,CLM92139308,claim,CLM92139308;CLM14340102;CLM30095239;CLM28062769;CLM76121534,
PAY prior approval missing for advanced imaging,PAY,PAY-04-R01,CLM14340102,claim,CLM92139308;CLM14340102;CLM30095239;CLM28062769;CLM76121534,
PAY prior approval missing for advanced imaging,PAY,PAY-04-R01,CLM30095239,claim,CLM92139308;CLM14340102;CLM30095239;CLM28062769;CLM76121534,
PAY prior approval missing for advanced imaging,PAY,PAY-04-R01,CLM28062769,claim,CLM92139308;CLM14340102;CLM30095239;CLM28062769;CLM76121534,
PAY prior approval missing for advanced imaging,PAY,PAY-04-R01,CLM76121534,claim,CLM92139308;CLM14340102;CLM30095239;CLM28062769;CLM76121534,
PAY approval look-alike: emergency service,PAY,PAY-04-R01,CLM41415159,claim,CLM41415159,Exclusion: emergency.
"PAY approval refused, or service after the approval expired",PAY,PAY-04-R02,CLM33476143,claim,CLM33476143;CLM86963804;CLM60747728;CLM98215188;CLM38871599,
"PAY approval refused, or service after the approval expired",PAY,PAY-04-R02,CLM86963804,claim,CLM33476143;CLM86963804;CLM60747728;CLM98215188;CLM38871599,
"PAY approval refused, or service after the approval expired",PAY,PAY-04-R02,CLM60747728,claim,CLM33476143;CLM86963804;CLM60747728;CLM98215188;CLM38871599,
"PAY approval refused, or service after the approval expired",PAY,PAY-04-R02,CLM98215188,claim,CLM33476143;CLM86963804;CLM60747728;CLM98215188;CLM38871599,
"PAY approval refused, or service after the approval expired",PAY,PAY-04-R02,CLM38871599,claim,CLM33476143;CLM86963804;CLM60747728;CLM98215188;CLM38871599,
PAY approval look-alike: approved extension,PAY,PAY-04-R02,CLM69115903,claim,CLM69115903,Exclusion: approved extension.
PAY approval scope: another code or another provider,PAY,PAY-04-R03,CLM58820062,claim,CLM58820062;CLM80658263;CLM71301071;CLM45035884;CLM38264521,
PAY approval scope: another code or another provider,PAY,PAY-04-R03,CLM80658263,claim,CLM58820062;CLM80658263;CLM71301071;CLM45035884;CLM38264521,
PAY approval scope: another code or another provider,PAY,PAY-04-R03,CLM71301071,claim,CLM58820062;CLM80658263;CLM71301071;CLM45035884;CLM38264521,
PAY approval scope: another code or another provider,PAY,PAY-04-R03,CLM45035884,claim,CLM58820062;CLM80658263;CLM71301071;CLM45035884;CLM38264521,
PAY approval scope: another code or another provider,PAY,PAY-04-R03,CLM38264521,claim,CLM58820062;CLM80658263;CLM71301071;CLM45035884;CLM38264521,
PAY approval look-alike: equivalent code,PAY,PAY-04-R03,CLM97597559,claim,CLM97597559,Exclusion: equivalent-code map.
PAY approval exhausted: drug course beyond the approved units,PAY,PAY-04-R04,CLM26972835,claim,CLM26972835;CLM53168233;CLM13952296;CLM34670513,
PAY approval exhausted: drug course beyond the approved units,PAY,PAY-04-R04,CLM53168233,claim,CLM26972835;CLM53168233;CLM13952296;CLM34670513,
PAY approval exhausted: drug course beyond the approved units,PAY,PAY-04-R04,CLM13952296,claim,CLM26972835;CLM53168233;CLM13952296;CLM34670513,
PAY approval exhausted: drug course beyond the approved units,PAY,PAY-04-R04,CLM34670513,claim,CLM26972835;CLM53168233;CLM13952296;CLM34670513,
PAY approval look-alike: doses beyond the approval refused,PAY,PAY-04-R04,CLM21864561,claim,CLM21864561,Exclusion: refused lines consume nothing.
PAY approval reused for other patients,PAY,PAY-04-R05;PAY-04-R04,CLM92178030,claim,CLM92178030;CLM57253885;CLM12802433;CLM52968709,Each reuse also consumes units the approval never granted.
PAY approval reused for other patients,PAY,PAY-04-R05;PAY-04-R04,CLM57253885,claim,CLM92178030;CLM57253885;CLM12802433;CLM52968709,Each reuse also consumes units the approval never granted.
PAY approval reused for other patients,PAY,PAY-04-R05;PAY-04-R04,CLM12802433,claim,CLM92178030;CLM57253885;CLM12802433;CLM52968709,Each reuse also consumes units the approval never granted.
PAY approval reused for other patients,PAY,PAY-04-R05;PAY-04-R04,CLM52968709,claim,CLM92178030;CLM57253885;CLM12802433;CLM52968709,Each reuse also consumes units the approval never granted.
PAY modifier look-alike: supporting report attached,PAY,PAY-05-R02,CLM97314312,claim,CLM97314312,The required report is present.
PAY modifier 22 without the supporting report,PAY,PAY-05-R02,CLM31376665,claim,CLM31376665;CLM64896898;CLM47922718;CLM99839840;CLM27795406,
PAY modifier 22 without the supporting report,PAY,PAY-05-R02,CLM64896898,claim,CLM31376665;CLM64896898;CLM47922718;CLM99839840;CLM27795406,
PAY modifier 22 without the supporting report,PAY,PAY-05-R02,CLM47922718,claim,CLM31376665;CLM64896898;CLM47922718;CLM99839840;CLM27795406,
PAY modifier 22 without the supporting report,PAY,PAY-05-R02,CLM99839840,claim,CLM31376665;CLM64896898;CLM47922718;CLM99839840;CLM27795406,
PAY modifier 22 without the supporting report,PAY,PAY-05-R02,CLM27795406,claim,CLM31376665;CLM64896898;CLM47922718;CLM99839840;CLM27795406,
PAY modifier 25 appended to most visits,PAY,PAY-05-R03,CLM99621550,provider,PRV0071,
PAY modifier 25 appended to most visits,PAY,PAY-05-R03,CLM49533792,provider,PRV0071,
PAY modifier 25 appended to most visits,PAY,PAY-05-R03,CLM47508112,provider,PRV0071,
PAY modifier 25 appended to most visits,PAY,PAY-05-R03,CLM66983016,provider,PRV0071,
PAY modifier 25 appended to most visits,PAY,PAY-05-R03,CLM60905826,provider,PRV0071,
PAY modifier 25 appended to most visits,PAY,PAY-05-R03,CLM98470090,provider,PRV0071,
PAY modifier 25 appended to most visits,PAY,PAY-05-R03,CLM85684778,provider,PRV0071,
PAY modifier 25 appended to most visits,PAY,PAY-05-R03,CLM85897812,provider,PRV0071,
PAY modifier 25 appended to most visits,PAY,PAY-05-R03,CLM10345786,provider,PRV0071,
PAY modifier 25 appended to most visits,PAY,PAY-05-R03,CLM55388427,provider,PRV0071,
PAY modifier 25 appended to most visits,PAY,PAY-05-R03,CLM55866300,provider,PRV0071,
PAY modifier 25 appended to most visits,PAY,PAY-05-R03,CLM40111414,provider,PRV0071,
PAY modifier 25 appended to most visits,PAY,PAY-05-R03,CLM37893651,provider,PRV0071,
PAY modifier 25 appended to most visits,PAY,PAY-05-R03,CLM83771243,provider,PRV0071,
PAY modifier 25 appended to most visits,PAY,PAY-05-R03,CLM92175623,provider,PRV0071,
PAY modifier 25 appended to most visits,PAY,PAY-05-R03,CLM97807035,provider,PRV0071,
PAY modifier 25 appended to most visits,PAY,PAY-05-R03,CLM92094861,provider,PRV0071,
PAY modifier 25 appended to most visits,PAY,PAY-05-R03,CLM81735354,provider,PRV0071,
PAY modifier 25 appended to most visits,PAY,PAY-05-R03,CLM26478482,provider,PRV0071,
PAY modifier 25 appended to most visits,PAY,PAY-05-R03,CLM24813116,provider,PRV0071,
PAY modifier 25 appended to most visits,PAY,PAY-05-R03,CLM20082256,provider,PRV0071,
PAY modifier 25 appended to most visits,PAY,PAY-05-R03,CLM83570993,provider,PRV0071,
PAY modifier 25 appended to most visits,PAY,PAY-05-R03,CLM81599090,provider,PRV0071,
PAY modifier 25 appended to most visits,PAY,PAY-05-R03,CLM29237315,provider,PRV0071,
PAY modifier 25 appended to most visits,PAY,PAY-05-R03,CLM78812996,provider,PRV0071,
PAY modifier 25 appended to most visits,PAY,PAY-05-R03,CLM36174189,provider,PRV0071,
PAY modifier 25 appended to most visits,PAY,PAY-05-R03,CLM98070650,provider,PRV0071,
PAY modifier 25 appended to most visits,PAY,PAY-05-R03,CLM76699742,provider,PRV0071,
PAY modifier 25 appended to most visits,PAY,PAY-05-R03,CLM29834759,provider,PRV0071,
PAY modifier 25 appended to most visits,PAY,PAY-05-R03,CLM34265697,provider,PRV0071,
PAY modifier 25 appended to most visits,PAY,PAY-05-R03,CLM15000097,provider,PRV0071,
PAY modifier 25 appended to most visits,PAY,PAY-05-R03,CLM69576323,provider,PRV0071,
PAY modifier 25 appended to most visits,PAY,PAY-05-R03,CLM31054848,provider,PRV0071,
PAY modifier 25 appended to most visits,PAY,PAY-05-R03,CLM27301058,provider,PRV0071,
PAY modifier 25 appended to most visits,PAY,PAY-05-R03,CLM24883799,provider,PRV0071,
PAY modifier 25 appended to most visits,PAY,PAY-05-R03,CLM86688361,provider,PRV0071,
PAY modifier 25 appended to most visits,PAY,PAY-05-R03,CLM89584788,provider,PRV0071,
PAY modifier 25 appended to most visits,PAY,PAY-05-R03,CLM21037004,provider,PRV0071,
PAY modifier 25 appended to most visits,PAY,PAY-05-R03,CLM36893898,provider,PRV0071,
PAY modifier 25 appended to most visits,PAY,PAY-05-R03,CLM82182890,provider,PRV0071,
PAY modifier 25 appended to most visits,PAY,PAY-05-R03,CLM58422443,provider,PRV0071,
PAY modifier 25 appended to most visits,PAY,PAY-05-R03,CLM48298984,provider,PRV0071,
PAY modifier 25 appended to most visits,PAY,PAY-05-R03,CLM99002009,provider,PRV0071,
PAY modifier 25 appended to most visits,PAY,PAY-05-R03,CLM34074694,provider,PRV0071,
PAY modifier 25 appended to most visits,PAY,PAY-05-R03,CLM86857464,provider,PRV0071,
PAY modifier 25 appended to most visits,PAY,PAY-05-R03,CLM49127706,provider,PRV0071,
PAY modifier 25 appended to most visits,PAY,PAY-05-R03,CLM73830468,provider,PRV0071,
PAY modifier 25 appended to most visits,PAY,PAY-05-R03,CLM61257270,provider,PRV0071,
PAY modifier 25 appended to most visits,PAY,PAY-05-R03,CLM81852840,provider,PRV0071,
PAY modifier 25 appended to most visits,PAY,PAY-05-R03,CLM61404633,provider,PRV0071,
PAY modifier 25 appended to most visits,PAY,PAY-05-R03,CLM23928466,provider,PRV0071,
PAY modifier 25 appended to most visits,PAY,PAY-05-R03,CLM59392295,provider,PRV0071,
PAY modifier 25 appended to most visits,PAY,PAY-05-R03,CLM45338978,provider,PRV0071,
PAY modifier 25 appended to most visits,PAY,PAY-05-R03,CLM26530601,provider,PRV0071,
PAY modifier 25 appended to most visits,PAY,PAY-05-R03,CLM64864966,provider,PRV0071,
PAY modifier 25 appended to most visits,PAY,PAY-05-R03,CLM18489967,provider,PRV0071,
PAY modifier 25 appended to most visits,PAY,PAY-05-R03,CLM64120986,provider,PRV0071,
PAY modifier 25 appended to most visits,PAY,PAY-05-R03,CLM61440091,provider,PRV0071,
PAY modifier 25 appended to most visits,PAY,PAY-05-R03,CLM90077593,provider,PRV0071,
PAY modifier 25 appended to most visits,PAY,PAY-05-R03,CLM36303205,provider,PRV0071,
PAY modifier 25 appended to most visits,PAY,PAY-05-R03,CLM77306129,provider,PRV0071,
PAY modifier 25 appended to most visits,PAY,PAY-05-R03,CLM55366779,provider,PRV0071,
PAY modifier 25 appended to most visits,PAY,PAY-05-R03,CLM65275038,provider,PRV0071,
PAY modifier 25 appended to most visits,PAY,PAY-05-R03,CLM20510847,provider,PRV0071,
PAY modifier 25 appended to most visits,PAY,PAY-05-R03,CLM79764462,provider,PRV0071,
PAY modifier 25 appended to most visits,PAY,PAY-05-R03,CLM26942140,provider,PRV0071,
PAY modifier 25 appended to most visits,PAY,PAY-05-R03,CLM62655107,provider,PRV0071,
PAY modifier 25 appended to most visits,PAY,PAY-05-R03,CLM85738327,provider,PRV0071,
PAY modifier 25 appended to most visits,PAY,PAY-05-R03,CLM88936474,provider,PRV0071,
PAY modifier 25 appended to most visits,PAY,PAY-05-R03,CLM53653327,provider,PRV0071,
PAY modifier 25 appended to most visits,PAY,PAY-05-R03,CLM11023042,provider,PRV0071,
PAY modifier 25 appended to most visits,PAY,PAY-05-R03,CLM45392481,provider,PRV0071,
PAY modifier 25 appended to most visits,PAY,PAY-05-R03,CLM74788078,provider,PRV0071,
PAY modifier 25 appended to most visits,PAY,PAY-05-R03,CLM60571115,provider,PRV0071,
PAY modifier 25 appended to most visits,PAY,PAY-05-R03,CLM18162305,provider,PRV0071,
PAY modifier 25 appended to most visits,PAY,PAY-05-R03,CLM14775464,provider,PRV0071,
PAY modifier 25 appended to most visits,PAY,PAY-05-R03,CLM53233461,provider,PRV0071,
PAY modifier 25 appended to most visits,PAY,PAY-05-R03,CLM18391197,provider,PRV0071,
PAY modifier 25 appended to most visits,PAY,PAY-05-R03,CLM80263721,provider,PRV0071,
PAY modifier 25 appended to most visits,PAY,PAY-05-R03,CLM57728489,provider,PRV0071,
PAY modifier 25 appended to most visits,PAY,PAY-05-R03,CLM21952156,provider,PRV0071,
PAY modifier 25 appended to most visits,PAY,PAY-05-R03,CLM23445476,provider,PRV0071,
PAY modifier 25 appended to most visits,PAY,PAY-05-R03,CLM51966596,provider,PRV0071,
PAY modifier 25 appended to most visits,PAY,PAY-05-R03,CLM58779534,provider,PRV0071,
PAY modifier 25 appended to most visits,PAY,PAY-05-R03,CLM11231412,provider,PRV0071,
PAY modifier 25 appended to most visits,PAY,PAY-05-R03,CLM46144686,provider,PRV0071,
PAY modifier 25 appended to most visits,PAY,PAY-05-R03,CLM69860626,provider,PRV0071,
PAY modifier 25 appended to most visits,PAY,PAY-05-R03,CLM19551421,provider,PRV0071,
PAY modifier 25 appended to most visits,PAY,PAY-05-R03,CLM29500188,provider,PRV0071,
PAY modifier 25 appended to most visits,PAY,PAY-05-R03,CLM46307760,provider,PRV0071,
PAY modifier 25 appended to most visits,PAY,PAY-05-R03,CLM82449793,provider,PRV0071,
PAY modifier 25 appended to most visits,PAY,PAY-05-R03,CLM66156347,provider,PRV0071,
PAY modifier 25 appended to most visits,PAY,PAY-05-R03,CLM30783263,provider,PRV0071,
PAY modifier 25 appended to most visits,PAY,PAY-05-R03,CLM48299911,provider,PRV0071,
PAY modifier 25 appended to most visits,PAY,PAY-05-R03,CLM46868374,provider,PRV0071,
PAY modifier 25 appended to most visits,PAY,PAY-05-R03,CLM76363971,provider,PRV0071,
PAY modifier 25 appended to most visits,PAY,PAY-05-R03,CLM92774829,provider,PRV0071,
PAY modifier 25 appended to most visits,PAY,PAY-05-R03,CLM73538379,provider,PRV0071,
PAY modifier 25 appended to most visits,PAY,PAY-05-R03,CLM49976995,provider,PRV0071,
PAY modifier 25 appended to most visits,PAY,PAY-05-R03,CLM17123614,provider,PRV0071,
PAY modifier 25 appended to most visits,PAY,PAY-05-R03,CLM36899923,provider,PRV0071,
PAY modifier 25 appended to most visits,PAY,PAY-05-R03,CLM14326733,provider,PRV0071,
PAY modifier 25 appended to most visits,PAY,PAY-05-R03,CLM18419767,provider,PRV0071,
PAY modifier 25 appended to most visits,PAY,PAY-05-R03,CLM60382449,provider,PRV0071,
PAY modifier 25 appended to most visits,PAY,PAY-05-R03,CLM68263162,provider,PRV0071,
PAY modifier 25 appended to most visits,PAY,PAY-05-R03,CLM44410758,provider,PRV0071,
PAY modifier 25 appended to most visits,PAY,PAY-05-R03,CLM77952784,provider,PRV0071,
PAY modifier 25 appended to most visits,PAY,PAY-05-R03,CLM37149863,provider,PRV0071,
PAY modifier 25 appended to most visits,PAY,PAY-05-R03,CLM40707800,provider,PRV0071,
PAY modifier 25 appended to most visits,PAY,PAY-05-R03,CLM24586847,provider,PRV0071,
PAY modifier 25 appended to most visits,PAY,PAY-05-R03,CLM44009096,provider,PRV0071,
PAY modifier 25 appended to most visits,PAY,PAY-05-R03,CLM35096522,provider,PRV0071,
PAY modifier 25 appended to most visits,PAY,PAY-05-R03,CLM70130188,provider,PRV0071,
PAY modifier 25 appended to most visits,PAY,PAY-05-R03,CLM71000466,provider,PRV0071,
PAY modifier 25 appended to most visits,PAY,PAY-05-R03,CLM53134766,provider,PRV0071,
PAY modifier 25 appended to most visits,PAY,PAY-05-R03,CLM92621088,provider,PRV0071,
PAY modifier 25 appended to most visits,PAY,PAY-05-R03,CLM37020980,provider,PRV0071,
PAY modifier 25 appended to most visits,PAY,PAY-05-R03,CLM94769653,provider,PRV0071,
PAY modifier 25 appended to most visits,PAY,PAY-05-R03,CLM26910749,provider,PRV0071,
PAY modifier 25 appended to most visits,PAY,PAY-05-R03,CLM45634125,provider,PRV0071,
PAY modifier 25 appended to most visits,PAY,PAY-05-R03,CLM90761927,provider,PRV0071,
PAY modifier 25 appended to most visits,PAY,PAY-05-R03,CLM22464441,provider,PRV0071,
PAY modifier 25 appended to most visits,PAY,PAY-05-R03,CLM75203150,provider,PRV0071,
PAY modifier 25 appended to most visits,PAY,PAY-05-R03,CLM92465127,provider,PRV0071,
PAY modifier 25 appended to most visits,PAY,PAY-05-R03,CLM46013887,provider,PRV0071,
PAY modifier 25 appended to most visits,PAY,PAY-05-R03,CLM19109156,provider,PRV0071,
PAY modifier 25 appended to most visits,PAY,PAY-05-R03,CLM74030886,provider,PRV0071,
PAY modifier 25 appended to most visits,PAY,PAY-05-R03,CLM71560572,provider,PRV0071,
PAY modifier 25 appended to most visits,PAY,PAY-05-R03,CLM18726231,provider,PRV0071,
PAY modifier 25 appended to most visits,PAY,PAY-05-R03,CLM19481602,provider,PRV0071,
PAY modifier 25 appended to most visits,PAY,PAY-05-R03,CLM84572082,provider,PRV0071,
PAY modifier 25 appended to most visits,PAY,PAY-05-R03,CLM99023654,provider,PRV0071,
PAY modifier 25 appended to most visits,PAY,PAY-05-R03,CLM40843460,provider,PRV0071,
PAY modifier 25 appended to most visits,PAY,PAY-05-R03,CLM65333214,provider,PRV0071,
PAY modifier 25 appended to most visits,PAY,PAY-05-R03,CLM91100040,provider,PRV0071,
PAY modifier 25 appended to most visits,PAY,PAY-05-R03,CLM53284876,provider,PRV0071,
PAY modifier 25 appended to most visits,PAY,PAY-05-R03,CLM32951931,provider,PRV0071,
PAY modifier 25 appended to most visits,PAY,PAY-05-R03,CLM54461508,provider,PRV0071,
PAY modifier 25 appended to most visits,PAY,PAY-05-R03,CLM67273147,provider,PRV0071,
PAY modifier 25 appended to most visits,PAY,PAY-05-R03,CLM65283326,provider,PRV0071,
PAY modifier 25 appended to most visits,PAY,PAY-05-R03,CLM10475626,provider,PRV0071,
PAY modifier 25 appended to most visits,PAY,PAY-05-R03,CLM79421390,provider,PRV0071,
PAY modifier 25 appended to most visits,PAY,PAY-05-R03,CLM68889390,provider,PRV0071,
PAY modifier 25 appended to most visits,PAY,PAY-05-R03,CLM60671386,provider,PRV0071,
PAY modifier 25 appended to most visits,PAY,PAY-05-R03,CLM78005085,provider,PRV0071,
PAY modifier 25 appended to most visits,PAY,PAY-05-R03,CLM81568477,provider,PRV0071,
PAY modifier 25 appended to most visits,PAY,PAY-05-R03,CLM40269603,provider,PRV0071,
PAY modifier 25 appended to most visits,PAY,PAY-05-R03,CLM36529219,provider,PRV0071,
PAY modifier 25 appended to most visits,PAY,PAY-05-R03,CLM92794367,provider,PRV0071,
PAY modifier 25 appended to most visits,PAY,PAY-05-R03,CLM75608269,provider,PRV0071,
PAY modifier 25 appended to most visits,PAY,PAY-05-R03,CLM34933588,provider,PRV0071,
PAY modifier 25 appended to most visits,PAY,PAY-05-R03,CLM55814939,provider,PRV0071,
PAY modifier 25 appended to most visits,PAY,PAY-05-R03,CLM69151053,provider,PRV0071,
PAY modifier 25 appended to most visits,PAY,PAY-05-R03,CLM82063685,provider,PRV0071,
PAY modifier 25 appended to most visits,PAY,PAY-05-R03,CLM22697904,provider,PRV0071,
PAY modifier 25 appended to most visits,PAY,PAY-05-R03,CLM25880909,provider,PRV0071,
PAY modifier 25 appended to most visits,PAY,PAY-05-R03,CLM41749018,provider,PRV0053,
PAY modifier 25 appended to most visits,PAY,PAY-05-R03,CLM67372404,provider,PRV0053,
PAY modifier 25 appended to most visits,PAY,PAY-05-R03,CLM24581196,provider,PRV0053,
PAY modifier 25 appended to most visits,PAY,PAY-05-R03,CLM53270869,provider,PRV0053,
PAY modifier 25 appended to most visits,PAY,PAY-05-R03,CLM29872988,provider,PRV0053,
PAY modifier 25 appended to most visits,PAY,PAY-05-R03,CLM11972418,provider,PRV0053,
PAY modifier 25 appended to most visits,PAY,PAY-05-R03,CLM16570877,provider,PRV0053,
PAY modifier 25 appended to most visits,PAY,PAY-05-R03,CLM19027871,provider,PRV0053,
PAY modifier 25 appended to most visits,PAY,PAY-05-R03,CLM14968364,provider,PRV0053,
PAY modifier 25 appended to most visits,PAY,PAY-05-R03,CLM16514082,provider,PRV0053,
PAY modifier 25 appended to most visits,PAY,PAY-05-R03,CLM92560137,provider,PRV0053,
PAY modifier 25 appended to most visits,PAY,PAY-05-R03,CLM36132043,provider,PRV0053,
PAY modifier 25 appended to most visits,PAY,PAY-05-R03,CLM77102794,provider,PRV0053,
PAY modifier 25 appended to most visits,PAY,PAY-05-R03,CLM35886009,provider,PRV0053,
PAY modifier 25 appended to most visits,PAY,PAY-05-R03,CLM45848836,provider,PRV0053,
PAY modifier 25 appended to most visits,PAY,PAY-05-R03,CLM54697656,provider,PRV0053,
PAY modifier 25 appended to most visits,PAY,PAY-05-R03,CLM75837877,provider,PRV0053,
PAY modifier 25 appended to most visits,PAY,PAY-05-R03,CLM78313445,provider,PRV0053,
PAY modifier 25 appended to most visits,PAY,PAY-05-R03,CLM65392655,provider,PRV0053,
PAY modifier 25 appended to most visits,PAY,PAY-05-R03,CLM20082021,provider,PRV0053,
PAY modifier 25 appended to most visits,PAY,PAY-05-R03,CLM18173256,provider,PRV0053,
PAY modifier 25 appended to most visits,PAY,PAY-05-R03,CLM52034755,provider,PRV0053,
PAY modifier 25 appended to most visits,PAY,PAY-05-R03,CLM25476986,provider,PRV0053,
PAY modifier 25 appended to most visits,PAY,PAY-05-R03,CLM40797889,provider,PRV0053,
PAY modifier 25 appended to most visits,PAY,PAY-05-R03,CLM54245940,provider,PRV0053,
PAY modifier 25 appended to most visits,PAY,PAY-05-R03,CLM37633218,provider,PRV0053,
PAY modifier 25 appended to most visits,PAY,PAY-05-R03,CLM20348247,provider,PRV0053,
PAY modifier 25 appended to most visits,PAY,PAY-05-R03,CLM95580469,provider,PRV0053,
PAY modifier 25 appended to most visits,PAY,PAY-05-R03,CLM37915526,provider,PRV0053,
PAY modifier 25 appended to most visits,PAY,PAY-05-R03,CLM77133197,provider,PRV0053,
PAY modifier 25 appended to most visits,PAY,PAY-05-R03,CLM43836701,provider,PRV0053,
PAY modifier 25 appended to most visits,PAY,PAY-05-R03,CLM92561316,provider,PRV0053,
PAY modifier 25 appended to most visits,PAY,PAY-05-R03,CLM98437350,provider,PRV0053,
PAY modifier 25 appended to most visits,PAY,PAY-05-R03,CLM97787134,provider,PRV0053,
PAY modifier 25 appended to most visits,PAY,PAY-05-R03,CLM71429973,provider,PRV0053,
PAY modifier 25 appended to most visits,PAY,PAY-05-R03,CLM25651531,provider,PRV0053,
PAY modifier 25 appended to most visits,PAY,PAY-05-R03,CLM26338939,provider,PRV0053,
PAY modifier 25 appended to most visits,PAY,PAY-05-R03,CLM66872470,provider,PRV0053,
PAY modifier 25 appended to most visits,PAY,PAY-05-R03,CLM87139191,provider,PRV0053,
PAY modifier 25 appended to most visits,PAY,PAY-05-R03,CLM30453511,provider,PRV0053,
PAY modifier 25 appended to most visits,PAY,PAY-05-R03,CLM55097434,provider,PRV0053,
PAY modifier 25 appended to most visits,PAY,PAY-05-R03,CLM57720204,provider,PRV0053,
PAY modifier 25 appended to most visits,PAY,PAY-05-R03,CLM23783344,provider,PRV0053,
PAY modifier 25 appended to most visits,PAY,PAY-05-R03,CLM78710050,provider,PRV0053,
PAY modifier 25 appended to most visits,PAY,PAY-05-R03,CLM28188064,provider,PRV0053,
PAY modifier 25 appended to most visits,PAY,PAY-05-R03,CLM42694879,provider,PRV0053,
PAY modifier 25 appended to most visits,PAY,PAY-05-R03,CLM35186513,provider,PRV0053,
PAY modifier 25 appended to most visits,PAY,PAY-05-R03,CLM29194040,provider,PRV0053,
PAY modifier 25 appended to most visits,PAY,PAY-05-R03,CLM12300730,provider,PRV0053,
PAY modifier 25 appended to most visits,PAY,PAY-05-R03,CLM54768064,provider,PRV0053,
PAY modifier 25 appended to most visits,PAY,PAY-05-R03,CLM52676406,provider,PRV0053,
PAY modifier 25 appended to most visits,PAY,PAY-05-R03,CLM38964866,provider,PRV0053,
PAY modifier 25 appended to most visits,PAY,PAY-05-R03,CLM51533253,provider,PRV0053,
PAY modifier 25 appended to most visits,PAY,PAY-05-R03,CLM12437552,provider,PRV0053,
PAY modifier 25 appended to most visits,PAY,PAY-05-R03,CLM61794423,provider,PRV0053,
PAY modifier 25 appended to most visits,PAY,PAY-05-R03,CLM20193321,provider,PRV0053,
PAY modifier 25 appended to most visits,PAY,PAY-05-R03,CLM90084802,provider,PRV0053,
PAY modifier 25 appended to most visits,PAY,PAY-05-R03,CLM22711449,provider,PRV0053,
PAY modifier 25 appended to most visits,PAY,PAY-05-R03,CLM37373912,provider,PRV0053,
PAY modifier 25 appended to most visits,PAY,PAY-05-R03,CLM78889957,provider,PRV0053,
PAY modifier 25 appended to most visits,PAY,PAY-05-R03,CLM11770712,provider,PRV0053,
PAY modifier 25 appended to most visits,PAY,PAY-05-R03,CLM17138151,provider,PRV0053,
PAY modifier 25 appended to most visits,PAY,PAY-05-R03,CLM52404684,provider,PRV0053,
PAY modifier 25 appended to most visits,PAY,PAY-05-R03,CLM58708376,provider,PRV0053,
PAY modifier 25 appended to most visits,PAY,PAY-05-R03,CLM59991873,provider,PRV0053,
PAY modifier 25 appended to most visits,PAY,PAY-05-R03,CLM67136159,provider,PRV0053,
PAY modifier 25 appended to most visits,PAY,PAY-05-R03,CLM45754796,provider,PRV0053,
PAY modifier 25 appended to most visits,PAY,PAY-05-R03,CLM37864670,provider,PRV0053,
PAY modifier 25 appended to most visits,PAY,PAY-05-R03,CLM18894386,provider,PRV0053,
PAY modifier 25 appended to most visits,PAY,PAY-05-R03,CLM64368013,provider,PRV0053,
PAY modifier 25 appended to most visits,PAY,PAY-05-R03,CLM72840835,provider,PRV0053,
PAY modifier 25 appended to most visits,PAY,PAY-05-R03,CLM24868666,provider,PRV0053,
PAY modifier 25 appended to most visits,PAY,PAY-05-R03,CLM57113309,provider,PRV0053,
PAY modifier 25 appended to most visits,PAY,PAY-05-R03,CLM38757195,provider,PRV0053,
PAY modifier 25 appended to most visits,PAY,PAY-05-R03,CLM47942885,provider,PRV0053,
PAY modifier 25 appended to most visits,PAY,PAY-05-R03,CLM72566369,provider,PRV0053,
PAY modifier 25 appended to most visits,PAY,PAY-05-R03,CLM47681523,provider,PRV0053,
PAY modifier 25 appended to most visits,PAY,PAY-05-R03,CLM88040425,provider,PRV0053,
PAY modifier 25 appended to most visits,PAY,PAY-05-R03,CLM80968614,provider,PRV0053,
PAY modifier 25 appended to most visits,PAY,PAY-05-R03,CLM78167187,provider,PRV0053,
PAY modifier 25 appended to most visits,PAY,PAY-05-R03,CLM28096057,provider,PRV0053,
PAY modifier 25 appended to most visits,PAY,PAY-05-R03,CLM32875756,provider,PRV0053,
PAY modifier 25 appended to most visits,PAY,PAY-05-R03,CLM33075784,provider,PRV0053,
PAY modifier 25 appended to most visits,PAY,PAY-05-R03,CLM27983515,provider,PRV0053,
PAY modifier 25 appended to most visits,PAY,PAY-05-R03,CLM35633090,provider,PRV0053,
PAY modifier 25 appended to most visits,PAY,PAY-05-R03,CLM88534323,provider,PRV0053,
PAY modifier 25 appended to most visits,PAY,PAY-05-R03,CLM13308741,provider,PRV0053,
PAY modifier 25 appended to most visits,PAY,PAY-05-R03,CLM35421380,provider,PRV0053,
PAY modifier 25 appended to most visits,PAY,PAY-05-R03,CLM77308210,provider,PRV0053,
PAY modifier 25 appended to most visits,PAY,PAY-05-R03,CLM73532174,provider,PRV0053,
PAY modifier 25 appended to most visits,PAY,PAY-05-R03,CLM87067724,provider,PRV0053,
PAY modifier 25 appended to most visits,PAY,PAY-05-R03,CLM28773313,provider,PRV0053,
PAY modifier 25 appended to most visits,PAY,PAY-05-R03,CLM57511835,provider,PRV0053,
PAY modifier 25 appended to most visits,PAY,PAY-05-R03,CLM73685469,provider,PRV0053,
PAY modifier 25 appended to most visits,PAY,PAY-05-R03,CLM11690368,provider,PRV0053,
PAY modifier 25 appended to most visits,PAY,PAY-05-R03,CLM27651221,provider,PRV0053,
PAY modifier 25 appended to most visits,PAY,PAY-05-R03,CLM80837922,provider,PRV0053,
PAY modifier 25 appended to most visits,PAY,PAY-05-R03,CLM25337495,provider,PRV0053,
PAY modifier 25 appended to most visits,PAY,PAY-05-R03,CLM88137019,provider,PRV0053,
PAY modifier 25 appended to most visits,PAY,PAY-05-R03,CLM72979457,provider,PRV0053,
PAY modifier 25 appended to most visits,PAY,PAY-05-R03,CLM44275364,provider,PRV0053,
PAY modifier 25 appended to most visits,PAY,PAY-05-R03,CLM20977021,provider,PRV0053,
PAY modifier 25 appended to most visits,PAY,PAY-05-R03,CLM55243734,provider,PRV0053,
PAY modifier 25 appended to most visits,PAY,PAY-05-R03,CLM12369059,provider,PRV0053,
PAY modifier 25 appended to most visits,PAY,PAY-05-R03,CLM80065655,provider,PRV0053,
PAY modifier 25 appended to most visits,PAY,PAY-05-R03,CLM40588160,provider,PRV0053,
PAY modifier 25 appended to most visits,PAY,PAY-05-R03,CLM32264353,provider,PRV0053,
PAY modifier 25 appended to most visits,PAY,PAY-05-R03,CLM53207500,provider,PRV0053,
PAY modifier 25 appended to most visits,PAY,PAY-05-R03,CLM81366667,provider,PRV0053,
PAY modifier 25 appended to most visits,PAY,PAY-05-R03,CLM74300314,provider,PRV0053,
PAY modifier 25 appended to most visits,PAY,PAY-05-R03,CLM75722095,provider,PRV0053,
PAY modifier 25 appended to most visits,PAY,PAY-05-R03,CLM97697741,provider,PRV0053,
PAY modifier 25 appended to most visits,PAY,PAY-05-R03,CLM97930980,provider,PRV0053,
PAY modifier 25 appended to most visits,PAY,PAY-05-R03,CLM40703828,provider,PRV0053,
PAY modifier 25 appended to most visits,PAY,PAY-05-R03,CLM94301048,provider,PRV0053,
PAY modifier 25 appended to most visits,PAY,PAY-05-R03,CLM56184426,provider,PRV0053,
PAY modifier 25 appended to most visits,PAY,PAY-05-R03,CLM21604562,provider,PRV0053,
PAY modifier 25 appended to most visits,PAY,PAY-05-R03,CLM75879831,provider,PRV0053,
PAY modifier 25 appended to most visits,PAY,PAY-05-R03,CLM14590815,provider,PRV0053,
PAY modifier 25 appended to most visits,PAY,PAY-05-R03,CLM17204327,provider,PRV0053,
PAY modifier 25 appended to most visits,PAY,PAY-05-R03,CLM25617851,provider,PRV0053,
PAY modifier 25 appended to most visits,PAY,PAY-05-R03,CLM81095798,provider,PRV0053,
PAY post-edit migration: modifier 59 after a new edit,PAY,PAY-05-R04,CLM82939738,provider,PRV0088,"Pre-edit claims: CLM84761339, CLM35374923, CLM86749831, CLM25077913, CLM34540748"
PAY post-edit migration: modifier 59 after a new edit,PAY,PAY-05-R04,CLM54387414,provider,PRV0088,"Pre-edit claims: CLM84761339, CLM35374923, CLM86749831, CLM25077913, CLM34540748"
PAY post-edit migration: modifier 59 after a new edit,PAY,PAY-05-R04,CLM58478797,provider,PRV0088,"Pre-edit claims: CLM84761339, CLM35374923, CLM86749831, CLM25077913, CLM34540748"
PAY post-edit migration: modifier 59 after a new edit,PAY,PAY-05-R04,CLM90806144,provider,PRV0088,"Pre-edit claims: CLM84761339, CLM35374923, CLM86749831, CLM25077913, CLM34540748"
PAY post-edit migration: modifier 59 after a new edit,PAY,PAY-05-R04,CLM55431678,provider,PRV0088,"Pre-edit claims: CLM84761339, CLM35374923, CLM86749831, CLM25077913, CLM34540748"
PAY post-edit migration: modifier 59 after a new edit,PAY,PAY-05-R04,CLM45670293,provider,PRV0088,"Pre-edit claims: CLM84761339, CLM35374923, CLM86749831, CLM25077913, CLM34540748"
PAY post-edit migration: modifier 59 after a new edit,PAY,PAY-05-R04,CLM50509705,provider,PRV0088,"Pre-edit claims: CLM84761339, CLM35374923, CLM86749831, CLM25077913, CLM34540748"
PAY post-edit migration: modifier 59 after a new edit,PAY,PAY-05-R04,CLM16931930,provider,PRV0088,"Pre-edit claims: CLM84761339, CLM35374923, CLM86749831, CLM25077913, CLM34540748"
PAY post-edit migration: modifier 59 after a new edit,PAY,PAY-05-R04,CLM90108593,provider,PRV0088,"Pre-edit claims: CLM84761339, CLM35374923, CLM86749831, CLM25077913, CLM34540748"
PAY post-edit: plain component billed with its parent after the edit,PAY,PAY-02-R01,CLM14863784,claim,CLM14863784;CLM84603190,Refused at remittance under the new edit; part of the PAY-05-R04 pattern.
PAY post-edit: plain component billed with its parent after the edit,PAY,PAY-02-R01,CLM84603190,claim,CLM14863784;CLM84603190,Refused at remittance under the new edit; part of the PAY-05-R04 pattern.
PAY price above the contracted tariff,PAY,PAY-06-R01,CLM97918878,claim,CLM97918878;CLM33698854;CLM23688861;CLM13787024;CLM13955218;CLM66718236,
PAY price above the contracted tariff,PAY,PAY-06-R01,CLM33698854,claim,CLM97918878;CLM33698854;CLM23688861;CLM13787024;CLM13955218;CLM66718236,
PAY price above the contracted tariff,PAY,PAY-06-R01,CLM23688861,claim,CLM97918878;CLM33698854;CLM23688861;CLM13787024;CLM13955218;CLM66718236,
PAY price above the contracted tariff,PAY,PAY-06-R01,CLM13787024,claim,CLM97918878;CLM33698854;CLM23688861;CLM13787024;CLM13955218;CLM66718236,
PAY price above the contracted tariff,PAY,PAY-06-R01,CLM13955218,claim,CLM97918878;CLM33698854;CLM23688861;CLM13787024;CLM13955218;CLM66718236,
PAY price above the contracted tariff,PAY,PAY-06-R01,CLM66718236,claim,CLM97918878;CLM33698854;CLM23688861;CLM13787024;CLM13955218;CLM66718236,
PAY price look-alike: within the rounding tolerance,PAY,PAY-06-R01,CLM68799623,claim,CLM68799623;CLM36457018,Exclusion: rounding tolerance.
PAY price look-alike: within the rounding tolerance,PAY,PAY-06-R01,CLM36457018,claim,CLM68799623;CLM36457018,Exclusion: rounding tolerance.
PAY patient share below the benefit co-payment,PAY,PAY-07-R01,CLM23520427,claim,CLM23520427;CLM84550325;CLM37809971;CLM49670087;CLM36546875;CLM57060678;CLM82330813;CLM88050334;CLM81899106;CLM79916069;CLM47857487;CLM24246886,
PAY patient share below the benefit co-payment,PAY,PAY-07-R01,CLM84550325,claim,CLM23520427;CLM84550325;CLM37809971;CLM49670087;CLM36546875;CLM57060678;CLM82330813;CLM88050334;CLM81899106;CLM79916069;CLM47857487;CLM24246886,
PAY patient share below the benefit co-payment,PAY,PAY-07-R01,CLM37809971,claim,CLM23520427;CLM84550325;CLM37809971;CLM49670087;CLM36546875;CLM57060678;CLM82330813;CLM88050334;CLM81899106;CLM79916069;CLM47857487;CLM24246886,
PAY patient share below the benefit co-payment,PAY,PAY-07-R01,CLM49670087,claim,CLM23520427;CLM84550325;CLM37809971;CLM49670087;CLM36546875;CLM57060678;CLM82330813;CLM88050334;CLM81899106;CLM79916069;CLM47857487;CLM24246886,
PAY patient share below the benefit co-payment,PAY,PAY-07-R01,CLM36546875,claim,CLM23520427;CLM84550325;CLM37809971;CLM49670087;CLM36546875;CLM57060678;CLM82330813;CLM88050334;CLM81899106;CLM79916069;CLM47857487;CLM24246886,
PAY patient share below the benefit co-payment,PAY,PAY-07-R01,CLM57060678,claim,CLM23520427;CLM84550325;CLM37809971;CLM49670087;CLM36546875;CLM57060678;CLM82330813;CLM88050334;CLM81899106;CLM79916069;CLM47857487;CLM24246886,
PAY patient share below the benefit co-payment,PAY,PAY-07-R01,CLM82330813,claim,CLM23520427;CLM84550325;CLM37809971;CLM49670087;CLM36546875;CLM57060678;CLM82330813;CLM88050334;CLM81899106;CLM79916069;CLM47857487;CLM24246886,
PAY patient share below the benefit co-payment,PAY,PAY-07-R01,CLM88050334,claim,CLM23520427;CLM84550325;CLM37809971;CLM49670087;CLM36546875;CLM57060678;CLM82330813;CLM88050334;CLM81899106;CLM79916069;CLM47857487;CLM24246886,
PAY patient share below the benefit co-payment,PAY,PAY-07-R01,CLM81899106,claim,CLM23520427;CLM84550325;CLM37809971;CLM49670087;CLM36546875;CLM57060678;CLM82330813;CLM88050334;CLM81899106;CLM79916069;CLM47857487;CLM24246886,
PAY patient share below the benefit co-payment,PAY,PAY-07-R01,CLM79916069,claim,CLM23520427;CLM84550325;CLM37809971;CLM49670087;CLM36546875;CLM57060678;CLM82330813;CLM88050334;CLM81899106;CLM79916069;CLM47857487;CLM24246886,
PAY patient share below the benefit co-payment,PAY,PAY-07-R01,CLM47857487,claim,CLM23520427;CLM84550325;CLM37809971;CLM49670087;CLM36546875;CLM57060678;CLM82330813;CLM88050334;CLM81899106;CLM79916069;CLM47857487;CLM24246886,
PAY patient share below the benefit co-payment,PAY,PAY-07-R01,CLM24246886,claim,CLM23520427;CLM84550325;CLM37809971;CLM49670087;CLM36546875;CLM57060678;CLM82330813;CLM88050334;CLM81899106;CLM79916069;CLM47857487;CLM24246886,
PAY patient share off by rounding only (look-alike),PAY,PAY-07-R01,CLM61571406,claim,CLM61571406;CLM97602605,
PAY patient share off by rounding only (look-alike),PAY,PAY-07-R01,CLM97602605,claim,CLM61571406;CLM97602605,
PAY patient share left inside the amount claimed from the insurer,PAY,PAY-07-R02,CLM88948617,claim,CLM88948617;CLM14222365;CLM81067154;CLM62350031;CLM21258153;CLM31117693;CLM89008378,
PAY patient share left inside the amount claimed from the insurer,PAY,PAY-07-R02,CLM14222365,claim,CLM88948617;CLM14222365;CLM81067154;CLM62350031;CLM21258153;CLM31117693;CLM89008378,
PAY patient share left inside the amount claimed from the insurer,PAY,PAY-07-R02,CLM81067154,claim,CLM88948617;CLM14222365;CLM81067154;CLM62350031;CLM21258153;CLM31117693;CLM89008378,
PAY patient share left inside the amount claimed from the insurer,PAY,PAY-07-R02,CLM62350031,claim,CLM88948617;CLM14222365;CLM81067154;CLM62350031;CLM21258153;CLM31117693;CLM89008378,
PAY patient share left inside the amount claimed from the insurer,PAY,PAY-07-R02,CLM21258153,claim,CLM88948617;CLM14222365;CLM81067154;CLM62350031;CLM21258153;CLM31117693;CLM89008378,
PAY patient share left inside the amount claimed from the insurer,PAY,PAY-07-R02,CLM31117693,claim,CLM88948617;CLM14222365;CLM81067154;CLM62350031;CLM21258153;CLM31117693;CLM89008378,
PAY patient share left inside the amount claimed from the insurer,PAY,PAY-07-R02,CLM89008378,claim,CLM88948617;CLM14222365;CLM81067154;CLM62350031;CLM21258153;CLM31117693;CLM89008378,
PAY patient share waived and shifted onto the insurer,PAY,PAY-07-R02;PAY-07-R01,CLM21923056,claim,CLM21923056;CLM33233702;CLM22703149;CLM94443236;CLM29598595;CLM92922851,
PAY patient share waived and shifted onto the insurer,PAY,PAY-07-R02;PAY-07-R01,CLM33233702,claim,CLM21923056;CLM33233702;CLM22703149;CLM94443236;CLM29598595;CLM92922851,
PAY patient share waived and shifted onto the insurer,PAY,PAY-07-R02;PAY-07-R01,CLM22703149,claim,CLM21923056;CLM33233702;CLM22703149;CLM94443236;CLM29598595;CLM92922851,
PAY patient share waived and shifted onto the insurer,PAY,PAY-07-R02;PAY-07-R01,CLM94443236,claim,CLM21923056;CLM33233702;CLM22703149;CLM94443236;CLM29598595;CLM92922851,
PAY patient share waived and shifted onto the insurer,PAY,PAY-07-R02;PAY-07-R01,CLM29598595,claim,CLM21923056;CLM33233702;CLM22703149;CLM94443236;CLM29598595;CLM92922851,
PAY patient share waived and shifted onto the insurer,PAY,PAY-07-R02;PAY-07-R01,CLM92922851,claim,CLM21923056;CLM33233702;CLM22703149;CLM94443236;CLM29598595;CLM92922851,
PAY clinic systematically records zero or rounded-down patient share,PAY,PAY-07-R03;PAY-07-R01,CLM73888491,provider,PRV0123,
PAY clinic systematically records zero or rounded-down patient share,PAY,PAY-07-R03;PAY-07-R01,CLM41153127,provider,PRV0123,
PAY clinic systematically records zero or rounded-down patient share,PAY,PAY-07-R03;PAY-07-R01,CLM11461392,provider,PRV0123,
PAY clinic systematically records zero or rounded-down patient share,PAY,PAY-07-R03;PAY-07-R01,CLM77050935,provider,PRV0123,
PAY clinic systematically records zero or rounded-down patient share,PAY,PAY-07-R03;PAY-07-R01,CLM95301618,provider,PRV0123,
PAY clinic systematically records zero or rounded-down patient share,PAY,PAY-07-R03;PAY-07-R01,CLM63088506,provider,PRV0123,
PAY clinic systematically records zero or rounded-down patient share,PAY,PAY-07-R03;PAY-07-R01,CLM61330588,provider,PRV0123,
PAY clinic systematically records zero or rounded-down patient share,PAY,PAY-07-R03;PAY-07-R01,CLM95904706,provider,PRV0123,
PAY clinic systematically records zero or rounded-down patient share,PAY,PAY-07-R03;PAY-07-R01,CLM47890151,provider,PRV0123,
PAY clinic systematically records zero or rounded-down patient share,PAY,PAY-07-R03;PAY-07-R01,CLM66047684,provider,PRV0123,
PAY clinic systematically records zero or rounded-down patient share,PAY,PAY-07-R03;PAY-07-R01,CLM41091848,provider,PRV0123,
PAY clinic systematically records zero or rounded-down patient share,PAY,PAY-07-R03;PAY-07-R01,CLM97189100,provider,PRV0123,
PAY clinic systematically records zero or rounded-down patient share,PAY,PAY-07-R03;PAY-07-R01,CLM87748903,provider,PRV0123,
PAY clinic systematically records zero or rounded-down patient share,PAY,PAY-07-R03;PAY-07-R01,CLM93736975,provider,PRV0123,
PAY clinic systematically records zero or rounded-down patient share,PAY,PAY-07-R03;PAY-07-R01,CLM10416308,provider,PRV0123,
PAY clinic systematically records zero or rounded-down patient share,PAY,PAY-07-R03;PAY-07-R01,CLM23705846,provider,PRV0123,
PAY clinic systematically records zero or rounded-down patient share,PAY,PAY-07-R03;PAY-07-R01,CLM57214022,provider,PRV0123,
PAY clinic systematically records zero or rounded-down patient share,PAY,PAY-07-R03;PAY-07-R01,CLM67138164,provider,PRV0123,
PAY clinic systematically records zero or rounded-down patient share,PAY,PAY-07-R03;PAY-07-R01,CLM40818123,provider,PRV0123,
PAY clinic systematically records zero or rounded-down patient share,PAY,PAY-07-R03;PAY-07-R01,CLM84494494,provider,PRV0123,
PAY clinic systematically records zero or rounded-down patient share,PAY,PAY-07-R03;PAY-07-R01,CLM62551341,provider,PRV0123,
PAY clinic systematically records zero or rounded-down patient share,PAY,PAY-07-R03;PAY-07-R01,CLM15991537,provider,PRV0123,
PAY clinic systematically records zero or rounded-down patient share,PAY,PAY-07-R03;PAY-07-R01,CLM27398923,provider,PRV0123,
PAY clinic systematically records zero or rounded-down patient share,PAY,PAY-07-R03;PAY-07-R01,CLM36340983,provider,PRV0123,
PAY clinic systematically records zero or rounded-down patient share,PAY,PAY-07-R03;PAY-07-R01,CLM26187688,provider,PRV0123,
PAY clinic systematically records zero or rounded-down patient share,PAY,PAY-07-R03;PAY-07-R01,CLM95411780,provider,PRV0123,
PAY clinic systematically records zero or rounded-down patient share,PAY,PAY-07-R03;PAY-07-R01,CLM32638324,provider,PRV0123,
PAY clinic systematically records zero or rounded-down patient share,PAY,PAY-07-R03;PAY-07-R01,CLM88339675,provider,PRV0123,
PAY clinic systematically records zero or rounded-down patient share,PAY,PAY-07-R03;PAY-07-R01,CLM36671712,provider,PRV0123,
PAY clinic systematically records zero or rounded-down patient share,PAY,PAY-07-R03;PAY-07-R01,CLM75692467,provider,PRV0123,
PAY clinic systematically records zero or rounded-down patient share,PAY,PAY-07-R03;PAY-07-R01,CLM50427659,provider,PRV0123,
PAY clinic systematically records zero or rounded-down patient share,PAY,PAY-07-R03;PAY-07-R01,CLM87357705,provider,PRV0123,
PAY clinic systematically records zero or rounded-down patient share,PAY,PAY-07-R03;PAY-07-R01,CLM70922094,provider,PRV0123,
PAY clinic systematically records zero or rounded-down patient share,PAY,PAY-07-R03;PAY-07-R01,CLM79802082,provider,PRV0123,
PAY clinic systematically records zero or rounded-down patient share,PAY,PAY-07-R03;PAY-07-R01,CLM86787708,provider,PRV0123,
PAY clinic systematically records zero or rounded-down patient share,PAY,PAY-07-R03;PAY-07-R01,CLM13268459,provider,PRV0123,
PAY clinic systematically records zero or rounded-down patient share,PAY,PAY-07-R03;PAY-07-R01,CLM57043460,provider,PRV0123,
PAY clinic systematically records zero or rounded-down patient share,PAY,PAY-07-R03;PAY-07-R01,CLM24370820,provider,PRV0123,
PAY clinic systematically records zero or rounded-down patient share,PAY,PAY-07-R03;PAY-07-R01,CLM63780440,provider,PRV0123,
PAY clinic systematically records zero or rounded-down patient share,PAY,PAY-07-R03;PAY-07-R01,CLM27124019,provider,PRV0123,
PAY clinic systematically records zero or rounded-down patient share,PAY,PAY-07-R03;PAY-07-R01,CLM25913073,provider,PRV0123,
PAY clinic systematically records zero or rounded-down patient share,PAY,PAY-07-R03;PAY-07-R01,CLM26665039,provider,PRV0123,
PAY clinic systematically records zero or rounded-down patient share,PAY,PAY-07-R03;PAY-07-R01,CLM86159188,provider,PRV0123,
PAY clinic systematically records zero or rounded-down patient share,PAY,PAY-07-R03;PAY-07-R01,CLM99215706,provider,PRV0123,
PAY clinic systematically records zero or rounded-down patient share,PAY,PAY-07-R03;PAY-07-R01,CLM73785260,provider,PRV0123,
PAY clinic systematically records zero or rounded-down patient share,PAY,PAY-07-R03;PAY-07-R01,CLM11762087,provider,PRV0123,
PAY clinic systematically records zero or rounded-down patient share,PAY,PAY-07-R03;PAY-07-R01,CLM68182838,provider,PRV0123,
PAY clinic systematically records zero or rounded-down patient share,PAY,PAY-07-R03;PAY-07-R01,CLM94623110,provider,PRV0123,
PAY clinic systematically records zero or rounded-down patient share,PAY,PAY-07-R03;PAY-07-R01,CLM37046261,provider,PRV0123,
PAY member receipt exceeds the approved patient share,PAY,PAY-07-R04,CLM87285603,claim,CLM87285603;CLM67787597;CLM55570312;CLM16003836;CLM12947879;CLM98073311;CLM44246222;CLM79376038;CLM34342835,
PAY member receipt exceeds the approved patient share,PAY,PAY-07-R04,CLM67787597,claim,CLM87285603;CLM67787597;CLM55570312;CLM16003836;CLM12947879;CLM98073311;CLM44246222;CLM79376038;CLM34342835,
PAY member receipt exceeds the approved patient share,PAY,PAY-07-R04,CLM55570312,claim,CLM87285603;CLM67787597;CLM55570312;CLM16003836;CLM12947879;CLM98073311;CLM44246222;CLM79376038;CLM34342835,
PAY member receipt exceeds the approved patient share,PAY,PAY-07-R04,CLM16003836,claim,CLM87285603;CLM67787597;CLM55570312;CLM16003836;CLM12947879;CLM98073311;CLM44246222;CLM79376038;CLM34342835,
PAY member receipt exceeds the approved patient share,PAY,PAY-07-R04,CLM12947879,claim,CLM87285603;CLM67787597;CLM55570312;CLM16003836;CLM12947879;CLM98073311;CLM44246222;CLM79376038;CLM34342835,
PAY member receipt exceeds the approved patient share,PAY,PAY-07-R04,CLM98073311,claim,CLM87285603;CLM67787597;CLM55570312;CLM16003836;CLM12947879;CLM98073311;CLM44246222;CLM79376038;CLM34342835,
PAY member receipt exceeds the approved patient share,PAY,PAY-07-R04,CLM44246222,claim,CLM87285603;CLM67787597;CLM55570312;CLM16003836;CLM12947879;CLM98073311;CLM44246222;CLM79376038;CLM34342835,
PAY member receipt exceeds the approved patient share,PAY,PAY-07-R04,CLM79376038,claim,CLM87285603;CLM67787597;CLM55570312;CLM16003836;CLM12947879;CLM98073311;CLM44246222;CLM79376038;CLM34342835,
PAY member receipt exceeds the approved patient share,PAY,PAY-07-R04,CLM34342835,claim,CLM87285603;CLM67787597;CLM55570312;CLM16003836;CLM12947879;CLM98073311;CLM44246222;CLM79376038;CLM34342835,
PAY member complaint of being charged more than the share,PAY,PAY-07-R04,CLM82623961,claim,CLM82623961;CLM18155646,
PAY member complaint of being charged more than the share,PAY,PAY-07-R04,CLM18155646,claim,CLM82623961;CLM18155646,
PAY receipt for a consented non-covered item (look-alike),PAY,PAY-07-R04;PAY-09-R04,CLM52544516,claim,CLM52544516;CLM45475730,
PAY receipt for a consented non-covered item (look-alike),PAY,PAY-07-R04;PAY-09-R04,CLM45475730,claim,CLM52544516;CLM45475730,
"PAY resubmission with a missing, unknown or unrelated original",PAY,PAY-08-R01,CLM41989416,claim,CLM41989416;CLM64360183;CLM99621732;CLM37651417;CLM15302296;CLM66772411;CLM97064836,
"PAY resubmission with a missing, unknown or unrelated original",PAY,PAY-08-R01,CLM64360183,claim,CLM41989416;CLM64360183;CLM99621732;CLM37651417;CLM15302296;CLM66772411;CLM97064836,
"PAY resubmission with a missing, unknown or unrelated original",PAY,PAY-08-R01,CLM99621732,claim,CLM41989416;CLM64360183;CLM99621732;CLM37651417;CLM15302296;CLM66772411;CLM97064836,
"PAY resubmission with a missing, unknown or unrelated original",PAY,PAY-08-R01,CLM37651417,claim,CLM41989416;CLM64360183;CLM99621732;CLM37651417;CLM15302296;CLM66772411;CLM97064836,
"PAY resubmission with a missing, unknown or unrelated original",PAY,PAY-08-R01,CLM15302296,claim,CLM41989416;CLM64360183;CLM99621732;CLM37651417;CLM15302296;CLM66772411;CLM97064836,
"PAY resubmission with a missing, unknown or unrelated original",PAY,PAY-08-R01,CLM66772411,claim,CLM41989416;CLM64360183;CLM99621732;CLM37651417;CLM15302296;CLM66772411;CLM97064836,
"PAY resubmission with a missing, unknown or unrelated original",PAY,PAY-08-R01,CLM97064836,claim,CLM41989416;CLM64360183;CLM99621732;CLM37651417;CLM15302296;CLM66772411;CLM97064836,
PAY claims wrongly named as originals by other members' resubmissions,PAY,PAY-08-R01,CLM27722962,claim,CLM27722962;CLM19028250;CLM56531564,"referenced, not themselves at fault"
PAY claims wrongly named as originals by other members' resubmissions,PAY,PAY-08-R01,CLM19028250,claim,CLM27722962;CLM19028250;CLM56531564,"referenced, not themselves at fault"
PAY claims wrongly named as originals by other members' resubmissions,PAY,PAY-08-R01,CLM56531564,claim,CLM27722962;CLM19028250;CLM56531564,"referenced, not themselves at fault"
PAY legacy-route resubmission without a prior reference (look-alike),PAY,PAY-08-R01,CLM40298622,claim,CLM40298622;CLM73239426,
PAY legacy-route resubmission without a prior reference (look-alike),PAY,PAY-08-R01,CLM73239426,claim,CLM40298622;CLM73239426,
PAY refused claim resubmitted with diagnosis and code swapped,PAY,PAY-08-R02,CLM67829336,claim,CLM67829336;CLM97323761;CLM29276508;CLM99051250;CLM33273479;CLM64391683;CLM94262541;CLM62973364;CLM60913921;CLM47051339;CLM50855221;CLM22902854;CLM41185121;CLM30691536;CLM87803094;CLM63017438;CLM85288974;CLM23251226;CLM57299733;CLM47361803,
PAY refused claim resubmitted with diagnosis and code swapped,PAY,PAY-08-R02,CLM97323761,claim,CLM67829336;CLM97323761;CLM29276508;CLM99051250;CLM33273479;CLM64391683;CLM94262541;CLM62973364;CLM60913921;CLM47051339;CLM50855221;CLM22902854;CLM41185121;CLM30691536;CLM87803094;CLM63017438;CLM85288974;CLM23251226;CLM57299733;CLM47361803,
PAY refused claim resubmitted with diagnosis and code swapped,PAY,PAY-08-R02,CLM29276508,claim,CLM67829336;CLM97323761;CLM29276508;CLM99051250;CLM33273479;CLM64391683;CLM94262541;CLM62973364;CLM60913921;CLM47051339;CLM50855221;CLM22902854;CLM41185121;CLM30691536;CLM87803094;CLM63017438;CLM85288974;CLM23251226;CLM57299733;CLM47361803,
PAY refused claim resubmitted with diagnosis and code swapped,PAY,PAY-08-R02,CLM99051250,claim,CLM67829336;CLM97323761;CLM29276508;CLM99051250;CLM33273479;CLM64391683;CLM94262541;CLM62973364;CLM60913921;CLM47051339;CLM50855221;CLM22902854;CLM41185121;CLM30691536;CLM87803094;CLM63017438;CLM85288974;CLM23251226;CLM57299733;CLM47361803,
PAY refused claim resubmitted with diagnosis and code swapped,PAY,PAY-08-R02,CLM33273479,claim,CLM67829336;CLM97323761;CLM29276508;CLM99051250;CLM33273479;CLM64391683;CLM94262541;CLM62973364;CLM60913921;CLM47051339;CLM50855221;CLM22902854;CLM41185121;CLM30691536;CLM87803094;CLM63017438;CLM85288974;CLM23251226;CLM57299733;CLM47361803,
PAY refused claim resubmitted with diagnosis and code swapped,PAY,PAY-08-R02,CLM64391683,claim,CLM67829336;CLM97323761;CLM29276508;CLM99051250;CLM33273479;CLM64391683;CLM94262541;CLM62973364;CLM60913921;CLM47051339;CLM50855221;CLM22902854;CLM41185121;CLM30691536;CLM87803094;CLM63017438;CLM85288974;CLM23251226;CLM57299733;CLM47361803,
PAY refused claim resubmitted with diagnosis and code swapped,PAY,PAY-08-R02,CLM94262541,claim,CLM67829336;CLM97323761;CLM29276508;CLM99051250;CLM33273479;CLM64391683;CLM94262541;CLM62973364;CLM60913921;CLM47051339;CLM50855221;CLM22902854;CLM41185121;CLM30691536;CLM87803094;CLM63017438;CLM85288974;CLM23251226;CLM57299733;CLM47361803,
PAY refused claim resubmitted with diagnosis and code swapped,PAY,PAY-08-R02,CLM62973364,claim,CLM67829336;CLM97323761;CLM29276508;CLM99051250;CLM33273479;CLM64391683;CLM94262541;CLM62973364;CLM60913921;CLM47051339;CLM50855221;CLM22902854;CLM41185121;CLM30691536;CLM87803094;CLM63017438;CLM85288974;CLM23251226;CLM57299733;CLM47361803,
PAY refused claim resubmitted with diagnosis and code swapped,PAY,PAY-08-R02,CLM60913921,claim,CLM67829336;CLM97323761;CLM29276508;CLM99051250;CLM33273479;CLM64391683;CLM94262541;CLM62973364;CLM60913921;CLM47051339;CLM50855221;CLM22902854;CLM41185121;CLM30691536;CLM87803094;CLM63017438;CLM85288974;CLM23251226;CLM57299733;CLM47361803,
PAY refused claim resubmitted with diagnosis and code swapped,PAY,PAY-08-R02,CLM47051339,claim,CLM67829336;CLM97323761;CLM29276508;CLM99051250;CLM33273479;CLM64391683;CLM94262541;CLM62973364;CLM60913921;CLM47051339;CLM50855221;CLM22902854;CLM41185121;CLM30691536;CLM87803094;CLM63017438;CLM85288974;CLM23251226;CLM57299733;CLM47361803,
PAY refused claim resubmitted with diagnosis and code swapped,PAY,PAY-08-R02,CLM50855221,claim,CLM67829336;CLM97323761;CLM29276508;CLM99051250;CLM33273479;CLM64391683;CLM94262541;CLM62973364;CLM60913921;CLM47051339;CLM50855221;CLM22902854;CLM41185121;CLM30691536;CLM87803094;CLM63017438;CLM85288974;CLM23251226;CLM57299733;CLM47361803,
PAY refused claim resubmitted with diagnosis and code swapped,PAY,PAY-08-R02,CLM22902854,claim,CLM67829336;CLM97323761;CLM29276508;CLM99051250;CLM33273479;CLM64391683;CLM94262541;CLM62973364;CLM60913921;CLM47051339;CLM50855221;CLM22902854;CLM41185121;CLM30691536;CLM87803094;CLM63017438;CLM85288974;CLM23251226;CLM57299733;CLM47361803,
PAY refused claim resubmitted with diagnosis and code swapped,PAY,PAY-08-R02,CLM41185121,claim,CLM67829336;CLM97323761;CLM29276508;CLM99051250;CLM33273479;CLM64391683;CLM94262541;CLM62973364;CLM60913921;CLM47051339;CLM50855221;CLM22902854;CLM41185121;CLM30691536;CLM87803094;CLM63017438;CLM85288974;CLM23251226;CLM57299733;CLM47361803,
PAY refused claim resubmitted with diagnosis and code swapped,PAY,PAY-08-R02,CLM30691536,claim,CLM67829336;CLM97323761;CLM29276508;CLM99051250;CLM33273479;CLM64391683;CLM94262541;CLM62973364;CLM60913921;CLM47051339;CLM50855221;CLM22902854;CLM41185121;CLM30691536;CLM87803094;CLM63017438;CLM85288974;CLM23251226;CLM57299733;CLM47361803,
PAY refused claim resubmitted with diagnosis and code swapped,PAY,PAY-08-R02,CLM87803094,claim,CLM67829336;CLM97323761;CLM29276508;CLM99051250;CLM33273479;CLM64391683;CLM94262541;CLM62973364;CLM60913921;CLM47051339;CLM50855221;CLM22902854;CLM41185121;CLM30691536;CLM87803094;CLM63017438;CLM85288974;CLM23251226;CLM57299733;CLM47361803,
PAY refused claim resubmitted with diagnosis and code swapped,PAY,PAY-08-R02,CLM63017438,claim,CLM67829336;CLM97323761;CLM29276508;CLM99051250;CLM33273479;CLM64391683;CLM94262541;CLM62973364;CLM60913921;CLM47051339;CLM50855221;CLM22902854;CLM41185121;CLM30691536;CLM87803094;CLM63017438;CLM85288974;CLM23251226;CLM57299733;CLM47361803,
PAY refused claim resubmitted with diagnosis and code swapped,PAY,PAY-08-R02,CLM85288974,claim,CLM67829336;CLM97323761;CLM29276508;CLM99051250;CLM33273479;CLM64391683;CLM94262541;CLM62973364;CLM60913921;CLM47051339;CLM50855221;CLM22902854;CLM41185121;CLM30691536;CLM87803094;CLM63017438;CLM85288974;CLM23251226;CLM57299733;CLM47361803,
PAY refused claim resubmitted with diagnosis and code swapped,PAY,PAY-08-R02,CLM23251226,claim,CLM67829336;CLM97323761;CLM29276508;CLM99051250;CLM33273479;CLM64391683;CLM94262541;CLM62973364;CLM60913921;CLM47051339;CLM50855221;CLM22902854;CLM41185121;CLM30691536;CLM87803094;CLM63017438;CLM85288974;CLM23251226;CLM57299733;CLM47361803,
PAY refused claim resubmitted with diagnosis and code swapped,PAY,PAY-08-R02,CLM57299733,claim,CLM67829336;CLM97323761;CLM29276508;CLM99051250;CLM33273479;CLM64391683;CLM94262541;CLM62973364;CLM60913921;CLM47051339;CLM50855221;CLM22902854;CLM41185121;CLM30691536;CLM87803094;CLM63017438;CLM85288974;CLM23251226;CLM57299733;CLM47361803,
PAY refused claim resubmitted with diagnosis and code swapped,PAY,PAY-08-R02,CLM47361803,claim,CLM67829336;CLM97323761;CLM29276508;CLM99051250;CLM33273479;CLM64391683;CLM94262541;CLM62973364;CLM60913921;CLM47051339;CLM50855221;CLM22902854;CLM41185121;CLM30691536;CLM87803094;CLM63017438;CLM85288974;CLM23251226;CLM57299733;CLM47361803,
PAY service resubmitted four times with a different change each time,PAY,PAY-08-R03;PAY-08-R02,CLM81596235,claim,CLM81596235;CLM34177226;CLM50005008;CLM58208702;CLM35766393,
PAY service resubmitted four times with a different change each time,PAY,PAY-08-R03;PAY-08-R02,CLM34177226,claim,CLM81596235;CLM34177226;CLM50005008;CLM58208702;CLM35766393,
PAY service resubmitted four times with a different change each time,PAY,PAY-08-R03;PAY-08-R02,CLM50005008,claim,CLM81596235;CLM34177226;CLM50005008;CLM58208702;CLM35766393,
PAY service resubmitted four times with a different change each time,PAY,PAY-08-R03;PAY-08-R02,CLM58208702,claim,CLM81596235;CLM34177226;CLM50005008;CLM58208702;CLM35766393,
PAY service resubmitted four times with a different change each time,PAY,PAY-08-R03;PAY-08-R02,CLM35766393,claim,CLM81596235;CLM34177226;CLM50005008;CLM58208702;CLM35766393,
PAY service resubmitted four times with a different change each time,PAY,PAY-08-R03;PAY-08-R02,CLM65953752,claim,CLM65953752;CLM67733320;CLM31936355;CLM13922268;CLM49038729,
PAY service resubmitted four times with a different change each time,PAY,PAY-08-R03;PAY-08-R02,CLM67733320,claim,CLM65953752;CLM67733320;CLM31936355;CLM13922268;CLM49038729,
PAY service resubmitted four times with a different change each time,PAY,PAY-08-R03;PAY-08-R02,CLM31936355,claim,CLM65953752;CLM67733320;CLM31936355;CLM13922268;CLM49038729,
PAY service resubmitted four times with a different change each time,PAY,PAY-08-R03;PAY-08-R02,CLM13922268,claim,CLM65953752;CLM67733320;CLM31936355;CLM13922268;CLM49038729,
PAY service resubmitted four times with a different change each time,PAY,PAY-08-R03;PAY-08-R02,CLM49038729,claim,CLM65953752;CLM67733320;CLM31936355;CLM13922268;CLM49038729,
PAY service resubmitted four times with a different change each time,PAY,PAY-08-R03;PAY-08-R02,CLM17048596,claim,CLM17048596;CLM74071554;CLM45646776;CLM63336605;CLM49074335,
PAY service resubmitted four times with a different change each time,PAY,PAY-08-R03;PAY-08-R02,CLM74071554,claim,CLM17048596;CLM74071554;CLM45646776;CLM63336605;CLM49074335,
PAY service resubmitted four times with a different change each time,PAY,PAY-08-R03;PAY-08-R02,CLM45646776,claim,CLM17048596;CLM74071554;CLM45646776;CLM63336605;CLM49074335,
PAY service resubmitted four times with a different change each time,PAY,PAY-08-R03;PAY-08-R02,CLM63336605,claim,CLM17048596;CLM74071554;CLM45646776;CLM63336605;CLM49074335,
PAY service resubmitted four times with a different change each time,PAY,PAY-08-R03;PAY-08-R02,CLM49074335,claim,CLM17048596;CLM74071554;CLM45646776;CLM63336605;CLM49074335,
PAY service resubmitted four times with a different change each time,PAY,PAY-08-R03;PAY-08-R02,CLM96155022,claim,CLM96155022;CLM44158218;CLM44837628;CLM69883382;CLM19438971,
PAY service resubmitted four times with a different change each time,PAY,PAY-08-R03;PAY-08-R02,CLM44158218,claim,CLM96155022;CLM44158218;CLM44837628;CLM69883382;CLM19438971,
PAY service resubmitted four times with a different change each time,PAY,PAY-08-R03;PAY-08-R02,CLM44837628,claim,CLM96155022;CLM44158218;CLM44837628;CLM69883382;CLM19438971,
PAY service resubmitted four times with a different change each time,PAY,PAY-08-R03;PAY-08-R02,CLM69883382,claim,CLM96155022;CLM44158218;CLM44837628;CLM69883382;CLM19438971,
PAY service resubmitted four times with a different change each time,PAY,PAY-08-R03;PAY-08-R02,CLM19438971,claim,CLM96155022;CLM44158218;CLM44837628;CLM69883382;CLM19438971,
"PAY four formal appeals of one refusal, nothing changed (look-alike)",PAY,PAY-08-R03,CLM81906940,claim,CLM81906940;CLM87193596;CLM95585943;CLM97116630;CLM74549396,
"PAY four formal appeals of one refusal, nothing changed (look-alike)",PAY,PAY-08-R03,CLM87193596,claim,CLM81906940;CLM87193596;CLM95585943;CLM97116630;CLM74549396,
"PAY four formal appeals of one refusal, nothing changed (look-alike)",PAY,PAY-08-R03,CLM95585943,claim,CLM81906940;CLM87193596;CLM95585943;CLM97116630;CLM74549396,
"PAY four formal appeals of one refusal, nothing changed (look-alike)",PAY,PAY-08-R03,CLM97116630,claim,CLM81906940;CLM87193596;CLM95585943;CLM97116630;CLM74549396,
"PAY four formal appeals of one refusal, nothing changed (look-alike)",PAY,PAY-08-R03,CLM74549396,claim,CLM81906940;CLM87193596;CLM95585943;CLM97116630;CLM74549396,
PAY clinic's changed resubmissions after one refusal reason always paid,PAY,PAY-08-R04;PAY-08-R02,CLM27022251,provider,PRV0087,
PAY clinic's changed resubmissions after one refusal reason always paid,PAY,PAY-08-R04;PAY-08-R02,CLM55095307,provider,PRV0087,
PAY clinic's changed resubmissions after one refusal reason always paid,PAY,PAY-08-R04;PAY-08-R02,CLM77383368,provider,PRV0087,
PAY clinic's changed resubmissions after one refusal reason always paid,PAY,PAY-08-R04;PAY-08-R02,CLM60348710,provider,PRV0087,
PAY clinic's changed resubmissions after one refusal reason always paid,PAY,PAY-08-R04;PAY-08-R02,CLM89948402,provider,PRV0087,
PAY clinic's changed resubmissions after one refusal reason always paid,PAY,PAY-08-R04;PAY-08-R02,CLM31882113,provider,PRV0087,
PAY clinic's changed resubmissions after one refusal reason always paid,PAY,PAY-08-R04;PAY-08-R02,CLM89275423,provider,PRV0087,
PAY clinic's changed resubmissions after one refusal reason always paid,PAY,PAY-08-R04;PAY-08-R02,CLM72598320,provider,PRV0087,
PAY clinic's changed resubmissions after one refusal reason always paid,PAY,PAY-08-R04;PAY-08-R02,CLM78054635,provider,PRV0087,
PAY clinic's changed resubmissions after one refusal reason always paid,PAY,PAY-08-R04;PAY-08-R02,CLM50651940,provider,PRV0087,
PAY clinic's changed resubmissions after one refusal reason always paid,PAY,PAY-08-R04;PAY-08-R02,CLM85945869,provider,PRV0087,
PAY clinic's changed resubmissions after one refusal reason always paid,PAY,PAY-08-R04;PAY-08-R02,CLM33705617,provider,PRV0087,
PAY clinic's changed resubmissions after one refusal reason always paid,PAY,PAY-08-R04;PAY-08-R02,CLM69016540,provider,PRV0087,
PAY clinic's changed resubmissions after one refusal reason always paid,PAY,PAY-08-R04;PAY-08-R02,CLM65561561,provider,PRV0087,
PAY clinic's changed resubmissions after one refusal reason always paid,PAY,PAY-08-R04;PAY-08-R02,CLM61639992,provider,PRV0087,
PAY clinic's changed resubmissions after one refusal reason always paid,PAY,PAY-08-R04;PAY-08-R02,CLM71415926,provider,PRV0087,
PAY clinic's changed resubmissions after one refusal reason always paid,PAY,PAY-08-R04;PAY-08-R02,CLM17444367,provider,PRV0087,
PAY clinic's changed resubmissions after one refusal reason always paid,PAY,PAY-08-R04;PAY-08-R02,CLM44018025,provider,PRV0087,
PAY clinic's changed resubmissions after one refusal reason always paid,PAY,PAY-08-R04;PAY-08-R02,CLM80481610,provider,PRV0087,
PAY clinic's changed resubmissions after one refusal reason always paid,PAY,PAY-08-R04;PAY-08-R02,CLM86373290,provider,PRV0087,
PAY clinic's changed resubmissions after one refusal reason always paid,PAY,PAY-08-R04;PAY-08-R02,CLM66232656,provider,PRV0087,
PAY clinic's changed resubmissions after one refusal reason always paid,PAY,PAY-08-R04;PAY-08-R02,CLM32010824,provider,PRV0087,
PAY clinical note describes a cosmetic service billed under a covered code,PAY,PAY-09-R01,CLM38550675,claim,CLM38550675;CLM11386453;CLM76780742;CLM81277576;CLM26965248;CLM21729621;CLM19781500;CLM88685194,
PAY clinical note describes a cosmetic service billed under a covered code,PAY,PAY-09-R01,CLM11386453,claim,CLM38550675;CLM11386453;CLM76780742;CLM81277576;CLM26965248;CLM21729621;CLM19781500;CLM88685194,
PAY clinical note describes a cosmetic service billed under a covered code,PAY,PAY-09-R01,CLM76780742,claim,CLM38550675;CLM11386453;CLM76780742;CLM81277576;CLM26965248;CLM21729621;CLM19781500;CLM88685194,
PAY clinical note describes a cosmetic service billed under a covered code,PAY,PAY-09-R01,CLM81277576,claim,CLM38550675;CLM11386453;CLM76780742;CLM81277576;CLM26965248;CLM21729621;CLM19781500;CLM88685194,
PAY clinical note describes a cosmetic service billed under a covered code,PAY,PAY-09-R01,CLM26965248,claim,CLM38550675;CLM11386453;CLM76780742;CLM81277576;CLM26965248;CLM21729621;CLM19781500;CLM88685194,
PAY clinical note describes a cosmetic service billed under a covered code,PAY,PAY-09-R01,CLM21729621,claim,CLM38550675;CLM11386453;CLM76780742;CLM81277576;CLM26965248;CLM21729621;CLM19781500;CLM88685194,
PAY clinical note describes a cosmetic service billed under a covered code,PAY,PAY-09-R01,CLM19781500,claim,CLM38550675;CLM11386453;CLM76780742;CLM81277576;CLM26965248;CLM21729621;CLM19781500;CLM88685194,
PAY clinical note describes a cosmetic service billed under a covered code,PAY,PAY-09-R01,CLM88685194,claim,CLM38550675;CLM11386453;CLM76780742;CLM81277576;CLM26965248;CLM21729621;CLM19781500;CLM88685194,
PAY negated or low-confidence cosmetic mention (look-alike),PAY,PAY-09-R01,CLM67011594,claim,CLM67011594;CLM37117334,
PAY negated or low-confidence cosmetic mention (look-alike),PAY,PAY-09-R01,CLM37117334,claim,CLM67011594;CLM37117334,
PAY clinic bills a payable substitute code after refused services,PAY,PAY-09-R02,CLM23977850,provider,PRV0033,
PAY clinic bills a payable substitute code after refused services,PAY,PAY-09-R02,CLM97177720,provider,PRV0033,
PAY clinic bills a payable substitute code after refused services,PAY,PAY-09-R02,CLM99548404,provider,PRV0033,
PAY clinic bills a payable substitute code after refused services,PAY,PAY-09-R02,CLM26454896,provider,PRV0033,
PAY clinic bills a payable substitute code after refused services,PAY,PAY-09-R02,CLM79979829,provider,PRV0033,
PAY clinic bills a payable substitute code after refused services,PAY,PAY-09-R02,CLM77609611,provider,PRV0033,
PAY clinic bills a payable substitute code after refused services,PAY,PAY-09-R02,CLM21432165,provider,PRV0033,
PAY clinic bills a payable substitute code after refused services,PAY,PAY-09-R02,CLM44378277,provider,PRV0033,
PAY clinic bills a payable substitute code after refused services,PAY,PAY-09-R02,CLM52621112,provider,PRV0033,
PAY clinic bills a payable substitute code after refused services,PAY,PAY-09-R02,CLM58714808,provider,PRV0033,
PAY clinic bills a payable substitute code after refused services,PAY,PAY-09-R02,CLM73472287,provider,PRV0033,
PAY clinic bills a payable substitute code after refused services,PAY,PAY-09-R02,CLM13664203,provider,PRV0033,
PAY clinic bills a payable substitute code after refused services,PAY,PAY-09-R02,CLM45317019,provider,PRV0033,
PAY clinic bills a payable substitute code after refused services,PAY,PAY-09-R02,CLM73789332,provider,PRV0033,
PAY clinic bills a payable substitute code after refused services,PAY,PAY-09-R02,CLM38303110,provider,PRV0033,
PAY clinic bills a payable substitute code after refused services,PAY,PAY-09-R02,CLM59149274,provider,PRV0033,
PAY clinic bills a payable substitute code after refused services,PAY,PAY-09-R02,CLM43016363,provider,PRV0033,
PAY clinic bills a payable substitute code after refused services,PAY,PAY-09-R02,CLM45440169,provider,PRV0033,
PAY clinic bills a payable substitute code after refused services,PAY,PAY-09-R02,CLM68945471,provider,PRV0033,
PAY clinic bills a payable substitute code after refused services,PAY,PAY-09-R02,CLM49994352,provider,PRV0033,
PAY clinic bills a payable substitute code after refused services,PAY,PAY-09-R02,CLM13047689,provider,PRV0033,
PAY clinic bills a payable substitute code after refused services,PAY,PAY-09-R02,CLM62443322,provider,PRV0033,
PAY clinic bills a payable substitute code after refused services,PAY,PAY-09-R02,CLM78465668,provider,PRV0033,
PAY clinic bills a payable substitute code after refused services,PAY,PAY-09-R02,CLM83956307,provider,PRV0033,
PAY clinic bills a payable substitute code after refused services,PAY,PAY-09-R02,CLM74883313,provider,PRV0033,
PAY clinic bills a payable substitute code after refused services,PAY,PAY-09-R02,CLM12416359,provider,PRV0033,
PAY clinic bills a payable substitute code after refused services,PAY,PAY-09-R02,CLM52121368,provider,PRV0033,
PAY clinic bills a payable substitute code after refused services,PAY,PAY-09-R02,CLM32171029,provider,PRV0033,
PAY clinic bills a payable substitute code after refused services,PAY,PAY-09-R02,CLM88974281,provider,PRV0033,
PAY clinic bills a payable substitute code after refused services,PAY,PAY-09-R02,CLM73681662,provider,PRV0033,
PAY clinic bills a payable substitute code after refused services,PAY,PAY-09-R02,CLM38219191,provider,PRV0033,
PAY clinic bills a payable substitute code after refused services,PAY,PAY-09-R02,CLM50239007,provider,PRV0033,
PAY covered procedure billed with a cosmetic-risk diagnosis,PAY,PAY-09-R03,CLM70167498,claim,CLM70167498;CLM16001009;CLM57787272;CLM27283870;CLM11931460;CLM54174040,
PAY covered procedure billed with a cosmetic-risk diagnosis,PAY,PAY-09-R03,CLM16001009,claim,CLM70167498;CLM16001009;CLM57787272;CLM27283870;CLM11931460;CLM54174040,
PAY covered procedure billed with a cosmetic-risk diagnosis,PAY,PAY-09-R03,CLM57787272,claim,CLM70167498;CLM16001009;CLM57787272;CLM27283870;CLM11931460;CLM54174040,
PAY covered procedure billed with a cosmetic-risk diagnosis,PAY,PAY-09-R03,CLM27283870,claim,CLM70167498;CLM16001009;CLM57787272;CLM27283870;CLM11931460;CLM54174040,
PAY covered procedure billed with a cosmetic-risk diagnosis,PAY,PAY-09-R03,CLM11931460,claim,CLM70167498;CLM16001009;CLM57787272;CLM27283870;CLM11931460;CLM54174040,
PAY covered procedure billed with a cosmetic-risk diagnosis,PAY,PAY-09-R03,CLM54174040,claim,CLM70167498;CLM16001009;CLM57787272;CLM27283870;CLM11931460;CLM54174040,
"PAY eyelid surgery after skin cancer, reconstructive (look-alike)",PAY,PAY-09-R03,CLM35685463,claim,CLM35685463,
PAY member says the billed service did not take place,PAY,PAY-09-R04,CLM33311709,claim,CLM33311709;CLM66018135;CLM99134041;CLM20567891;CLM44755723;CLM55223122;CLM60560143;CLM95736416,
PAY member says the billed service did not take place,PAY,PAY-09-R04,CLM66018135,claim,CLM33311709;CLM66018135;CLM99134041;CLM20567891;CLM44755723;CLM55223122;CLM60560143;CLM95736416,
PAY member says the billed service did not take place,PAY,PAY-09-R04,CLM99134041,claim,CLM33311709;CLM66018135;CLM99134041;CLM20567891;CLM44755723;CLM55223122;CLM60560143;CLM95736416,
PAY member says the billed service did not take place,PAY,PAY-09-R04,CLM20567891,claim,CLM33311709;CLM66018135;CLM99134041;CLM20567891;CLM44755723;CLM55223122;CLM60560143;CLM95736416,
PAY member says the billed service did not take place,PAY,PAY-09-R04,CLM44755723,claim,CLM33311709;CLM66018135;CLM99134041;CLM20567891;CLM44755723;CLM55223122;CLM60560143;CLM95736416,
PAY member says the billed service did not take place,PAY,PAY-09-R04,CLM55223122,claim,CLM33311709;CLM66018135;CLM99134041;CLM20567891;CLM44755723;CLM55223122;CLM60560143;CLM95736416,
PAY member says the billed service did not take place,PAY,PAY-09-R04,CLM60560143,claim,CLM33311709;CLM66018135;CLM99134041;CLM20567891;CLM44755723;CLM55223122;CLM60560143;CLM95736416,
PAY member says the billed service did not take place,PAY,PAY-09-R04,CLM95736416,claim,CLM33311709;CLM66018135;CLM99134041;CLM20567891;CLM44755723;CLM55223122;CLM60560143;CLM95736416,
PAY member receipt names a different item from the one billed,PAY,PAY-09-R04,CLM30790267,claim,CLM30790267;CLM80401535;CLM54268859;CLM87214791;CLM55627509,
PAY member receipt names a different item from the one billed,PAY,PAY-09-R04,CLM80401535,claim,CLM30790267;CLM80401535;CLM54268859;CLM87214791;CLM55627509,
PAY member receipt names a different item from the one billed,PAY,PAY-09-R04,CLM54268859,claim,CLM30790267;CLM80401535;CLM54268859;CLM87214791;CLM55627509,
PAY member receipt names a different item from the one billed,PAY,PAY-09-R04,CLM87214791,claim,CLM30790267;CLM80401535;CLM54268859;CLM87214791;CLM55627509,
PAY member receipt names a different item from the one billed,PAY,PAY-09-R04,CLM55627509,claim,CLM30790267;CLM80401535;CLM54268859;CLM87214791;CLM55627509,
PAY second insurer paid the bill and we paid too,PAY,PAY-10-R02,CLM42819186,claim,CLM42819186;CLM78125553;CLM11671812;CLM67704968;CLM62549042;CLM15682557,
PAY second insurer paid the bill and we paid too,PAY,PAY-10-R02,CLM78125553,claim,CLM42819186;CLM78125553;CLM11671812;CLM67704968;CLM62549042;CLM15682557,
PAY second insurer paid the bill and we paid too,PAY,PAY-10-R02,CLM11671812,claim,CLM42819186;CLM78125553;CLM11671812;CLM67704968;CLM62549042;CLM15682557,
PAY second insurer paid the bill and we paid too,PAY,PAY-10-R02,CLM67704968,claim,CLM42819186;CLM78125553;CLM11671812;CLM67704968;CLM62549042;CLM15682557,
PAY second insurer paid the bill and we paid too,PAY,PAY-10-R02,CLM62549042,claim,CLM42819186;CLM78125553;CLM11671812;CLM67704968;CLM62549042;CLM15682557,
PAY second insurer paid the bill and we paid too,PAY,PAY-10-R02,CLM15682557,claim,CLM42819186;CLM78125553;CLM11671812;CLM67704968;CLM62549042;CLM15682557,
PAY secondary insurer paid only the member's share (look-alike),PAY,PAY-10-R02,CLM98683699,claim,CLM98683699;CLM17978070,
PAY secondary insurer paid only the member's share (look-alike),PAY,PAY-10-R02,CLM17978070,claim,CLM98683699;CLM17978070,
PAY road-traffic or work injury with no liable-party record,PAY,PAY-10-R03,CLM74253462,claim,CLM74253462;CLM34267201;CLM83577274;CLM77753716;CLM50349811;CLM28404610;CLM50701406;CLM34604159;CLM31883136,
PAY road-traffic or work injury with no liable-party record,PAY,PAY-10-R03,CLM34267201,claim,CLM74253462;CLM34267201;CLM83577274;CLM77753716;CLM50349811;CLM28404610;CLM50701406;CLM34604159;CLM31883136,
PAY road-traffic or work injury with no liable-party record,PAY,PAY-10-R03,CLM83577274,claim,CLM74253462;CLM34267201;CLM83577274;CLM77753716;CLM50349811;CLM28404610;CLM50701406;CLM34604159;CLM31883136,
PAY road-traffic or work injury with no liable-party record,PAY,PAY-10-R03,CLM77753716,claim,CLM74253462;CLM34267201;CLM83577274;CLM77753716;CLM50349811;CLM28404610;CLM50701406;CLM34604159;CLM31883136,
PAY road-traffic or work injury with no liable-party record,PAY,PAY-10-R03,CLM50349811,claim,CLM74253462;CLM34267201;CLM83577274;CLM77753716;CLM50349811;CLM28404610;CLM50701406;CLM34604159;CLM31883136,
PAY road-traffic or work injury with no liable-party record,PAY,PAY-10-R03,CLM28404610,claim,CLM74253462;CLM34267201;CLM83577274;CLM77753716;CLM50349811;CLM28404610;CLM50701406;CLM34604159;CLM31883136,
PAY road-traffic or work injury with no liable-party record,PAY,PAY-10-R03,CLM50701406,claim,CLM74253462;CLM34267201;CLM83577274;CLM77753716;CLM50349811;CLM28404610;CLM50701406;CLM34604159;CLM31883136,
PAY road-traffic or work injury with no liable-party record,PAY,PAY-10-R03,CLM34604159,claim,CLM74253462;CLM34267201;CLM83577274;CLM77753716;CLM50349811;CLM28404610;CLM50701406;CLM34604159;CLM31883136,
PAY road-traffic or work injury with no liable-party record,PAY,PAY-10-R03,CLM31883136,claim,CLM74253462;CLM34267201;CLM83577274;CLM77753716;CLM50349811;CLM28404610;CLM50701406;CLM34604159;CLM31883136,
PAY skateboard fall on the false-positive list (look-alike),PAY,PAY-10-R03,CLM86813015,claim,CLM86813015;CLM45287973,
PAY skateboard fall on the false-positive list (look-alike),PAY,PAY-10-R03,CLM45287973,claim,CLM86813015;CLM45287973,
PAY paid in full after a documented third-party settlement,PAY,PAY-10-R04,CLM39654787,claim,CLM39654787;CLM35553542;CLM78245600;CLM35536653;CLM66504709,
PAY paid in full after a documented third-party settlement,PAY,PAY-10-R04,CLM35553542,claim,CLM39654787;CLM35553542;CLM78245600;CLM35536653;CLM66504709,
PAY paid in full after a documented third-party settlement,PAY,PAY-10-R04,CLM78245600,claim,CLM39654787;CLM35553542;CLM78245600;CLM35536653;CLM66504709,
PAY paid in full after a documented third-party settlement,PAY,PAY-10-R04,CLM35536653,claim,CLM39654787;CLM35553542;CLM78245600;CLM35536653;CLM66504709,
PAY paid in full after a documented third-party settlement,PAY,PAY-10-R04,CLM66504709,claim,CLM39654787;CLM35553542;CLM78245600;CLM35536653;CLM66504709,
PAY paid after settlement but recovery already opened (look-alike),PAY,PAY-10-R04,CLM53274595,claim,CLM53274595,
PAY payment check overridden without a reason or by an unauthorised role,PAY,PAY-11-R01,CLM40799985,claim,CLM40799985;CLM58848225;CLM32900179;CLM10116447;CLM40746821;CLM70821476;CLM43972155;CLM78085605;CLM14530825,
PAY payment check overridden without a reason or by an unauthorised role,PAY,PAY-11-R01,CLM58848225,claim,CLM40799985;CLM58848225;CLM32900179;CLM10116447;CLM40746821;CLM70821476;CLM43972155;CLM78085605;CLM14530825,
PAY payment check overridden without a reason or by an unauthorised role,PAY,PAY-11-R01,CLM32900179,claim,CLM40799985;CLM58848225;CLM32900179;CLM10116447;CLM40746821;CLM70821476;CLM43972155;CLM78085605;CLM14530825,
PAY payment check overridden without a reason or by an unauthorised role,PAY,PAY-11-R01,CLM10116447,claim,CLM40799985;CLM58848225;CLM32900179;CLM10116447;CLM40746821;CLM70821476;CLM43972155;CLM78085605;CLM14530825,
PAY payment check overridden without a reason or by an unauthorised role,PAY,PAY-11-R01,CLM40746821,claim,CLM40799985;CLM58848225;CLM32900179;CLM10116447;CLM40746821;CLM70821476;CLM43972155;CLM78085605;CLM14530825,
PAY payment check overridden without a reason or by an unauthorised role,PAY,PAY-11-R01,CLM70821476,claim,CLM40799985;CLM58848225;CLM32900179;CLM10116447;CLM40746821;CLM70821476;CLM43972155;CLM78085605;CLM14530825,
PAY payment check overridden without a reason or by an unauthorised role,PAY,PAY-11-R01,CLM43972155,claim,CLM40799985;CLM58848225;CLM32900179;CLM10116447;CLM40746821;CLM70821476;CLM43972155;CLM78085605;CLM14530825,
PAY payment check overridden without a reason or by an unauthorised role,PAY,PAY-11-R01,CLM78085605,claim,CLM40799985;CLM58848225;CLM32900179;CLM10116447;CLM40746821;CLM70821476;CLM43972155;CLM78085605;CLM14530825,
PAY payment check overridden without a reason or by an unauthorised role,PAY,PAY-11-R01,CLM14530825,claim,CLM40799985;CLM58848225;CLM32900179;CLM10116447;CLM40746821;CLM70821476;CLM43972155;CLM78085605;CLM14530825,
PAY override by a clerk under emergency escalation (look-alike),PAY,PAY-11-R01,CLM22530520,claim,CLM22530520;CLM73870224,
PAY override by a clerk under emergency escalation (look-alike),PAY,PAY-11-R01,CLM73870224,claim,CLM22530520;CLM73870224,
PAY one adjudicator overrides one hospital's claims far more than colleagues,PAY,PAY-11-R02,CLM18992803,adjudicator,ADJ04,provider PRV0025
PAY one adjudicator overrides one hospital's claims far more than colleagues,PAY,PAY-11-R02,CLM55407105,adjudicator,ADJ04,provider PRV0025
PAY one adjudicator overrides one hospital's claims far more than colleagues,PAY,PAY-11-R02,CLM55501217,adjudicator,ADJ04,provider PRV0025
PAY one adjudicator overrides one hospital's claims far more than colleagues,PAY,PAY-11-R02,CLM91735717,adjudicator,ADJ04,provider PRV0025
PAY one adjudicator overrides one hospital's claims far more than colleagues,PAY,PAY-11-R02,CLM40927353,adjudicator,ADJ04,provider PRV0025
PAY one adjudicator overrides one hospital's claims far more than colleagues,PAY,PAY-11-R02,CLM43806849,adjudicator,ADJ04,provider PRV0025
PAY one adjudicator overrides one hospital's claims far more than colleagues,PAY,PAY-11-R02,CLM24870238,adjudicator,ADJ04,provider PRV0025
PAY one adjudicator overrides one hospital's claims far more than colleagues,PAY,PAY-11-R02,CLM23495552,adjudicator,ADJ04,provider PRV0025
PAY one adjudicator overrides one hospital's claims far more than colleagues,PAY,PAY-11-R02,CLM12225374,adjudicator,ADJ04,provider PRV0025
PAY one adjudicator overrides one hospital's claims far more than colleagues,PAY,PAY-11-R02,CLM49362507,adjudicator,ADJ04,provider PRV0025
PAY payment increased after settlement with no reason on record,PAY,PAY-11-R03,CLM20790117,claim,CLM20790117;CLM10053520;CLM15020758;CLM44697088;CLM61700385;CLM73262413,
PAY payment increased after settlement with no reason on record,PAY,PAY-11-R03,CLM10053520,claim,CLM20790117;CLM10053520;CLM15020758;CLM44697088;CLM61700385;CLM73262413,
PAY payment increased after settlement with no reason on record,PAY,PAY-11-R03,CLM15020758,claim,CLM20790117;CLM10053520;CLM15020758;CLM44697088;CLM61700385;CLM73262413,
PAY payment increased after settlement with no reason on record,PAY,PAY-11-R03,CLM44697088,claim,CLM20790117;CLM10053520;CLM15020758;CLM44697088;CLM61700385;CLM73262413,
PAY payment increased after settlement with no reason on record,PAY,PAY-11-R03,CLM61700385,claim,CLM20790117;CLM10053520;CLM15020758;CLM44697088;CLM61700385;CLM73262413,
PAY payment increased after settlement with no reason on record,PAY,PAY-11-R03,CLM73262413,claim,CLM20790117;CLM10053520;CLM15020758;CLM44697088;CLM61700385;CLM73262413,
PAY payment increased after an upheld appeal (look-alike),PAY,PAY-11-R03,CLM92757877,claim,CLM92757877,
"PAY one adjudicator pays one provider's pended claims in full, uniformly",PAY,PAY-11-R04,CLM80166493,adjudicator,ADJ03,provider PRV0056
"PAY one adjudicator pays one provider's pended claims in full, uniformly",PAY,PAY-11-R04,CLM87904639,adjudicator,ADJ03,provider PRV0056
"PAY one adjudicator pays one provider's pended claims in full, uniformly",PAY,PAY-11-R04,CLM58816272,adjudicator,ADJ03,provider PRV0056
"PAY one adjudicator pays one provider's pended claims in full, uniformly",PAY,PAY-11-R04,CLM77476035,adjudicator,ADJ03,provider PRV0056
"PAY one adjudicator pays one provider's pended claims in full, uniformly",PAY,PAY-11-R04,CLM20813618,adjudicator,ADJ03,provider PRV0056
"PAY one adjudicator pays one provider's pended claims in full, uniformly",PAY,PAY-11-R04,CLM59345357,adjudicator,ADJ03,provider PRV0056
"PAY one adjudicator pays one provider's pended claims in full, uniformly",PAY,PAY-11-R04,CLM12485578,adjudicator,ADJ03,provider PRV0056
"PAY one adjudicator pays one provider's pended claims in full, uniformly",PAY,PAY-11-R04,CLM70884004,adjudicator,ADJ03,provider PRV0056
"PAY one adjudicator pays one provider's pended claims in full, uniformly",PAY,PAY-11-R04,CLM90271583,adjudicator,ADJ03,provider PRV0056
"PAY one adjudicator pays one provider's pended claims in full, uniformly",PAY,PAY-11-R04,CLM68954283,adjudicator,ADJ03,provider PRV0056
"PAY one adjudicator pays one provider's pended claims in full, uniformly",PAY,PAY-11-R04,CLM43358819,adjudicator,ADJ03,provider PRV0056
"PAY one adjudicator pays one provider's pended claims in full, uniformly",PAY,PAY-11-R04,CLM34915101,adjudicator,ADJ03,provider PRV0056
"PAY one adjudicator pays one provider's pended claims in full, uniformly",PAY,PAY-11-R04,CLM82799558,adjudicator,ADJ03,provider PRV0056
"PAY one adjudicator pays one provider's pended claims in full, uniformly",PAY,PAY-11-R04,CLM95843355,adjudicator,ADJ03,provider PRV0056
"PAY one adjudicator pays one provider's pended claims in full, uniformly",PAY,PAY-11-R04,CLM92576993,adjudicator,ADJ03,provider PRV0056
PAY claim cancelled after payment; payment never reversed,PAY,PAY-12-R01,CLM26248447,claim,CLM26248447;CLM34398030;CLM41616368;CLM81406285;CLM95166233;CLM25672076,
PAY claim cancelled after payment; payment never reversed,PAY,PAY-12-R01,CLM34398030,claim,CLM26248447;CLM34398030;CLM41616368;CLM81406285;CLM95166233;CLM25672076,
PAY claim cancelled after payment; payment never reversed,PAY,PAY-12-R01,CLM41616368,claim,CLM26248447;CLM34398030;CLM41616368;CLM81406285;CLM95166233;CLM25672076,
PAY claim cancelled after payment; payment never reversed,PAY,PAY-12-R01,CLM81406285,claim,CLM26248447;CLM34398030;CLM41616368;CLM81406285;CLM95166233;CLM25672076,
PAY claim cancelled after payment; payment never reversed,PAY,PAY-12-R01,CLM95166233,claim,CLM26248447;CLM34398030;CLM41616368;CLM81406285;CLM95166233;CLM25672076,
PAY claim cancelled after payment; payment never reversed,PAY,PAY-12-R01,CLM25672076,claim,CLM26248447;CLM34398030;CLM41616368;CLM81406285;CLM95166233;CLM25672076,
PAY claim cancelled and reversed in the next payment run (look-alike),PAY,PAY-12-R01;PAY-12-R04,CLM60333115,claim,CLM60333115;CLM75411930,
PAY claim cancelled and reversed in the next payment run (look-alike),PAY,PAY-12-R01;PAY-12-R04,CLM75411930,claim,CLM60333115;CLM75411930,
PAY same line paid twice,PAY,PAY-12-R02,CLM58712178,claim,CLM58712178;CLM87187224;CLM17793583;CLM46758298;CLM65462500;CLM90639203;CLM21897375,
PAY same line paid twice,PAY,PAY-12-R02,CLM87187224,claim,CLM58712178;CLM87187224;CLM17793583;CLM46758298;CLM65462500;CLM90639203;CLM21897375,
PAY same line paid twice,PAY,PAY-12-R02,CLM17793583,claim,CLM58712178;CLM87187224;CLM17793583;CLM46758298;CLM65462500;CLM90639203;CLM21897375,
PAY same line paid twice,PAY,PAY-12-R02,CLM46758298,claim,CLM58712178;CLM87187224;CLM17793583;CLM46758298;CLM65462500;CLM90639203;CLM21897375,
PAY same line paid twice,PAY,PAY-12-R02,CLM65462500,claim,CLM58712178;CLM87187224;CLM17793583;CLM46758298;CLM65462500;CLM90639203;CLM21897375,
PAY same line paid twice,PAY,PAY-12-R02,CLM90639203,claim,CLM58712178;CLM87187224;CLM17793583;CLM46758298;CLM65462500;CLM90639203;CLM21897375,
PAY same line paid twice,PAY,PAY-12-R02,CLM21897375,claim,CLM58712178;CLM87187224;CLM17793583;CLM46758298;CLM65462500;CLM90639203;CLM21897375,
PAY payment reference reused across providers and dates,PAY,PAY-12-R02,CLM67486443,claim,CLM67486443;CLM47780707;CLM14718408;CLM12546347,
PAY payment reference reused across providers and dates,PAY,PAY-12-R02,CLM47780707,claim,CLM67486443;CLM47780707;CLM14718408;CLM12546347,
PAY payment reference reused across providers and dates,PAY,PAY-12-R02,CLM14718408,claim,CLM67486443;CLM47780707;CLM14718408;CLM12546347,
PAY payment reference reused across providers and dates,PAY,PAY-12-R02,CLM12546347,claim,CLM67486443;CLM47780707;CLM14718408;CLM12546347,
PAY line settled in two instalments (look-alike),PAY,PAY-12-R02,CLM58640785,claim,CLM58640785,
PAY provider refund received but never applied (one applied months late),PAY,PAY-12-R03,CLM88712895,provider,PRV0098;PRV0030;PRV0174;PRV0174;PRV0199;PRV0015,
PAY provider refund received but never applied (one applied months late),PAY,PAY-12-R03,CLM69359162,provider,PRV0098;PRV0030;PRV0174;PRV0174;PRV0199;PRV0015,
PAY provider refund received but never applied (one applied months late),PAY,PAY-12-R03,CLM59296664,provider,PRV0098;PRV0030;PRV0174;PRV0174;PRV0199;PRV0015,
PAY provider refund received but never applied (one applied months late),PAY,PAY-12-R03,CLM90438580,provider,PRV0098;PRV0030;PRV0174;PRV0174;PRV0199;PRV0015,
PAY provider refund received but never applied (one applied months late),PAY,PAY-12-R03,CLM76615484,provider,PRV0098;PRV0030;PRV0174;PRV0174;PRV0199;PRV0015,
PAY provider refund received but never applied (one applied months late),PAY,PAY-12-R03,CLM65470930,provider,PRV0098;PRV0030;PRV0174;PRV0174;PRV0199;PRV0015,
PAY provider offsets credits against unrelated claims and bills negative lines,PAY,PAY-12-R04,CLM56447448,provider,PRV0038,
PAY provider offsets credits against unrelated claims and bills negative lines,PAY,PAY-12-R04,CLM99126154,provider,PRV0038,
PAY provider offsets credits against unrelated claims and bills negative lines,PAY,PAY-12-R04,CLM31658325,provider,PRV0038,
PAY provider offsets credits against unrelated claims and bills negative lines,PAY,PAY-12-R04,CLM12788392,provider,PRV0038,
PAY provider offsets credits against unrelated claims and bills negative lines,PAY,PAY-12-R04,CLM91442806,provider,PRV0038,
PAY provider offsets credits against unrelated claims and bills negative lines,PAY,PAY-12-R04,CLM20858650,provider,PRV0038,
PAY provider offsets credits against unrelated claims and bills negative lines,PAY,PAY-12-R04,CLM68640714,provider,PRV0038,
PAY provider offsets credits against unrelated claims and bills negative lines,PAY,PAY-12-R04,CLM79638488,provider,PRV0038,
PAY provider offsets credits against unrelated claims and bills negative lines,PAY,PAY-12-R04,CLM47284473,provider,PRV0038,
CLN level migration to top-level visits from April 2025,CLN,CLN-01-R04;CLN-01-R01,CLM10337793,provider,PRV0090,
CLN level migration to top-level visits from April 2025,CLN,CLN-01-R04;CLN-01-R01,CLM10354656,provider,PRV0090,
CLN level migration to top-level visits from April 2025,CLN,CLN-01-R04;CLN-01-R01,CLM10506278,provider,PRV0090,
CLN level migration to top-level visits from April 2025,CLN,CLN-01-R04;CLN-01-R01,CLM10974054,provider,PRV0090,
CLN level migration to top-level visits from April 2025,CLN,CLN-01-R04;CLN-01-R01,CLM11535575,provider,PRV0090,
CLN level migration to top-level visits from April 2025,CLN,CLN-01-R04;CLN-01-R01,CLM11550906,provider,PRV0090,
CLN level migration to top-level visits from April 2025,CLN,CLN-01-R04;CLN-01-R01,CLM11641750,provider,PRV0090,
CLN level migration to top-level visits from April 2025,CLN,CLN-01-R04;CLN-01-R01,CLM11658639,provider,PRV0090,
CLN level migration to top-level visits from April 2025,CLN,CLN-01-R04;CLN-01-R01,CLM11806286,provider,PRV0090,
CLN level migration to top-level visits from April 2025,CLN,CLN-01-R04;CLN-01-R01,CLM12309496,provider,PRV0090,
CLN level migration to top-level visits from April 2025,CLN,CLN-01-R04;CLN-01-R01,CLM12408503,provider,PRV0090,
CLN level migration to top-level visits from April 2025,CLN,CLN-01-R04;CLN-01-R01,CLM13319618,provider,PRV0090,
CLN level migration to top-level visits from April 2025,CLN,CLN-01-R04;CLN-01-R01,CLM13564538,provider,PRV0090,
CLN level migration to top-level visits from April 2025,CLN,CLN-01-R04;CLN-01-R01,CLM15042248,provider,PRV0090,
CLN level migration to top-level visits from April 2025,CLN,CLN-01-R04;CLN-01-R01,CLM15506101,provider,PRV0090,
CLN level migration to top-level visits from April 2025,CLN,CLN-01-R04;CLN-01-R01,CLM15520941,provider,PRV0090,
CLN level migration to top-level visits from April 2025,CLN,CLN-01-R04;CLN-01-R01,CLM15546986,provider,PRV0090,
CLN level migration to top-level visits from April 2025,CLN,CLN-01-R04;CLN-01-R01,CLM15786281,provider,PRV0090,
CLN level migration to top-level visits from April 2025,CLN,CLN-01-R04;CLN-01-R01,CLM15893515,provider,PRV0090,
CLN level migration to top-level visits from April 2025,CLN,CLN-01-R04;CLN-01-R01,CLM16031591,provider,PRV0090,
CLN level migration to top-level visits from April 2025,CLN,CLN-01-R04;CLN-01-R01,CLM16291916,provider,PRV0090,
CLN level migration to top-level visits from April 2025,CLN,CLN-01-R04;CLN-01-R01,CLM16491459,provider,PRV0090,
CLN level migration to top-level visits from April 2025,CLN,CLN-01-R04;CLN-01-R01,CLM16556181,provider,PRV0090,
CLN level migration to top-level visits from April 2025,CLN,CLN-01-R04;CLN-01-R01,CLM16564323,provider,PRV0090,
CLN level migration to top-level visits from April 2025,CLN,CLN-01-R04;CLN-01-R01,CLM16733882,provider,PRV0090,
CLN level migration to top-level visits from April 2025,CLN,CLN-01-R04;CLN-01-R01,CLM17012282,provider,PRV0090,
CLN level migration to top-level visits from April 2025,CLN,CLN-01-R04;CLN-01-R01,CLM17016142,provider,PRV0090,
CLN level migration to top-level visits from April 2025,CLN,CLN-01-R04;CLN-01-R01,CLM17221104,provider,PRV0090,
CLN level migration to top-level visits from April 2025,CLN,CLN-01-R04;CLN-01-R01,CLM17511280,provider,PRV0090,
CLN level migration to top-level visits from April 2025,CLN,CLN-01-R04;CLN-01-R01,CLM17596644,provider,PRV0090,
CLN level migration to top-level visits from April 2025,CLN,CLN-01-R04;CLN-01-R01,CLM17620877,provider,PRV0090,
CLN level migration to top-level visits from April 2025,CLN,CLN-01-R04;CLN-01-R01,CLM17653465,provider,PRV0090,
CLN level migration to top-level visits from April 2025,CLN,CLN-01-R04;CLN-01-R01,CLM17687531,provider,PRV0090,
CLN level migration to top-level visits from April 2025,CLN,CLN-01-R04;CLN-01-R01,CLM17824269,provider,PRV0090,
CLN level migration to top-level visits from April 2025,CLN,CLN-01-R04;CLN-01-R01,CLM17851445,provider,PRV0090,
CLN level migration to top-level visits from April 2025,CLN,CLN-01-R04;CLN-01-R01,CLM17952374,provider,PRV0090,
CLN level migration to top-level visits from April 2025,CLN,CLN-01-R04;CLN-01-R01,CLM19767331,provider,PRV0090,
CLN level migration to top-level visits from April 2025,CLN,CLN-01-R04;CLN-01-R01,CLM19839104,provider,PRV0090,
CLN level migration to top-level visits from April 2025,CLN,CLN-01-R04;CLN-01-R01,CLM20374632,provider,PRV0090,
CLN level migration to top-level visits from April 2025,CLN,CLN-01-R04;CLN-01-R01,CLM20395906,provider,PRV0090,
CLN level migration to top-level visits from April 2025,CLN,CLN-01-R04;CLN-01-R01,CLM20609934,provider,PRV0090,
CLN level migration to top-level visits from April 2025,CLN,CLN-01-R04;CLN-01-R01,CLM20833609,provider,PRV0090,
CLN level migration to top-level visits from April 2025,CLN,CLN-01-R04;CLN-01-R01,CLM21051432,provider,PRV0090,
CLN level migration to top-level visits from April 2025,CLN,CLN-01-R04;CLN-01-R01,CLM21081591,provider,PRV0090,
CLN level migration to top-level visits from April 2025,CLN,CLN-01-R04;CLN-01-R01,CLM21090990,provider,PRV0090,
CLN level migration to top-level visits from April 2025,CLN,CLN-01-R04;CLN-01-R01,CLM22052323,provider,PRV0090,
CLN level migration to top-level visits from April 2025,CLN,CLN-01-R04;CLN-01-R01,CLM23027642,provider,PRV0090,
CLN level migration to top-level visits from April 2025,CLN,CLN-01-R04;CLN-01-R01,CLM23288697,provider,PRV0090,
CLN level migration to top-level visits from April 2025,CLN,CLN-01-R04;CLN-01-R01,CLM23366209,provider,PRV0090,
CLN level migration to top-level visits from April 2025,CLN,CLN-01-R04;CLN-01-R01,CLM23692730,provider,PRV0090,
CLN level migration to top-level visits from April 2025,CLN,CLN-01-R04;CLN-01-R01,CLM23766136,provider,PRV0090,
CLN level migration to top-level visits from April 2025,CLN,CLN-01-R04;CLN-01-R01,CLM24630687,provider,PRV0090,
CLN level migration to top-level visits from April 2025,CLN,CLN-01-R04;CLN-01-R01,CLM25541573,provider,PRV0090,
CLN level migration to top-level visits from April 2025,CLN,CLN-01-R04;CLN-01-R01,CLM25837387,provider,PRV0090,
CLN level migration to top-level visits from April 2025,CLN,CLN-01-R04;CLN-01-R01,CLM25982999,provider,PRV0090,
CLN level migration to top-level visits from April 2025,CLN,CLN-01-R04;CLN-01-R01,CLM26636705,provider,PRV0090,
CLN level migration to top-level visits from April 2025,CLN,CLN-01-R04;CLN-01-R01,CLM27403350,provider,PRV0090,
CLN level migration to top-level visits from April 2025,CLN,CLN-01-R04;CLN-01-R01,CLM27893282,provider,PRV0090,
CLN level migration to top-level visits from April 2025,CLN,CLN-01-R04;CLN-01-R01,CLM28322249,provider,PRV0090,
CLN level migration to top-level visits from April 2025,CLN,CLN-01-R04;CLN-01-R01,CLM29198278,provider,PRV0090,
CLN level migration to top-level visits from April 2025,CLN,CLN-01-R04;CLN-01-R01,CLM29304309,provider,PRV0090,
CLN level migration to top-level visits from April 2025,CLN,CLN-01-R04;CLN-01-R01,CLM29474932,provider,PRV0090,
CLN level migration to top-level visits from April 2025,CLN,CLN-01-R04;CLN-01-R01,CLM29700580,provider,PRV0090,
CLN level migration to top-level visits from April 2025,CLN,CLN-01-R04;CLN-01-R01,CLM29709472,provider,PRV0090,
CLN level migration to top-level visits from April 2025,CLN,CLN-01-R04;CLN-01-R01,CLM30184554,provider,PRV0090,
CLN level migration to top-level visits from April 2025,CLN,CLN-01-R04;CLN-01-R01,CLM30538905,provider,PRV0090,
CLN level migration to top-level visits from April 2025,CLN,CLN-01-R04;CLN-01-R01,CLM30687180,provider,PRV0090,
CLN level migration to top-level visits from April 2025,CLN,CLN-01-R04;CLN-01-R01,CLM31374059,provider,PRV0090,
CLN level migration to top-level visits from April 2025,CLN,CLN-01-R04;CLN-01-R01,CLM32514056,provider,PRV0090,
CLN level migration to top-level visits from April 2025,CLN,CLN-01-R04;CLN-01-R01,CLM33120210,provider,PRV0090,
CLN level migration to top-level visits from April 2025,CLN,CLN-01-R04;CLN-01-R01,CLM34258832,provider,PRV0090,
CLN level migration to top-level visits from April 2025,CLN,CLN-01-R04;CLN-01-R01,CLM34810081,provider,PRV0090,
CLN level migration to top-level visits from April 2025,CLN,CLN-01-R04;CLN-01-R01,CLM34834722,provider,PRV0090,
CLN level migration to top-level visits from April 2025,CLN,CLN-01-R04;CLN-01-R01,CLM35380915,provider,PRV0090,
CLN level migration to top-level visits from April 2025,CLN,CLN-01-R04;CLN-01-R01,CLM35934068,provider,PRV0090,
CLN level migration to top-level visits from April 2025,CLN,CLN-01-R04;CLN-01-R01,CLM35987337,provider,PRV0090,
CLN level migration to top-level visits from April 2025,CLN,CLN-01-R04;CLN-01-R01,CLM36029766,provider,PRV0090,
CLN level migration to top-level visits from April 2025,CLN,CLN-01-R04;CLN-01-R01,CLM36247487,provider,PRV0090,
CLN level migration to top-level visits from April 2025,CLN,CLN-01-R04;CLN-01-R01,CLM36261137,provider,PRV0090,
CLN level migration to top-level visits from April 2025,CLN,CLN-01-R04;CLN-01-R01,CLM37077903,provider,PRV0090,
CLN level migration to top-level visits from April 2025,CLN,CLN-01-R04;CLN-01-R01,CLM38084185,provider,PRV0090,
CLN level migration to top-level visits from April 2025,CLN,CLN-01-R04;CLN-01-R01,CLM38960263,provider,PRV0090,
CLN level migration to top-level visits from April 2025,CLN,CLN-01-R04;CLN-01-R01,CLM39016885,provider,PRV0090,
CLN level migration to top-level visits from April 2025,CLN,CLN-01-R04;CLN-01-R01,CLM39069464,provider,PRV0090,
CLN level migration to top-level visits from April 2025,CLN,CLN-01-R04;CLN-01-R01,CLM39353820,provider,PRV0090,
CLN level migration to top-level visits from April 2025,CLN,CLN-01-R04;CLN-01-R01,CLM39397146,provider,PRV0090,
CLN level migration to top-level visits from April 2025,CLN,CLN-01-R04;CLN-01-R01,CLM39490124,provider,PRV0090,
CLN level migration to top-level visits from April 2025,CLN,CLN-01-R04;CLN-01-R01,CLM39723969,provider,PRV0090,
CLN level migration to top-level visits from April 2025,CLN,CLN-01-R04;CLN-01-R01,CLM39847610,provider,PRV0090,
CLN level migration to top-level visits from April 2025,CLN,CLN-01-R04;CLN-01-R01,CLM40200052,provider,PRV0090,
CLN level migration to top-level visits from April 2025,CLN,CLN-01-R04;CLN-01-R01,CLM40766957,provider,PRV0090,
CLN level migration to top-level visits from April 2025,CLN,CLN-01-R04;CLN-01-R01,CLM41929104,provider,PRV0090,
CLN level migration to top-level visits from April 2025,CLN,CLN-01-R04;CLN-01-R01,CLM42113683,provider,PRV0090,
CLN level migration to top-level visits from April 2025,CLN,CLN-01-R04;CLN-01-R01,CLM42439812,provider,PRV0090,
CLN level migration to top-level visits from April 2025,CLN,CLN-01-R04;CLN-01-R01,CLM42707242,provider,PRV0090,
CLN level migration to top-level visits from April 2025,CLN,CLN-01-R04;CLN-01-R01,CLM42746628,provider,PRV0090,
CLN level migration to top-level visits from April 2025,CLN,CLN-01-R04;CLN-01-R01,CLM43119270,provider,PRV0090,
CLN level migration to top-level visits from April 2025,CLN,CLN-01-R04;CLN-01-R01,CLM43123798,provider,PRV0090,
CLN level migration to top-level visits from April 2025,CLN,CLN-01-R04;CLN-01-R01,CLM43262690,provider,PRV0090,
CLN level migration to top-level visits from April 2025,CLN,CLN-01-R04;CLN-01-R01,CLM43341290,provider,PRV0090,
CLN level migration to top-level visits from April 2025,CLN,CLN-01-R04;CLN-01-R01,CLM43610461,provider,PRV0090,
CLN level migration to top-level visits from April 2025,CLN,CLN-01-R04;CLN-01-R01,CLM44047709,provider,PRV0090,
CLN level migration to top-level visits from April 2025,CLN,CLN-01-R04;CLN-01-R01,CLM44335548,provider,PRV0090,
CLN level migration to top-level visits from April 2025,CLN,CLN-01-R04;CLN-01-R01,CLM44502946,provider,PRV0090,
CLN level migration to top-level visits from April 2025,CLN,CLN-01-R04;CLN-01-R01,CLM44590604,provider,PRV0090,
CLN level migration to top-level visits from April 2025,CLN,CLN-01-R04;CLN-01-R01,CLM44733550,provider,PRV0090,
CLN level migration to top-level visits from April 2025,CLN,CLN-01-R04;CLN-01-R01,CLM45249556,provider,PRV0090,
CLN level migration to top-level visits from April 2025,CLN,CLN-01-R04;CLN-01-R01,CLM45473744,provider,PRV0090,
CLN level migration to top-level visits from April 2025,CLN,CLN-01-R04;CLN-01-R01,CLM45497997,provider,PRV0090,
CLN level migration to top-level visits from April 2025,CLN,CLN-01-R04;CLN-01-R01,CLM45709559,provider,PRV0090,
CLN level migration to top-level visits from April 2025,CLN,CLN-01-R04;CLN-01-R01,CLM45863687,provider,PRV0090,
CLN level migration to top-level visits from April 2025,CLN,CLN-01-R04;CLN-01-R01,CLM46254495,provider,PRV0090,
CLN level migration to top-level visits from April 2025,CLN,CLN-01-R04;CLN-01-R01,CLM46449637,provider,PRV0090,
CLN level migration to top-level visits from April 2025,CLN,CLN-01-R04;CLN-01-R01,CLM46740795,provider,PRV0090,
CLN level migration to top-level visits from April 2025,CLN,CLN-01-R04;CLN-01-R01,CLM47360524,provider,PRV0090,
CLN level migration to top-level visits from April 2025,CLN,CLN-01-R04;CLN-01-R01,CLM47611643,provider,PRV0090,
CLN level migration to top-level visits from April 2025,CLN,CLN-01-R04;CLN-01-R01,CLM47784188,provider,PRV0090,
CLN level migration to top-level visits from April 2025,CLN,CLN-01-R04;CLN-01-R01,CLM48440669,provider,PRV0090,
CLN level migration to top-level visits from April 2025,CLN,CLN-01-R04;CLN-01-R01,CLM48650674,provider,PRV0090,
CLN level migration to top-level visits from April 2025,CLN,CLN-01-R04;CLN-01-R01,CLM48821281,provider,PRV0090,
CLN level migration to top-level visits from April 2025,CLN,CLN-01-R04;CLN-01-R01,CLM48950442,provider,PRV0090,
CLN level migration to top-level visits from April 2025,CLN,CLN-01-R04;CLN-01-R01,CLM49336265,provider,PRV0090,
CLN level migration to top-level visits from April 2025,CLN,CLN-01-R04;CLN-01-R01,CLM50609510,provider,PRV0090,
CLN level migration to top-level visits from April 2025,CLN,CLN-01-R04;CLN-01-R01,CLM50827735,provider,PRV0090,
CLN level migration to top-level visits from April 2025,CLN,CLN-01-R04;CLN-01-R01,CLM50906477,provider,PRV0090,
CLN level migration to top-level visits from April 2025,CLN,CLN-01-R04;CLN-01-R01,CLM51944610,provider,PRV0090,
CLN level migration to top-level visits from April 2025,CLN,CLN-01-R04;CLN-01-R01,CLM52505809,provider,PRV0090,
CLN level migration to top-level visits from April 2025,CLN,CLN-01-R04;CLN-01-R01,CLM52510512,provider,PRV0090,
CLN level migration to top-level visits from April 2025,CLN,CLN-01-R04;CLN-01-R01,CLM52577349,provider,PRV0090,
CLN level migration to top-level visits from April 2025,CLN,CLN-01-R04;CLN-01-R01,CLM52781278,provider,PRV0090,
CLN level migration to top-level visits from April 2025,CLN,CLN-01-R04;CLN-01-R01,CLM52884465,provider,PRV0090,
CLN level migration to top-level visits from April 2025,CLN,CLN-01-R04;CLN-01-R01,CLM52920712,provider,PRV0090,
CLN level migration to top-level visits from April 2025,CLN,CLN-01-R04;CLN-01-R01,CLM53023368,provider,PRV0090,
CLN level migration to top-level visits from April 2025,CLN,CLN-01-R04;CLN-01-R01,CLM53161050,provider,PRV0090,
CLN level migration to top-level visits from April 2025,CLN,CLN-01-R04;CLN-01-R01,CLM53929147,provider,PRV0090,
CLN level migration to top-level visits from April 2025,CLN,CLN-01-R04;CLN-01-R01,CLM53956819,provider,PRV0090,
CLN level migration to top-level visits from April 2025,CLN,CLN-01-R04;CLN-01-R01,CLM54664254,provider,PRV0090,
CLN level migration to top-level visits from April 2025,CLN,CLN-01-R04;CLN-01-R01,CLM54821479,provider,PRV0090,
CLN level migration to top-level visits from April 2025,CLN,CLN-01-R04;CLN-01-R01,CLM55484096,provider,PRV0090,
CLN level migration to top-level visits from April 2025,CLN,CLN-01-R04;CLN-01-R01,CLM55624478,provider,PRV0090,
CLN level migration to top-level visits from April 2025,CLN,CLN-01-R04;CLN-01-R01,CLM55967505,provider,PRV0090,
CLN level migration to top-level visits from April 2025,CLN,CLN-01-R04;CLN-01-R01,CLM56055742,provider,PRV0090,
CLN level migration to top-level visits from April 2025,CLN,CLN-01-R04;CLN-01-R01,CLM56233849,provider,PRV0090,
CLN level migration to top-level visits from April 2025,CLN,CLN-01-R04;CLN-01-R01,CLM56303789,provider,PRV0090,
CLN level migration to top-level visits from April 2025,CLN,CLN-01-R04;CLN-01-R01,CLM56915988,provider,PRV0090,
CLN level migration to top-level visits from April 2025,CLN,CLN-01-R04;CLN-01-R01,CLM57444628,provider,PRV0090,
CLN level migration to top-level visits from April 2025,CLN,CLN-01-R04;CLN-01-R01,CLM57522562,provider,PRV0090,
CLN level migration to top-level visits from April 2025,CLN,CLN-01-R04;CLN-01-R01,CLM58058946,provider,PRV0090,
CLN level migration to top-level visits from April 2025,CLN,CLN-01-R04;CLN-01-R01,CLM58420980,provider,PRV0090,
CLN level migration to top-level visits from April 2025,CLN,CLN-01-R04;CLN-01-R01,CLM58718062,provider,PRV0090,
CLN level migration to top-level visits from April 2025,CLN,CLN-01-R04;CLN-01-R01,CLM58777512,provider,PRV0090,
CLN level migration to top-level visits from April 2025,CLN,CLN-01-R04;CLN-01-R01,CLM58960514,provider,PRV0090,
CLN level migration to top-level visits from April 2025,CLN,CLN-01-R04;CLN-01-R01,CLM59208087,provider,PRV0090,
CLN level migration to top-level visits from April 2025,CLN,CLN-01-R04;CLN-01-R01,CLM59580556,provider,PRV0090,
CLN level migration to top-level visits from April 2025,CLN,CLN-01-R04;CLN-01-R01,CLM59658689,provider,PRV0090,
CLN level migration to top-level visits from April 2025,CLN,CLN-01-R04;CLN-01-R01,CLM59865334,provider,PRV0090,
CLN level migration to top-level visits from April 2025,CLN,CLN-01-R04;CLN-01-R01,CLM60004831,provider,PRV0090,
CLN level migration to top-level visits from April 2025,CLN,CLN-01-R04;CLN-01-R01,CLM60784179,provider,PRV0090,
CLN level migration to top-level visits from April 2025,CLN,CLN-01-R04;CLN-01-R01,CLM60849288,provider,PRV0090,
CLN level migration to top-level visits from April 2025,CLN,CLN-01-R04;CLN-01-R01,CLM60965906,provider,PRV0090,
CLN level migration to top-level visits from April 2025,CLN,CLN-01-R04;CLN-01-R01,CLM61036617,provider,PRV0090,
CLN level migration to top-level visits from April 2025,CLN,CLN-01-R04;CLN-01-R01,CLM61684962,provider,PRV0090,
CLN level migration to top-level visits from April 2025,CLN,CLN-01-R04;CLN-01-R01,CLM61757733,provider,PRV0090,
CLN level migration to top-level visits from April 2025,CLN,CLN-01-R04;CLN-01-R01,CLM62080020,provider,PRV0090,
CLN level migration to top-level visits from April 2025,CLN,CLN-01-R04;CLN-01-R01,CLM62347760,provider,PRV0090,
CLN level migration to top-level visits from April 2025,CLN,CLN-01-R04;CLN-01-R01,CLM62534006,provider,PRV0090,
CLN level migration to top-level visits from April 2025,CLN,CLN-01-R04;CLN-01-R01,CLM62552709,provider,PRV0090,
CLN level migration to top-level visits from April 2025,CLN,CLN-01-R04;CLN-01-R01,CLM62756425,provider,PRV0090,
CLN level migration to top-level visits from April 2025,CLN,CLN-01-R04;CLN-01-R01,CLM63138189,provider,PRV0090,
CLN level migration to top-level visits from April 2025,CLN,CLN-01-R04;CLN-01-R01,CLM63252000,provider,PRV0090,
CLN level migration to top-level visits from April 2025,CLN,CLN-01-R04;CLN-01-R01,CLM63782222,provider,PRV0090,
CLN level migration to top-level visits from April 2025,CLN,CLN-01-R04;CLN-01-R01,CLM64043797,provider,PRV0090,
CLN level migration to top-level visits from April 2025,CLN,CLN-01-R04;CLN-01-R01,CLM64237114,provider,PRV0090,
CLN level migration to top-level visits from April 2025,CLN,CLN-01-R04;CLN-01-R01,CLM64427670,provider,PRV0090,
CLN level migration to top-level visits from April 2025,CLN,CLN-01-R04;CLN-01-R01,CLM64715663,provider,PRV0090,
CLN level migration to top-level visits from April 2025,CLN,CLN-01-R04;CLN-01-R01,CLM65561854,provider,PRV0090,
CLN level migration to top-level visits from April 2025,CLN,CLN-01-R04;CLN-01-R01,CLM65960455,provider,PRV0090,
CLN level migration to top-level visits from April 2025,CLN,CLN-01-R04;CLN-01-R01,CLM65968080,provider,PRV0090,
CLN level migration to top-level visits from April 2025,CLN,CLN-01-R04;CLN-01-R01,CLM66113679,provider,PRV0090,
CLN level migration to top-level visits from April 2025,CLN,CLN-01-R04;CLN-01-R01,CLM66145520,provider,PRV0090,
CLN level migration to top-level visits from April 2025,CLN,CLN-01-R04;CLN-01-R01,CLM66339848,provider,PRV0090,
CLN level migration to top-level visits from April 2025,CLN,CLN-01-R04;CLN-01-R01,CLM66563286,provider,PRV0090,
CLN level migration to top-level visits from April 2025,CLN,CLN-01-R04;CLN-01-R01,CLM66802057,provider,PRV0090,
CLN level migration to top-level visits from April 2025,CLN,CLN-01-R04;CLN-01-R01,CLM67395902,provider,PRV0090,
CLN level migration to top-level visits from April 2025,CLN,CLN-01-R04;CLN-01-R01,CLM67510383,provider,PRV0090,
CLN level migration to top-level visits from April 2025,CLN,CLN-01-R04;CLN-01-R01,CLM67587161,provider,PRV0090,
CLN level migration to top-level visits from April 2025,CLN,CLN-01-R04;CLN-01-R01,CLM67680092,provider,PRV0090,
CLN level migration to top-level visits from April 2025,CLN,CLN-01-R04;CLN-01-R01,CLM68051491,provider,PRV0090,
CLN level migration to top-level visits from April 2025,CLN,CLN-01-R04;CLN-01-R01,CLM68116354,provider,PRV0090,
CLN level migration to top-level visits from April 2025,CLN,CLN-01-R04;CLN-01-R01,CLM68282263,provider,PRV0090,
CLN level migration to top-level visits from April 2025,CLN,CLN-01-R04;CLN-01-R01,CLM68505130,provider,PRV0090,
CLN level migration to top-level visits from April 2025,CLN,CLN-01-R04;CLN-01-R01,CLM68621226,provider,PRV0090,
CLN level migration to top-level visits from April 2025,CLN,CLN-01-R04;CLN-01-R01,CLM69189299,provider,PRV0090,
CLN level migration to top-level visits from April 2025,CLN,CLN-01-R04;CLN-01-R01,CLM69380713,provider,PRV0090,
CLN level migration to top-level visits from April 2025,CLN,CLN-01-R04;CLN-01-R01,CLM69487235,provider,PRV0090,
CLN level migration to top-level visits from April 2025,CLN,CLN-01-R04;CLN-01-R01,CLM69721711,provider,PRV0090,
CLN level migration to top-level visits from April 2025,CLN,CLN-01-R04;CLN-01-R01,CLM70089757,provider,PRV0090,
CLN level migration to top-level visits from April 2025,CLN,CLN-01-R04;CLN-01-R01,CLM71320201,provider,PRV0090,
CLN level migration to top-level visits from April 2025,CLN,CLN-01-R04;CLN-01-R01,CLM71546946,provider,PRV0090,
CLN level migration to top-level visits from April 2025,CLN,CLN-01-R04;CLN-01-R01,CLM71799365,provider,PRV0090,
CLN level migration to top-level visits from April 2025,CLN,CLN-01-R04;CLN-01-R01,CLM71830365,provider,PRV0090,
CLN level migration to top-level visits from April 2025,CLN,CLN-01-R04;CLN-01-R01,CLM72942984,provider,PRV0090,
CLN level migration to top-level visits from April 2025,CLN,CLN-01-R04;CLN-01-R01,CLM73626781,provider,PRV0090,
CLN level migration to top-level visits from April 2025,CLN,CLN-01-R04;CLN-01-R01,CLM73676814,provider,PRV0090,
CLN level migration to top-level visits from April 2025,CLN,CLN-01-R04;CLN-01-R01,CLM74285809,provider,PRV0090,
CLN level migration to top-level visits from April 2025,CLN,CLN-01-R04;CLN-01-R01,CLM74588067,provider,PRV0090,
CLN level migration to top-level visits from April 2025,CLN,CLN-01-R04;CLN-01-R01,CLM74777067,provider,PRV0090,
CLN level migration to top-level visits from April 2025,CLN,CLN-01-R04;CLN-01-R01,CLM75152771,provider,PRV0090,
CLN level migration to top-level visits from April 2025,CLN,CLN-01-R04;CLN-01-R01,CLM75701016,provider,PRV0090,
CLN level migration to top-level visits from April 2025,CLN,CLN-01-R04;CLN-01-R01,CLM75957010,provider,PRV0090,
CLN level migration to top-level visits from April 2025,CLN,CLN-01-R04;CLN-01-R01,CLM76777883,provider,PRV0090,
CLN level migration to top-level visits from April 2025,CLN,CLN-01-R04;CLN-01-R01,CLM76933112,provider,PRV0090,
CLN level migration to top-level visits from April 2025,CLN,CLN-01-R04;CLN-01-R01,CLM77510647,provider,PRV0090,
CLN level migration to top-level visits from April 2025,CLN,CLN-01-R04;CLN-01-R01,CLM77815404,provider,PRV0090,
CLN level migration to top-level visits from April 2025,CLN,CLN-01-R04;CLN-01-R01,CLM78085286,provider,PRV0090,
CLN level migration to top-level visits from April 2025,CLN,CLN-01-R04;CLN-01-R01,CLM78202349,provider,PRV0090,
CLN level migration to top-level visits from April 2025,CLN,CLN-01-R04;CLN-01-R01,CLM79018138,provider,PRV0090,
CLN level migration to top-level visits from April 2025,CLN,CLN-01-R04;CLN-01-R01,CLM79185129,provider,PRV0090,
CLN level migration to top-level visits from April 2025,CLN,CLN-01-R04;CLN-01-R01,CLM79455683,provider,PRV0090,
CLN level migration to top-level visits from April 2025,CLN,CLN-01-R04;CLN-01-R01,CLM80614357,provider,PRV0090,
CLN level migration to top-level visits from April 2025,CLN,CLN-01-R04;CLN-01-R01,CLM80828953,provider,PRV0090,
CLN level migration to top-level visits from April 2025,CLN,CLN-01-R04;CLN-01-R01,CLM81130752,provider,PRV0090,
CLN level migration to top-level visits from April 2025,CLN,CLN-01-R04;CLN-01-R01,CLM81161551,provider,PRV0090,
CLN level migration to top-level visits from April 2025,CLN,CLN-01-R04;CLN-01-R01,CLM81326281,provider,PRV0090,
CLN level migration to top-level visits from April 2025,CLN,CLN-01-R04;CLN-01-R01,CLM81571965,provider,PRV0090,
CLN level migration to top-level visits from April 2025,CLN,CLN-01-R04;CLN-01-R01,CLM82341503,provider,PRV0090,
CLN level migration to top-level visits from April 2025,CLN,CLN-01-R04;CLN-01-R01,CLM82512915,provider,PRV0090,
CLN level migration to top-level visits from April 2025,CLN,CLN-01-R04;CLN-01-R01,CLM82558422,provider,PRV0090,
CLN level migration to top-level visits from April 2025,CLN,CLN-01-R04;CLN-01-R01,CLM82620606,provider,PRV0090,
CLN level migration to top-level visits from April 2025,CLN,CLN-01-R04;CLN-01-R01,CLM82792610,provider,PRV0090,
CLN level migration to top-level visits from April 2025,CLN,CLN-01-R04;CLN-01-R01,CLM83706432,provider,PRV0090,
CLN level migration to top-level visits from April 2025,CLN,CLN-01-R04;CLN-01-R01,CLM83865568,provider,PRV0090,
CLN level migration to top-level visits from April 2025,CLN,CLN-01-R04;CLN-01-R01,CLM83873590,provider,PRV0090,
CLN level migration to top-level visits from April 2025,CLN,CLN-01-R04;CLN-01-R01,CLM84293477,provider,PRV0090,
CLN level migration to top-level visits from April 2025,CLN,CLN-01-R04;CLN-01-R01,CLM84582954,provider,PRV0090,
CLN level migration to top-level visits from April 2025,CLN,CLN-01-R04;CLN-01-R01,CLM84897779,provider,PRV0090,
CLN level migration to top-level visits from April 2025,CLN,CLN-01-R04;CLN-01-R01,CLM85071599,provider,PRV0090,
CLN level migration to top-level visits from April 2025,CLN,CLN-01-R04;CLN-01-R01,CLM85892446,provider,PRV0090,
CLN level migration to top-level visits from April 2025,CLN,CLN-01-R04;CLN-01-R01,CLM86415832,provider,PRV0090,
CLN level migration to top-level visits from April 2025,CLN,CLN-01-R04;CLN-01-R01,CLM86465205,provider,PRV0090,
CLN level migration to top-level visits from April 2025,CLN,CLN-01-R04;CLN-01-R01,CLM86553353,provider,PRV0090,
CLN level migration to top-level visits from April 2025,CLN,CLN-01-R04;CLN-01-R01,CLM86823526,provider,PRV0090,
CLN level migration to top-level visits from April 2025,CLN,CLN-01-R04;CLN-01-R01,CLM87172721,provider,PRV0090,
CLN level migration to top-level visits from April 2025,CLN,CLN-01-R04;CLN-01-R01,CLM87966093,provider,PRV0090,
CLN level migration to top-level visits from April 2025,CLN,CLN-01-R04;CLN-01-R01,CLM88868120,provider,PRV0090,
CLN level migration to top-level visits from April 2025,CLN,CLN-01-R04;CLN-01-R01,CLM89177241,provider,PRV0090,
CLN level migration to top-level visits from April 2025,CLN,CLN-01-R04;CLN-01-R01,CLM89215382,provider,PRV0090,
CLN level migration to top-level visits from April 2025,CLN,CLN-01-R04;CLN-01-R01,CLM89570457,provider,PRV0090,
CLN level migration to top-level visits from April 2025,CLN,CLN-01-R04;CLN-01-R01,CLM89700420,provider,PRV0090,
CLN level migration to top-level visits from April 2025,CLN,CLN-01-R04;CLN-01-R01,CLM90345691,provider,PRV0090,
CLN level migration to top-level visits from April 2025,CLN,CLN-01-R04;CLN-01-R01,CLM91091878,provider,PRV0090,
CLN level migration to top-level visits from April 2025,CLN,CLN-01-R04;CLN-01-R01,CLM91291233,provider,PRV0090,
CLN level migration to top-level visits from April 2025,CLN,CLN-01-R04;CLN-01-R01,CLM91924206,provider,PRV0090,
CLN level migration to top-level visits from April 2025,CLN,CLN-01-R04;CLN-01-R01,CLM92276412,provider,PRV0090,
CLN level migration to top-level visits from April 2025,CLN,CLN-01-R04;CLN-01-R01,CLM92614345,provider,PRV0090,
CLN level migration to top-level visits from April 2025,CLN,CLN-01-R04;CLN-01-R01,CLM92679324,provider,PRV0090,
CLN level migration to top-level visits from April 2025,CLN,CLN-01-R04;CLN-01-R01,CLM92904379,provider,PRV0090,
CLN level migration to top-level visits from April 2025,CLN,CLN-01-R04;CLN-01-R01,CLM93031283,provider,PRV0090,
CLN level migration to top-level visits from April 2025,CLN,CLN-01-R04;CLN-01-R01,CLM93588682,provider,PRV0090,
CLN level migration to top-level visits from April 2025,CLN,CLN-01-R04;CLN-01-R01,CLM93621589,provider,PRV0090,
CLN level migration to top-level visits from April 2025,CLN,CLN-01-R04;CLN-01-R01,CLM94095441,provider,PRV0090,
CLN level migration to top-level visits from April 2025,CLN,CLN-01-R04;CLN-01-R01,CLM94339030,provider,PRV0090,
CLN level migration to top-level visits from April 2025,CLN,CLN-01-R04;CLN-01-R01,CLM94581463,provider,PRV0090,
CLN level migration to top-level visits from April 2025,CLN,CLN-01-R04;CLN-01-R01,CLM94696488,provider,PRV0090,
CLN level migration to top-level visits from April 2025,CLN,CLN-01-R04;CLN-01-R01,CLM94968753,provider,PRV0090,
CLN level migration to top-level visits from April 2025,CLN,CLN-01-R04;CLN-01-R01,CLM95139539,provider,PRV0090,
CLN level migration to top-level visits from April 2025,CLN,CLN-01-R04;CLN-01-R01,CLM95288698,provider,PRV0090,
CLN level migration to top-level visits from April 2025,CLN,CLN-01-R04;CLN-01-R01,CLM95820186,provider,PRV0090,
CLN level migration to top-level visits from April 2025,CLN,CLN-01-R04;CLN-01-R01,CLM95908105,provider,PRV0090,
CLN level migration to top-level visits from April 2025,CLN,CLN-01-R04;CLN-01-R01,CLM96208038,provider,PRV0090,
CLN level migration to top-level visits from April 2025,CLN,CLN-01-R04;CLN-01-R01,CLM96370358,provider,PRV0090,
CLN level migration to top-level visits from April 2025,CLN,CLN-01-R04;CLN-01-R01,CLM96685841,provider,PRV0090,
CLN level migration to top-level visits from April 2025,CLN,CLN-01-R04;CLN-01-R01,CLM97073644,provider,PRV0090,
CLN level migration to top-level visits from April 2025,CLN,CLN-01-R04;CLN-01-R01,CLM97352595,provider,PRV0090,
CLN level migration to top-level visits from April 2025,CLN,CLN-01-R04;CLN-01-R01,CLM97960825,provider,PRV0090,
CLN level migration to top-level visits from April 2025,CLN,CLN-01-R04;CLN-01-R01,CLM97966808,provider,PRV0090,
CLN level migration to top-level visits from April 2025,CLN,CLN-01-R04;CLN-01-R01,CLM98032218,provider,PRV0090,
CLN level migration to top-level visits from April 2025,CLN,CLN-01-R04;CLN-01-R01,CLM98047336,provider,PRV0090,
CLN level migration to top-level visits from April 2025,CLN,CLN-01-R04;CLN-01-R01,CLM98224687,provider,PRV0090,
CLN level migration to top-level visits from April 2025,CLN,CLN-01-R04;CLN-01-R01,CLM98430549,provider,PRV0090,
CLN level jump coinciding with a declared change of ownership (look-alike),CLN,CLN-01-R04,CLM10241333,provider,PRV0070,excluded: known structural change
CLN level jump coinciding with a declared change of ownership (look-alike),CLN,CLN-01-R04,CLM10781379,provider,PRV0070,excluded: known structural change
CLN level jump coinciding with a declared change of ownership (look-alike),CLN,CLN-01-R04,CLM11028538,provider,PRV0070,excluded: known structural change
CLN level jump coinciding with a declared change of ownership (look-alike),CLN,CLN-01-R04,CLM11489233,provider,PRV0070,excluded: known structural change
CLN level jump coinciding with a declared change of ownership (look-alike),CLN,CLN-01-R04,CLM11528603,provider,PRV0070,excluded: known structural change
CLN level jump coinciding with a declared change of ownership (look-alike),CLN,CLN-01-R04,CLM11621165,provider,PRV0070,excluded: known structural change
CLN level jump coinciding with a declared change of ownership (look-alike),CLN,CLN-01-R04,CLM11790653,provider,PRV0070,excluded: known structural change
CLN level jump coinciding with a declared change of ownership (look-alike),CLN,CLN-01-R04,CLM12140396,provider,PRV0070,excluded: known structural change
CLN level jump coinciding with a declared change of ownership (look-alike),CLN,CLN-01-R04,CLM12295545,provider,PRV0070,excluded: known structural change
CLN level jump coinciding with a declared change of ownership (look-alike),CLN,CLN-01-R04,CLM12374186,provider,PRV0070,excluded: known structural change
CLN level jump coinciding with a declared change of ownership (look-alike),CLN,CLN-01-R04,CLM12525911,provider,PRV0070,excluded: known structural change
CLN level jump coinciding with a declared change of ownership (look-alike),CLN,CLN-01-R04,CLM12534051,provider,PRV0070,excluded: known structural change
CLN level jump coinciding with a declared change of ownership (look-alike),CLN,CLN-01-R04,CLM12667762,provider,PRV0070,excluded: known structural change
CLN level jump coinciding with a declared change of ownership (look-alike),CLN,CLN-01-R04,CLM12865144,provider,PRV0070,excluded: known structural change
CLN level jump coinciding with a declared change of ownership (look-alike),CLN,CLN-01-R04,CLM12915080,provider,PRV0070,excluded: known structural change
CLN level jump coinciding with a declared change of ownership (look-alike),CLN,CLN-01-R04,CLM13372274,provider,PRV0070,excluded: known structural change
CLN level jump coinciding with a declared change of ownership (look-alike),CLN,CLN-01-R04,CLM13491961,provider,PRV0070,excluded: known structural change
CLN level jump coinciding with a declared change of ownership (look-alike),CLN,CLN-01-R04,CLM13559508,provider,PRV0070,excluded: known structural change
CLN level jump coinciding with a declared change of ownership (look-alike),CLN,CLN-01-R04,CLM13564057,provider,PRV0070,excluded: known structural change
CLN level jump coinciding with a declared change of ownership (look-alike),CLN,CLN-01-R04,CLM13711903,provider,PRV0070,excluded: known structural change
CLN level jump coinciding with a declared change of ownership (look-alike),CLN,CLN-01-R04,CLM13910008,provider,PRV0070,excluded: known structural change
CLN level jump coinciding with a declared change of ownership (look-alike),CLN,CLN-01-R04,CLM13922113,provider,PRV0070,excluded: known structural change
CLN level jump coinciding with a declared change of ownership (look-alike),CLN,CLN-01-R04,CLM14066930,provider,PRV0070,excluded: known structural change
CLN level jump coinciding with a declared change of ownership (look-alike),CLN,CLN-01-R04,CLM14482558,provider,PRV0070,excluded: known structural change
CLN level jump coinciding with a declared change of ownership (look-alike),CLN,CLN-01-R04,CLM14615624,provider,PRV0070,excluded: known structural change
CLN level jump coinciding with a declared change of ownership (look-alike),CLN,CLN-01-R04,CLM15331219,provider,PRV0070,excluded: known structural change
CLN level jump coinciding with a declared change of ownership (look-alike),CLN,CLN-01-R04,CLM15436699,provider,PRV0070,excluded: known structural change
CLN level jump coinciding with a declared change of ownership (look-alike),CLN,CLN-01-R04,CLM15556419,provider,PRV0070,excluded: known structural change
CLN level jump coinciding with a declared change of ownership (look-alike),CLN,CLN-01-R04,CLM15671336,provider,PRV0070,excluded: known structural change
CLN level jump coinciding with a declared change of ownership (look-alike),CLN,CLN-01-R04,CLM16716062,provider,PRV0070,excluded: known structural change
CLN level jump coinciding with a declared change of ownership (look-alike),CLN,CLN-01-R04,CLM16720267,provider,PRV0070,excluded: known structural change
CLN level jump coinciding with a declared change of ownership (look-alike),CLN,CLN-01-R04,CLM16831988,provider,PRV0070,excluded: known structural change
CLN level jump coinciding with a declared change of ownership (look-alike),CLN,CLN-01-R04,CLM16912842,provider,PRV0070,excluded: known structural change
CLN level jump coinciding with a declared change of ownership (look-alike),CLN,CLN-01-R04,CLM17238895,provider,PRV0070,excluded: known structural change
CLN level jump coinciding with a declared change of ownership (look-alike),CLN,CLN-01-R04,CLM17852835,provider,PRV0070,excluded: known structural change
CLN level jump coinciding with a declared change of ownership (look-alike),CLN,CLN-01-R04,CLM18258689,provider,PRV0070,excluded: known structural change
CLN level jump coinciding with a declared change of ownership (look-alike),CLN,CLN-01-R04,CLM18416637,provider,PRV0070,excluded: known structural change
CLN level jump coinciding with a declared change of ownership (look-alike),CLN,CLN-01-R04,CLM18440682,provider,PRV0070,excluded: known structural change
CLN level jump coinciding with a declared change of ownership (look-alike),CLN,CLN-01-R04,CLM19048452,provider,PRV0070,excluded: known structural change
CLN level jump coinciding with a declared change of ownership (look-alike),CLN,CLN-01-R04,CLM19258090,provider,PRV0070,excluded: known structural change
CLN level jump coinciding with a declared change of ownership (look-alike),CLN,CLN-01-R04,CLM19366196,provider,PRV0070,excluded: known structural change
CLN level jump coinciding with a declared change of ownership (look-alike),CLN,CLN-01-R04,CLM19552918,provider,PRV0070,excluded: known structural change
CLN level jump coinciding with a declared change of ownership (look-alike),CLN,CLN-01-R04,CLM19681739,provider,PRV0070,excluded: known structural change
CLN level jump coinciding with a declared change of ownership (look-alike),CLN,CLN-01-R04,CLM19802928,provider,PRV0070,excluded: known structural change
CLN level jump coinciding with a declared change of ownership (look-alike),CLN,CLN-01-R04,CLM20045485,provider,PRV0070,excluded: known structural change
CLN level jump coinciding with a declared change of ownership (look-alike),CLN,CLN-01-R04,CLM20731055,provider,PRV0070,excluded: known structural change
CLN level jump coinciding with a declared change of ownership (look-alike),CLN,CLN-01-R04,CLM20887547,provider,PRV0070,excluded: known structural change
CLN level jump coinciding with a declared change of ownership (look-alike),CLN,CLN-01-R04,CLM21850171,provider,PRV0070,excluded: known structural change
CLN level jump coinciding with a declared change of ownership (look-alike),CLN,CLN-01-R04,CLM22017701,provider,PRV0070,excluded: known structural change
CLN level jump coinciding with a declared change of ownership (look-alike),CLN,CLN-01-R04,CLM22079549,provider,PRV0070,excluded: known structural change
CLN level jump coinciding with a declared change of ownership (look-alike),CLN,CLN-01-R04,CLM22210688,provider,PRV0070,excluded: known structural change
CLN level jump coinciding with a declared change of ownership (look-alike),CLN,CLN-01-R04,CLM22283587,provider,PRV0070,excluded: known structural change
CLN level jump coinciding with a declared change of ownership (look-alike),CLN,CLN-01-R04,CLM22548215,provider,PRV0070,excluded: known structural change
CLN level jump coinciding with a declared change of ownership (look-alike),CLN,CLN-01-R04,CLM22732917,provider,PRV0070,excluded: known structural change
CLN level jump coinciding with a declared change of ownership (look-alike),CLN,CLN-01-R04,CLM22782022,provider,PRV0070,excluded: known structural change
CLN level jump coinciding with a declared change of ownership (look-alike),CLN,CLN-01-R04,CLM22948079,provider,PRV0070,excluded: known structural change
CLN level jump coinciding with a declared change of ownership (look-alike),CLN,CLN-01-R04,CLM23323215,provider,PRV0070,excluded: known structural change
CLN level jump coinciding with a declared change of ownership (look-alike),CLN,CLN-01-R04,CLM23446628,provider,PRV0070,excluded: known structural change
CLN level jump coinciding with a declared change of ownership (look-alike),CLN,CLN-01-R04,CLM23884926,provider,PRV0070,excluded: known structural change
CLN level jump coinciding with a declared change of ownership (look-alike),CLN,CLN-01-R04,CLM24298165,provider,PRV0070,excluded: known structural change
CLN level jump coinciding with a declared change of ownership (look-alike),CLN,CLN-01-R04,CLM24632366,provider,PRV0070,excluded: known structural change
CLN level jump coinciding with a declared change of ownership (look-alike),CLN,CLN-01-R04,CLM24791165,provider,PRV0070,excluded: known structural change
CLN level jump coinciding with a declared change of ownership (look-alike),CLN,CLN-01-R04,CLM24849790,provider,PRV0070,excluded: known structural change
CLN level jump coinciding with a declared change of ownership (look-alike),CLN,CLN-01-R04,CLM25188568,provider,PRV0070,excluded: known structural change
CLN level jump coinciding with a declared change of ownership (look-alike),CLN,CLN-01-R04,CLM25211864,provider,PRV0070,excluded: known structural change
CLN level jump coinciding with a declared change of ownership (look-alike),CLN,CLN-01-R04,CLM25214676,provider,PRV0070,excluded: known structural change
CLN level jump coinciding with a declared change of ownership (look-alike),CLN,CLN-01-R04,CLM25266498,provider,PRV0070,excluded: known structural change
CLN level jump coinciding with a declared change of ownership (look-alike),CLN,CLN-01-R04,CLM25466609,provider,PRV0070,excluded: known structural change
CLN level jump coinciding with a declared change of ownership (look-alike),CLN,CLN-01-R04,CLM25522551,provider,PRV0070,excluded: known structural change
CLN level jump coinciding with a declared change of ownership (look-alike),CLN,CLN-01-R04,CLM25965695,provider,PRV0070,excluded: known structural change
CLN level jump coinciding with a declared change of ownership (look-alike),CLN,CLN-01-R04,CLM26305457,provider,PRV0070,excluded: known structural change
CLN level jump coinciding with a declared change of ownership (look-alike),CLN,CLN-01-R04,CLM26323543,provider,PRV0070,excluded: known structural change
CLN level jump coinciding with a declared change of ownership (look-alike),CLN,CLN-01-R04,CLM27127827,provider,PRV0070,excluded: known structural change
CLN level jump coinciding with a declared change of ownership (look-alike),CLN,CLN-01-R04,CLM27193536,provider,PRV0070,excluded: known structural change
CLN level jump coinciding with a declared change of ownership (look-alike),CLN,CLN-01-R04,CLM27426357,provider,PRV0070,excluded: known structural change
CLN level jump coinciding with a declared change of ownership (look-alike),CLN,CLN-01-R04,CLM27628482,provider,PRV0070,excluded: known structural change
CLN level jump coinciding with a declared change of ownership (look-alike),CLN,CLN-01-R04,CLM27797643,provider,PRV0070,excluded: known structural change
CLN level jump coinciding with a declared change of ownership (look-alike),CLN,CLN-01-R04,CLM27956347,provider,PRV0070,excluded: known structural change
CLN level jump coinciding with a declared change of ownership (look-alike),CLN,CLN-01-R04,CLM28624868,provider,PRV0070,excluded: known structural change
CLN level jump coinciding with a declared change of ownership (look-alike),CLN,CLN-01-R04,CLM29517228,provider,PRV0070,excluded: known structural change
CLN level jump coinciding with a declared change of ownership (look-alike),CLN,CLN-01-R04,CLM30110466,provider,PRV0070,excluded: known structural change
CLN level jump coinciding with a declared change of ownership (look-alike),CLN,CLN-01-R04,CLM31552310,provider,PRV0070,excluded: known structural change
CLN level jump coinciding with a declared change of ownership (look-alike),CLN,CLN-01-R04,CLM31615369,provider,PRV0070,excluded: known structural change
CLN level jump coinciding with a declared change of ownership (look-alike),CLN,CLN-01-R04,CLM31796216,provider,PRV0070,excluded: known structural change
CLN level jump coinciding with a declared change of ownership (look-alike),CLN,CLN-01-R04,CLM31822826,provider,PRV0070,excluded: known structural change
CLN level jump coinciding with a declared change of ownership (look-alike),CLN,CLN-01-R04,CLM31876887,provider,PRV0070,excluded: known structural change
CLN level jump coinciding with a declared change of ownership (look-alike),CLN,CLN-01-R04,CLM32079744,provider,PRV0070,excluded: known structural change
CLN level jump coinciding with a declared change of ownership (look-alike),CLN,CLN-01-R04,CLM32087092,provider,PRV0070,excluded: known structural change
CLN level jump coinciding with a declared change of ownership (look-alike),CLN,CLN-01-R04,CLM32166956,provider,PRV0070,excluded: known structural change
CLN level jump coinciding with a declared change of ownership (look-alike),CLN,CLN-01-R04,CLM32769393,provider,PRV0070,excluded: known structural change
CLN level jump coinciding with a declared change of ownership (look-alike),CLN,CLN-01-R04,CLM32774203,provider,PRV0070,excluded: known structural change
CLN level jump coinciding with a declared change of ownership (look-alike),CLN,CLN-01-R04,CLM33129797,provider,PRV0070,excluded: known structural change
CLN level jump coinciding with a declared change of ownership (look-alike),CLN,CLN-01-R04,CLM33331318,provider,PRV0070,excluded: known structural change
CLN level jump coinciding with a declared change of ownership (look-alike),CLN,CLN-01-R04,CLM33581483,provider,PRV0070,excluded: known structural change
CLN level jump coinciding with a declared change of ownership (look-alike),CLN,CLN-01-R04,CLM34007419,provider,PRV0070,excluded: known structural change
CLN level jump coinciding with a declared change of ownership (look-alike),CLN,CLN-01-R04,CLM34219588,provider,PRV0070,excluded: known structural change
CLN level jump coinciding with a declared change of ownership (look-alike),CLN,CLN-01-R04,CLM34387489,provider,PRV0070,excluded: known structural change
CLN level jump coinciding with a declared change of ownership (look-alike),CLN,CLN-01-R04,CLM34469478,provider,PRV0070,excluded: known structural change
CLN level jump coinciding with a declared change of ownership (look-alike),CLN,CLN-01-R04,CLM34707038,provider,PRV0070,excluded: known structural change
CLN level jump coinciding with a declared change of ownership (look-alike),CLN,CLN-01-R04,CLM34758587,provider,PRV0070,excluded: known structural change
CLN level jump coinciding with a declared change of ownership (look-alike),CLN,CLN-01-R04,CLM34928598,provider,PRV0070,excluded: known structural change
CLN level jump coinciding with a declared change of ownership (look-alike),CLN,CLN-01-R04,CLM34942959,provider,PRV0070,excluded: known structural change
CLN level jump coinciding with a declared change of ownership (look-alike),CLN,CLN-01-R04,CLM34985848,provider,PRV0070,excluded: known structural change
CLN level jump coinciding with a declared change of ownership (look-alike),CLN,CLN-01-R04,CLM35923553,provider,PRV0070,excluded: known structural change
CLN level jump coinciding with a declared change of ownership (look-alike),CLN,CLN-01-R04,CLM36041939,provider,PRV0070,excluded: known structural change
CLN level jump coinciding with a declared change of ownership (look-alike),CLN,CLN-01-R04,CLM36217342,provider,PRV0070,excluded: known structural change
CLN level jump coinciding with a declared change of ownership (look-alike),CLN,CLN-01-R04,CLM36253514,provider,PRV0070,excluded: known structural change
CLN level jump coinciding with a declared change of ownership (look-alike),CLN,CLN-01-R04,CLM36616892,provider,PRV0070,excluded: known structural change
CLN level jump coinciding with a declared change of ownership (look-alike),CLN,CLN-01-R04,CLM36712379,provider,PRV0070,excluded: known structural change
CLN level jump coinciding with a declared change of ownership (look-alike),CLN,CLN-01-R04,CLM37208527,provider,PRV0070,excluded: known structural change
CLN level jump coinciding with a declared change of ownership (look-alike),CLN,CLN-01-R04,CLM37635068,provider,PRV0070,excluded: known structural change
CLN level jump coinciding with a declared change of ownership (look-alike),CLN,CLN-01-R04,CLM37870971,provider,PRV0070,excluded: known structural change
CLN level jump coinciding with a declared change of ownership (look-alike),CLN,CLN-01-R04,CLM37943498,provider,PRV0070,excluded: known structural change
CLN level jump coinciding with a declared change of ownership (look-alike),CLN,CLN-01-R04,CLM38109543,provider,PRV0070,excluded: known structural change
CLN level jump coinciding with a declared change of ownership (look-alike),CLN,CLN-01-R04,CLM38257319,provider,PRV0070,excluded: known structural change
CLN level jump coinciding with a declared change of ownership (look-alike),CLN,CLN-01-R04,CLM38390181,provider,PRV0070,excluded: known structural change
CLN level jump coinciding with a declared change of ownership (look-alike),CLN,CLN-01-R04,CLM38840141,provider,PRV0070,excluded: known structural change
CLN level jump coinciding with a declared change of ownership (look-alike),CLN,CLN-01-R04,CLM39091214,provider,PRV0070,excluded: known structural change
CLN level jump coinciding with a declared change of ownership (look-alike),CLN,CLN-01-R04,CLM39338382,provider,PRV0070,excluded: known structural change
CLN level jump coinciding with a declared change of ownership (look-alike),CLN,CLN-01-R04,CLM39458618,provider,PRV0070,excluded: known structural change
CLN level jump coinciding with a declared change of ownership (look-alike),CLN,CLN-01-R04,CLM39752444,provider,PRV0070,excluded: known structural change
CLN level jump coinciding with a declared change of ownership (look-alike),CLN,CLN-01-R04,CLM39797081,provider,PRV0070,excluded: known structural change
CLN level jump coinciding with a declared change of ownership (look-alike),CLN,CLN-01-R04,CLM39915951,provider,PRV0070,excluded: known structural change
CLN level jump coinciding with a declared change of ownership (look-alike),CLN,CLN-01-R04,CLM39949695,provider,PRV0070,excluded: known structural change
CLN level jump coinciding with a declared change of ownership (look-alike),CLN,CLN-01-R04,CLM39959366,provider,PRV0070,excluded: known structural change
CLN level jump coinciding with a declared change of ownership (look-alike),CLN,CLN-01-R04,CLM40050631,provider,PRV0070,excluded: known structural change
CLN level jump coinciding with a declared change of ownership (look-alike),CLN,CLN-01-R04,CLM40184377,provider,PRV0070,excluded: known structural change
CLN level jump coinciding with a declared change of ownership (look-alike),CLN,CLN-01-R04,CLM40231678,provider,PRV0070,excluded: known structural change
CLN level jump coinciding with a declared change of ownership (look-alike),CLN,CLN-01-R04,CLM41346694,provider,PRV0070,excluded: known structural change
CLN level jump coinciding with a declared change of ownership (look-alike),CLN,CLN-01-R04,CLM41417278,provider,PRV0070,excluded: known structural change
CLN level jump coinciding with a declared change of ownership (look-alike),CLN,CLN-01-R04,CLM42352383,provider,PRV0070,excluded: known structural change
CLN level jump coinciding with a declared change of ownership (look-alike),CLN,CLN-01-R04,CLM42442677,provider,PRV0070,excluded: known structural change
CLN level jump coinciding with a declared change of ownership (look-alike),CLN,CLN-01-R04,CLM42474442,provider,PRV0070,excluded: known structural change
CLN level jump coinciding with a declared change of ownership (look-alike),CLN,CLN-01-R04,CLM42693775,provider,PRV0070,excluded: known structural change
CLN level jump coinciding with a declared change of ownership (look-alike),CLN,CLN-01-R04,CLM43051211,provider,PRV0070,excluded: known structural change
CLN level jump coinciding with a declared change of ownership (look-alike),CLN,CLN-01-R04,CLM43132688,provider,PRV0070,excluded: known structural change
CLN level jump coinciding with a declared change of ownership (look-alike),CLN,CLN-01-R04,CLM43792713,provider,PRV0070,excluded: known structural change
CLN level jump coinciding with a declared change of ownership (look-alike),CLN,CLN-01-R04,CLM43850344,provider,PRV0070,excluded: known structural change
CLN level jump coinciding with a declared change of ownership (look-alike),CLN,CLN-01-R04,CLM43922627,provider,PRV0070,excluded: known structural change
CLN level jump coinciding with a declared change of ownership (look-alike),CLN,CLN-01-R04,CLM44008138,provider,PRV0070,excluded: known structural change
CLN level jump coinciding with a declared change of ownership (look-alike),CLN,CLN-01-R04,CLM44038463,provider,PRV0070,excluded: known structural change
CLN level jump coinciding with a declared change of ownership (look-alike),CLN,CLN-01-R04,CLM44128646,provider,PRV0070,excluded: known structural change
CLN level jump coinciding with a declared change of ownership (look-alike),CLN,CLN-01-R04,CLM44405587,provider,PRV0070,excluded: known structural change
CLN level jump coinciding with a declared change of ownership (look-alike),CLN,CLN-01-R04,CLM44484796,provider,PRV0070,excluded: known structural change
CLN level jump coinciding with a declared change of ownership (look-alike),CLN,CLN-01-R04,CLM44513544,provider,PRV0070,excluded: known structural change
CLN level jump coinciding with a declared change of ownership (look-alike),CLN,CLN-01-R04,CLM44693453,provider,PRV0070,excluded: known structural change
CLN level jump coinciding with a declared change of ownership (look-alike),CLN,CLN-01-R04,CLM44925109,provider,PRV0070,excluded: known structural change
CLN level jump coinciding with a declared change of ownership (look-alike),CLN,CLN-01-R04,CLM45803104,provider,PRV0070,excluded: known structural change
CLN level jump coinciding with a declared change of ownership (look-alike),CLN,CLN-01-R04,CLM46447652,provider,PRV0070,excluded: known structural change
CLN level jump coinciding with a declared change of ownership (look-alike),CLN,CLN-01-R04,CLM46610427,provider,PRV0070,excluded: known structural change
CLN level jump coinciding with a declared change of ownership (look-alike),CLN,CLN-01-R04,CLM46676050,provider,PRV0070,excluded: known structural change
CLN level jump coinciding with a declared change of ownership (look-alike),CLN,CLN-01-R04,CLM47238518,provider,PRV0070,excluded: known structural change
CLN level jump coinciding with a declared change of ownership (look-alike),CLN,CLN-01-R04,CLM47516401,provider,PRV0070,excluded: known structural change
CLN level jump coinciding with a declared change of ownership (look-alike),CLN,CLN-01-R04,CLM48026469,provider,PRV0070,excluded: known structural change
CLN level jump coinciding with a declared change of ownership (look-alike),CLN,CLN-01-R04,CLM48283979,provider,PRV0070,excluded: known structural change
CLN level jump coinciding with a declared change of ownership (look-alike),CLN,CLN-01-R04,CLM48304543,provider,PRV0070,excluded: known structural change
CLN level jump coinciding with a declared change of ownership (look-alike),CLN,CLN-01-R04,CLM48786786,provider,PRV0070,excluded: known structural change
CLN level jump coinciding with a declared change of ownership (look-alike),CLN,CLN-01-R04,CLM50189107,provider,PRV0070,excluded: known structural change
CLN level jump coinciding with a declared change of ownership (look-alike),CLN,CLN-01-R04,CLM50228714,provider,PRV0070,excluded: known structural change
CLN level jump coinciding with a declared change of ownership (look-alike),CLN,CLN-01-R04,CLM50595012,provider,PRV0070,excluded: known structural change
CLN level jump coinciding with a declared change of ownership (look-alike),CLN,CLN-01-R04,CLM50666789,provider,PRV0070,excluded: known structural change
CLN level jump coinciding with a declared change of ownership (look-alike),CLN,CLN-01-R04,CLM50738218,provider,PRV0070,excluded: known structural change
CLN level jump coinciding with a declared change of ownership (look-alike),CLN,CLN-01-R04,CLM50952071,provider,PRV0070,excluded: known structural change
CLN level jump coinciding with a declared change of ownership (look-alike),CLN,CLN-01-R04,CLM51070077,provider,PRV0070,excluded: known structural change
CLN level jump coinciding with a declared change of ownership (look-alike),CLN,CLN-01-R04,CLM51322067,provider,PRV0070,excluded: known structural change
CLN level jump coinciding with a declared change of ownership (look-alike),CLN,CLN-01-R04,CLM51387261,provider,PRV0070,excluded: known structural change
CLN level jump coinciding with a declared change of ownership (look-alike),CLN,CLN-01-R04,CLM51698713,provider,PRV0070,excluded: known structural change
CLN level jump coinciding with a declared change of ownership (look-alike),CLN,CLN-01-R04,CLM51736740,provider,PRV0070,excluded: known structural change
CLN level jump coinciding with a declared change of ownership (look-alike),CLN,CLN-01-R04,CLM51997839,provider,PRV0070,excluded: known structural change
CLN level jump coinciding with a declared change of ownership (look-alike),CLN,CLN-01-R04,CLM52301442,provider,PRV0070,excluded: known structural change
CLN level jump coinciding with a declared change of ownership (look-alike),CLN,CLN-01-R04,CLM52835873,provider,PRV0070,excluded: known structural change
CLN level jump coinciding with a declared change of ownership (look-alike),CLN,CLN-01-R04,CLM52911865,provider,PRV0070,excluded: known structural change
CLN level jump coinciding with a declared change of ownership (look-alike),CLN,CLN-01-R04,CLM53259439,provider,PRV0070,excluded: known structural change
CLN level jump coinciding with a declared change of ownership (look-alike),CLN,CLN-01-R04,CLM53344366,provider,PRV0070,excluded: known structural change
CLN level jump coinciding with a declared change of ownership (look-alike),CLN,CLN-01-R04,CLM53384001,provider,PRV0070,excluded: known structural change
CLN level jump coinciding with a declared change of ownership (look-alike),CLN,CLN-01-R04,CLM53601996,provider,PRV0070,excluded: known structural change
CLN level jump coinciding with a declared change of ownership (look-alike),CLN,CLN-01-R04,CLM53634694,provider,PRV0070,excluded: known structural change
CLN level jump coinciding with a declared change of ownership (look-alike),CLN,CLN-01-R04,CLM53703084,provider,PRV0070,excluded: known structural change
CLN level jump coinciding with a declared change of ownership (look-alike),CLN,CLN-01-R04,CLM53831628,provider,PRV0070,excluded: known structural change
CLN level jump coinciding with a declared change of ownership (look-alike),CLN,CLN-01-R04,CLM53977902,provider,PRV0070,excluded: known structural change
CLN level jump coinciding with a declared change of ownership (look-alike),CLN,CLN-01-R04,CLM54181172,provider,PRV0070,excluded: known structural change
CLN level jump coinciding with a declared change of ownership (look-alike),CLN,CLN-01-R04,CLM54249791,provider,PRV0070,excluded: known structural change
CLN level jump coinciding with a declared change of ownership (look-alike),CLN,CLN-01-R04,CLM54482916,provider,PRV0070,excluded: known structural change
CLN level jump coinciding with a declared change of ownership (look-alike),CLN,CLN-01-R04,CLM54563555,provider,PRV0070,excluded: known structural change
CLN level jump coinciding with a declared change of ownership (look-alike),CLN,CLN-01-R04,CLM55201932,provider,PRV0070,excluded: known structural change
CLN level jump coinciding with a declared change of ownership (look-alike),CLN,CLN-01-R04,CLM55575492,provider,PRV0070,excluded: known structural change
CLN level jump coinciding with a declared change of ownership (look-alike),CLN,CLN-01-R04,CLM55989042,provider,PRV0070,excluded: known structural change
CLN level jump coinciding with a declared change of ownership (look-alike),CLN,CLN-01-R04,CLM56015190,provider,PRV0070,excluded: known structural change
CLN level jump coinciding with a declared change of ownership (look-alike),CLN,CLN-01-R04,CLM56055736,provider,PRV0070,excluded: known structural change
CLN level jump coinciding with a declared change of ownership (look-alike),CLN,CLN-01-R04,CLM56511114,provider,PRV0070,excluded: known structural change
CLN level jump coinciding with a declared change of ownership (look-alike),CLN,CLN-01-R04,CLM56541881,provider,PRV0070,excluded: known structural change
CLN level jump coinciding with a declared change of ownership (look-alike),CLN,CLN-01-R04,CLM56621176,provider,PRV0070,excluded: known structural change
CLN level jump coinciding with a declared change of ownership (look-alike),CLN,CLN-01-R04,CLM57028201,provider,PRV0070,excluded: known structural change
CLN level jump coinciding with a declared change of ownership (look-alike),CLN,CLN-01-R04,CLM57157460,provider,PRV0070,excluded: known structural change
CLN level jump coinciding with a declared change of ownership (look-alike),CLN,CLN-01-R04,CLM57348051,provider,PRV0070,excluded: known structural change
CLN level jump coinciding with a declared change of ownership (look-alike),CLN,CLN-01-R04,CLM57581116,provider,PRV0070,excluded: known structural change
CLN level jump coinciding with a declared change of ownership (look-alike),CLN,CLN-01-R04,CLM57706397,provider,PRV0070,excluded: known structural change
CLN level jump coinciding with a declared change of ownership (look-alike),CLN,CLN-01-R04,CLM57769349,provider,PRV0070,excluded: known structural change
CLN level jump coinciding with a declared change of ownership (look-alike),CLN,CLN-01-R04,CLM58098994,provider,PRV0070,excluded: known structural change
CLN level jump coinciding with a declared change of ownership (look-alike),CLN,CLN-01-R04,CLM58631066,provider,PRV0070,excluded: known structural change
CLN level jump coinciding with a declared change of ownership (look-alike),CLN,CLN-01-R04,CLM58726067,provider,PRV0070,excluded: known structural change
CLN level jump coinciding with a declared change of ownership (look-alike),CLN,CLN-01-R04,CLM58781664,provider,PRV0070,excluded: known structural change
CLN level jump coinciding with a declared change of ownership (look-alike),CLN,CLN-01-R04,CLM58784491,provider,PRV0070,excluded: known structural change
CLN level jump coinciding with a declared change of ownership (look-alike),CLN,CLN-01-R04,CLM59592227,provider,PRV0070,excluded: known structural change
CLN level jump coinciding with a declared change of ownership (look-alike),CLN,CLN-01-R04,CLM60268657,provider,PRV0070,excluded: known structural change
CLN level jump coinciding with a declared change of ownership (look-alike),CLN,CLN-01-R04,CLM60417728,provider,PRV0070,excluded: known structural change
CLN level jump coinciding with a declared change of ownership (look-alike),CLN,CLN-01-R04,CLM60427005,provider,PRV0070,excluded: known structural change
CLN level jump coinciding with a declared change of ownership (look-alike),CLN,CLN-01-R04,CLM60502983,provider,PRV0070,excluded: known structural change
CLN level jump coinciding with a declared change of ownership (look-alike),CLN,CLN-01-R04,CLM60911258,provider,PRV0070,excluded: known structural change
CLN level jump coinciding with a declared change of ownership (look-alike),CLN,CLN-01-R04,CLM61191706,provider,PRV0070,excluded: known structural change
CLN level jump coinciding with a declared change of ownership (look-alike),CLN,CLN-01-R04,CLM61294805,provider,PRV0070,excluded: known structural change
CLN level jump coinciding with a declared change of ownership (look-alike),CLN,CLN-01-R04,CLM61541611,provider,PRV0070,excluded: known structural change
CLN level jump coinciding with a declared change of ownership (look-alike),CLN,CLN-01-R04,CLM61848677,provider,PRV0070,excluded: known structural change
CLN level jump coinciding with a declared change of ownership (look-alike),CLN,CLN-01-R04,CLM61904297,provider,PRV0070,excluded: known structural change
CLN level jump coinciding with a declared change of ownership (look-alike),CLN,CLN-01-R04,CLM62183311,provider,PRV0070,excluded: known structural change
CLN level jump coinciding with a declared change of ownership (look-alike),CLN,CLN-01-R04,CLM62378331,provider,PRV0070,excluded: known structural change
CLN level jump coinciding with a declared change of ownership (look-alike),CLN,CLN-01-R04,CLM62764743,provider,PRV0070,excluded: known structural change
CLN level jump coinciding with a declared change of ownership (look-alike),CLN,CLN-01-R04,CLM63254657,provider,PRV0070,excluded: known structural change
CLN level jump coinciding with a declared change of ownership (look-alike),CLN,CLN-01-R04,CLM63279276,provider,PRV0070,excluded: known structural change
CLN level jump coinciding with a declared change of ownership (look-alike),CLN,CLN-01-R04,CLM63515283,provider,PRV0070,excluded: known structural change
CLN level jump coinciding with a declared change of ownership (look-alike),CLN,CLN-01-R04,CLM63671292,provider,PRV0070,excluded: known structural change
CLN level jump coinciding with a declared change of ownership (look-alike),CLN,CLN-01-R04,CLM64069267,provider,PRV0070,excluded: known structural change
CLN level jump coinciding with a declared change of ownership (look-alike),CLN,CLN-01-R04,CLM64131470,provider,PRV0070,excluded: known structural change
CLN level jump coinciding with a declared change of ownership (look-alike),CLN,CLN-01-R04,CLM64554581,provider,PRV0070,excluded: known structural change
CLN level jump coinciding with a declared change of ownership (look-alike),CLN,CLN-01-R04,CLM64586019,provider,PRV0070,excluded: known structural change
CLN level jump coinciding with a declared change of ownership (look-alike),CLN,CLN-01-R04,CLM64789403,provider,PRV0070,excluded: known structural change
CLN level jump coinciding with a declared change of ownership (look-alike),CLN,CLN-01-R04,CLM65636687,provider,PRV0070,excluded: known structural change
CLN level jump coinciding with a declared change of ownership (look-alike),CLN,CLN-01-R04,CLM66188211,provider,PRV0070,excluded: known structural change
CLN level jump coinciding with a declared change of ownership (look-alike),CLN,CLN-01-R04,CLM66621694,provider,PRV0070,excluded: known structural change
CLN level jump coinciding with a declared change of ownership (look-alike),CLN,CLN-01-R04,CLM66635198,provider,PRV0070,excluded: known structural change
CLN level jump coinciding with a declared change of ownership (look-alike),CLN,CLN-01-R04,CLM67195689,provider,PRV0070,excluded: known structural change
CLN level jump coinciding with a declared change of ownership (look-alike),CLN,CLN-01-R04,CLM67268536,provider,PRV0070,excluded: known structural change
CLN level jump coinciding with a declared change of ownership (look-alike),CLN,CLN-01-R04,CLM67619137,provider,PRV0070,excluded: known structural change
CLN level jump coinciding with a declared change of ownership (look-alike),CLN,CLN-01-R04,CLM67857979,provider,PRV0070,excluded: known structural change
CLN level jump coinciding with a declared change of ownership (look-alike),CLN,CLN-01-R04,CLM68024832,provider,PRV0070,excluded: known structural change
CLN level jump coinciding with a declared change of ownership (look-alike),CLN,CLN-01-R04,CLM68047565,provider,PRV0070,excluded: known structural change
CLN level jump coinciding with a declared change of ownership (look-alike),CLN,CLN-01-R04,CLM68318268,provider,PRV0070,excluded: known structural change
CLN level jump coinciding with a declared change of ownership (look-alike),CLN,CLN-01-R04,CLM68766739,provider,PRV0070,excluded: known structural change
CLN level jump coinciding with a declared change of ownership (look-alike),CLN,CLN-01-R04,CLM68861442,provider,PRV0070,excluded: known structural change
CLN level jump coinciding with a declared change of ownership (look-alike),CLN,CLN-01-R04,CLM69185312,provider,PRV0070,excluded: known structural change
CLN level jump coinciding with a declared change of ownership (look-alike),CLN,CLN-01-R04,CLM69389819,provider,PRV0070,excluded: known structural change
CLN level jump coinciding with a declared change of ownership (look-alike),CLN,CLN-01-R04,CLM70103919,provider,PRV0070,excluded: known structural change
CLN level jump coinciding with a declared change of ownership (look-alike),CLN,CLN-01-R04,CLM70212193,provider,PRV0070,excluded: known structural change
CLN level jump coinciding with a declared change of ownership (look-alike),CLN,CLN-01-R04,CLM70257493,provider,PRV0070,excluded: known structural change
CLN level jump coinciding with a declared change of ownership (look-alike),CLN,CLN-01-R04,CLM70693016,provider,PRV0070,excluded: known structural change
CLN level jump coinciding with a declared change of ownership (look-alike),CLN,CLN-01-R04,CLM70785108,provider,PRV0070,excluded: known structural change
CLN level jump coinciding with a declared change of ownership (look-alike),CLN,CLN-01-R04,CLM71026068,provider,PRV0070,excluded: known structural change
CLN level jump coinciding with a declared change of ownership (look-alike),CLN,CLN-01-R04,CLM71159156,provider,PRV0070,excluded: known structural change
CLN level jump coinciding with a declared change of ownership (look-alike),CLN,CLN-01-R04,CLM71209722,provider,PRV0070,excluded: known structural change
CLN level jump coinciding with a declared change of ownership (look-alike),CLN,CLN-01-R04,CLM71290340,provider,PRV0070,excluded: known structural change
CLN level jump coinciding with a declared change of ownership (look-alike),CLN,CLN-01-R04,CLM71303201,provider,PRV0070,excluded: known structural change
CLN level jump coinciding with a declared change of ownership (look-alike),CLN,CLN-01-R04,CLM71660852,provider,PRV0070,excluded: known structural change
CLN level jump coinciding with a declared change of ownership (look-alike),CLN,CLN-01-R04,CLM71856621,provider,PRV0070,excluded: known structural change
CLN level jump coinciding with a declared change of ownership (look-alike),CLN,CLN-01-R04,CLM72416963,provider,PRV0070,excluded: known structural change
CLN level jump coinciding with a declared change of ownership (look-alike),CLN,CLN-01-R04,CLM72673702,provider,PRV0070,excluded: known structural change
CLN level jump coinciding with a declared change of ownership (look-alike),CLN,CLN-01-R04,CLM72729564,provider,PRV0070,excluded: known structural change
CLN level jump coinciding with a declared change of ownership (look-alike),CLN,CLN-01-R04,CLM72994298,provider,PRV0070,excluded: known structural change
CLN level jump coinciding with a declared change of ownership (look-alike),CLN,CLN-01-R04,CLM73721459,provider,PRV0070,excluded: known structural change
CLN level jump coinciding with a declared change of ownership (look-alike),CLN,CLN-01-R04,CLM73852521,provider,PRV0070,excluded: known structural change
CLN level jump coinciding with a declared change of ownership (look-alike),CLN,CLN-01-R04,CLM74073217,provider,PRV0070,excluded: known structural change
CLN level jump coinciding with a declared change of ownership (look-alike),CLN,CLN-01-R04,CLM74131746,provider,PRV0070,excluded: known structural change
CLN level jump coinciding with a declared change of ownership (look-alike),CLN,CLN-01-R04,CLM74204484,provider,PRV0070,excluded: known structural change
CLN level jump coinciding with a declared change of ownership (look-alike),CLN,CLN-01-R04,CLM74575494,provider,PRV0070,excluded: known structural change
CLN level jump coinciding with a declared change of ownership (look-alike),CLN,CLN-01-R04,CLM75117650,provider,PRV0070,excluded: known structural change
CLN level jump coinciding with a declared change of ownership (look-alike),CLN,CLN-01-R04,CLM75203420,provider,PRV0070,excluded: known structural change
CLN level jump coinciding with a declared change of ownership (look-alike),CLN,CLN-01-R04,CLM75301388,provider,PRV0070,excluded: known structural change
CLN level jump coinciding with a declared change of ownership (look-alike),CLN,CLN-01-R04,CLM75343260,provider,PRV0070,excluded: known structural change
CLN level jump coinciding with a declared change of ownership (look-alike),CLN,CLN-01-R04,CLM75914285,provider,PRV0070,excluded: known structural change
CLN level jump coinciding with a declared change of ownership (look-alike),CLN,CLN-01-R04,CLM76074895,provider,PRV0070,excluded: known structural change
CLN level jump coinciding with a declared change of ownership (look-alike),CLN,CLN-01-R04,CLM76106883,provider,PRV0070,excluded: known structural change
CLN level jump coinciding with a declared change of ownership (look-alike),CLN,CLN-01-R04,CLM77223511,provider,PRV0070,excluded: known structural change
CLN level jump coinciding with a declared change of ownership (look-alike),CLN,CLN-01-R04,CLM77417170,provider,PRV0070,excluded: known structural change
CLN level jump coinciding with a declared change of ownership (look-alike),CLN,CLN-01-R04,CLM77786135,provider,PRV0070,excluded: known structural change
CLN level jump coinciding with a declared change of ownership (look-alike),CLN,CLN-01-R04,CLM79675806,provider,PRV0070,excluded: known structural change
CLN level jump coinciding with a declared change of ownership (look-alike),CLN,CLN-01-R04,CLM79865216,provider,PRV0070,excluded: known structural change
CLN level jump coinciding with a declared change of ownership (look-alike),CLN,CLN-01-R04,CLM80317885,provider,PRV0070,excluded: known structural change
CLN level jump coinciding with a declared change of ownership (look-alike),CLN,CLN-01-R04,CLM80755588,provider,PRV0070,excluded: known structural change
CLN level jump coinciding with a declared change of ownership (look-alike),CLN,CLN-01-R04,CLM81397676,provider,PRV0070,excluded: known structural change
CLN level jump coinciding with a declared change of ownership (look-alike),CLN,CLN-01-R04,CLM81777944,provider,PRV0070,excluded: known structural change
CLN level jump coinciding with a declared change of ownership (look-alike),CLN,CLN-01-R04,CLM82309124,provider,PRV0070,excluded: known structural change
CLN level jump coinciding with a declared change of ownership (look-alike),CLN,CLN-01-R04,CLM82418554,provider,PRV0070,excluded: known structural change
CLN level jump coinciding with a declared change of ownership (look-alike),CLN,CLN-01-R04,CLM82590043,provider,PRV0070,excluded: known structural change
CLN level jump coinciding with a declared change of ownership (look-alike),CLN,CLN-01-R04,CLM82683017,provider,PRV0070,excluded: known structural change
CLN level jump coinciding with a declared change of ownership (look-alike),CLN,CLN-01-R04,CLM83047739,provider,PRV0070,excluded: known structural change
CLN level jump coinciding with a declared change of ownership (look-alike),CLN,CLN-01-R04,CLM83421313,provider,PRV0070,excluded: known structural change
CLN level jump coinciding with a declared change of ownership (look-alike),CLN,CLN-01-R04,CLM83575840,provider,PRV0070,excluded: known structural change
CLN level jump coinciding with a declared change of ownership (look-alike),CLN,CLN-01-R04,CLM83655423,provider,PRV0070,excluded: known structural change
CLN level jump coinciding with a declared change of ownership (look-alike),CLN,CLN-01-R04,CLM83853667,provider,PRV0070,excluded: known structural change
CLN level jump coinciding with a declared change of ownership (look-alike),CLN,CLN-01-R04,CLM84275618,provider,PRV0070,excluded: known structural change
CLN level jump coinciding with a declared change of ownership (look-alike),CLN,CLN-01-R04,CLM84293735,provider,PRV0070,excluded: known structural change
CLN level jump coinciding with a declared change of ownership (look-alike),CLN,CLN-01-R04,CLM84495347,provider,PRV0070,excluded: known structural change
CLN level jump coinciding with a declared change of ownership (look-alike),CLN,CLN-01-R04,CLM84597126,provider,PRV0070,excluded: known structural change
CLN level jump coinciding with a declared change of ownership (look-alike),CLN,CLN-01-R04,CLM84687874,provider,PRV0070,excluded: known structural change
CLN level jump coinciding with a declared change of ownership (look-alike),CLN,CLN-01-R04,CLM84898126,provider,PRV0070,excluded: known structural change
CLN level jump coinciding with a declared change of ownership (look-alike),CLN,CLN-01-R04,CLM85114023,provider,PRV0070,excluded: known structural change
CLN level jump coinciding with a declared change of ownership (look-alike),CLN,CLN-01-R04,CLM85132517,provider,PRV0070,excluded: known structural change
CLN level jump coinciding with a declared change of ownership (look-alike),CLN,CLN-01-R04,CLM86383160,provider,PRV0070,excluded: known structural change
CLN level jump coinciding with a declared change of ownership (look-alike),CLN,CLN-01-R04,CLM86833786,provider,PRV0070,excluded: known structural change
CLN level jump coinciding with a declared change of ownership (look-alike),CLN,CLN-01-R04,CLM86866582,provider,PRV0070,excluded: known structural change
CLN level jump coinciding with a declared change of ownership (look-alike),CLN,CLN-01-R04,CLM86885988,provider,PRV0070,excluded: known structural change
CLN level jump coinciding with a declared change of ownership (look-alike),CLN,CLN-01-R04,CLM87103222,provider,PRV0070,excluded: known structural change
CLN level jump coinciding with a declared change of ownership (look-alike),CLN,CLN-01-R04,CLM87170609,provider,PRV0070,excluded: known structural change
CLN level jump coinciding with a declared change of ownership (look-alike),CLN,CLN-01-R04,CLM87489091,provider,PRV0070,excluded: known structural change
CLN level jump coinciding with a declared change of ownership (look-alike),CLN,CLN-01-R04,CLM87879671,provider,PRV0070,excluded: known structural change
CLN level jump coinciding with a declared change of ownership (look-alike),CLN,CLN-01-R04,CLM87955998,provider,PRV0070,excluded: known structural change
CLN level jump coinciding with a declared change of ownership (look-alike),CLN,CLN-01-R04,CLM88343873,provider,PRV0070,excluded: known structural change
CLN level jump coinciding with a declared change of ownership (look-alike),CLN,CLN-01-R04,CLM88587799,provider,PRV0070,excluded: known structural change
CLN level jump coinciding with a declared change of ownership (look-alike),CLN,CLN-01-R04,CLM88730262,provider,PRV0070,excluded: known structural change
CLN level jump coinciding with a declared change of ownership (look-alike),CLN,CLN-01-R04,CLM89348072,provider,PRV0070,excluded: known structural change
CLN level jump coinciding with a declared change of ownership (look-alike),CLN,CLN-01-R04,CLM89353506,provider,PRV0070,excluded: known structural change
CLN level jump coinciding with a declared change of ownership (look-alike),CLN,CLN-01-R04,CLM89460962,provider,PRV0070,excluded: known structural change
CLN level jump coinciding with a declared change of ownership (look-alike),CLN,CLN-01-R04,CLM89563825,provider,PRV0070,excluded: known structural change
CLN level jump coinciding with a declared change of ownership (look-alike),CLN,CLN-01-R04,CLM89884034,provider,PRV0070,excluded: known structural change
CLN level jump coinciding with a declared change of ownership (look-alike),CLN,CLN-01-R04,CLM89979979,provider,PRV0070,excluded: known structural change
CLN level jump coinciding with a declared change of ownership (look-alike),CLN,CLN-01-R04,CLM90683154,provider,PRV0070,excluded: known structural change
CLN level jump coinciding with a declared change of ownership (look-alike),CLN,CLN-01-R04,CLM91070805,provider,PRV0070,excluded: known structural change
CLN level jump coinciding with a declared change of ownership (look-alike),CLN,CLN-01-R04,CLM91353435,provider,PRV0070,excluded: known structural change
CLN level jump coinciding with a declared change of ownership (look-alike),CLN,CLN-01-R04,CLM91475582,provider,PRV0070,excluded: known structural change
CLN level jump coinciding with a declared change of ownership (look-alike),CLN,CLN-01-R04,CLM91846213,provider,PRV0070,excluded: known structural change
CLN level jump coinciding with a declared change of ownership (look-alike),CLN,CLN-01-R04,CLM92155250,provider,PRV0070,excluded: known structural change
CLN level jump coinciding with a declared change of ownership (look-alike),CLN,CLN-01-R04,CLM92664885,provider,PRV0070,excluded: known structural change
CLN level jump coinciding with a declared change of ownership (look-alike),CLN,CLN-01-R04,CLM92704210,provider,PRV0070,excluded: known structural change
CLN level jump coinciding with a declared change of ownership (look-alike),CLN,CLN-01-R04,CLM93042628,provider,PRV0070,excluded: known structural change
CLN level jump coinciding with a declared change of ownership (look-alike),CLN,CLN-01-R04,CLM93677995,provider,PRV0070,excluded: known structural change
CLN level jump coinciding with a declared change of ownership (look-alike),CLN,CLN-01-R04,CLM94115067,provider,PRV0070,excluded: known structural change
CLN level jump coinciding with a declared change of ownership (look-alike),CLN,CLN-01-R04,CLM94467618,provider,PRV0070,excluded: known structural change
CLN level jump coinciding with a declared change of ownership (look-alike),CLN,CLN-01-R04,CLM94736674,provider,PRV0070,excluded: known structural change
CLN level jump coinciding with a declared change of ownership (look-alike),CLN,CLN-01-R04,CLM94758033,provider,PRV0070,excluded: known structural change
CLN level jump coinciding with a declared change of ownership (look-alike),CLN,CLN-01-R04,CLM94918608,provider,PRV0070,excluded: known structural change
CLN level jump coinciding with a declared change of ownership (look-alike),CLN,CLN-01-R04,CLM95017396,provider,PRV0070,excluded: known structural change
CLN level jump coinciding with a declared change of ownership (look-alike),CLN,CLN-01-R04,CLM95021007,provider,PRV0070,excluded: known structural change
CLN level jump coinciding with a declared change of ownership (look-alike),CLN,CLN-01-R04,CLM95111555,provider,PRV0070,excluded: known structural change
CLN level jump coinciding with a declared change of ownership (look-alike),CLN,CLN-01-R04,CLM95191840,provider,PRV0070,excluded: known structural change
CLN level jump coinciding with a declared change of ownership (look-alike),CLN,CLN-01-R04,CLM95628635,provider,PRV0070,excluded: known structural change
CLN level jump coinciding with a declared change of ownership (look-alike),CLN,CLN-01-R04,CLM95749967,provider,PRV0070,excluded: known structural change
CLN level jump coinciding with a declared change of ownership (look-alike),CLN,CLN-01-R04,CLM95950567,provider,PRV0070,excluded: known structural change
CLN level jump coinciding with a declared change of ownership (look-alike),CLN,CLN-01-R04,CLM96250149,provider,PRV0070,excluded: known structural change
CLN level jump coinciding with a declared change of ownership (look-alike),CLN,CLN-01-R04,CLM96370896,provider,PRV0070,excluded: known structural change
CLN level jump coinciding with a declared change of ownership (look-alike),CLN,CLN-01-R04,CLM96468304,provider,PRV0070,excluded: known structural change
CLN level jump coinciding with a declared change of ownership (look-alike),CLN,CLN-01-R04,CLM96492096,provider,PRV0070,excluded: known structural change
CLN level jump coinciding with a declared change of ownership (look-alike),CLN,CLN-01-R04,CLM97787111,provider,PRV0070,excluded: known structural change
CLN level jump coinciding with a declared change of ownership (look-alike),CLN,CLN-01-R04,CLM97966272,provider,PRV0070,excluded: known structural change
CLN level jump coinciding with a declared change of ownership (look-alike),CLN,CLN-01-R04,CLM97969955,provider,PRV0070,excluded: known structural change
CLN level jump coinciding with a declared change of ownership (look-alike),CLN,CLN-01-R04,CLM98167186,provider,PRV0070,excluded: known structural change
CLN level jump coinciding with a declared change of ownership (look-alike),CLN,CLN-01-R04,CLM98208313,provider,PRV0070,excluded: known structural change
CLN level jump coinciding with a declared change of ownership (look-alike),CLN,CLN-01-R04,CLM98269265,provider,PRV0070,excluded: known structural change
CLN level jump coinciding with a declared change of ownership (look-alike),CLN,CLN-01-R04,CLM98274665,provider,PRV0070,excluded: known structural change
CLN level jump coinciding with a declared change of ownership (look-alike),CLN,CLN-01-R04,CLM99002022,provider,PRV0070,excluded: known structural change
CLN level jump coinciding with a declared change of ownership (look-alike),CLN,CLN-01-R04,CLM99163915,provider,PRV0070,excluded: known structural change
CLN level jump coinciding with a declared change of ownership (look-alike),CLN,CLN-01-R04,CLM99231309,provider,PRV0070,excluded: known structural change
CLN level jump coinciding with a declared change of ownership (look-alike),CLN,CLN-01-R04,CLM99282368,provider,PRV0070,excluded: known structural change
CLN level jump coinciding with a declared change of ownership (look-alike),CLN,CLN-01-R04,CLM99307898,provider,PRV0070,excluded: known structural change
CLN level jump coinciding with a declared change of ownership (look-alike),CLN,CLN-01-R04,CLM99451116,provider,PRV0070,excluded: known structural change
CLN level jump coinciding with a declared change of ownership (look-alike),CLN,CLN-01-R04,CLM99656013,provider,PRV0070,excluded: known structural change
CLN hospital records (and documents) complication codes on most stays,CLN,CLN-02-R02,CLM13352954,provider,PRV0010,
CLN hospital records (and documents) complication codes on most stays,CLN,CLN-02-R02,CLM14951547,provider,PRV0010,
CLN hospital records (and documents) complication codes on most stays,CLN,CLN-02-R02,CLM15556136,provider,PRV0010,
CLN hospital records (and documents) complication codes on most stays,CLN,CLN-02-R02,CLM19085482,provider,PRV0010,
CLN hospital records (and documents) complication codes on most stays,CLN,CLN-02-R02,CLM19306695,provider,PRV0010,
CLN hospital records (and documents) complication codes on most stays,CLN,CLN-02-R02,CLM21574558,provider,PRV0010,
CLN hospital records (and documents) complication codes on most stays,CLN,CLN-02-R02,CLM21999365,provider,PRV0010,
CLN hospital records (and documents) complication codes on most stays,CLN,CLN-02-R02,CLM23921750,provider,PRV0010,
CLN hospital records (and documents) complication codes on most stays,CLN,CLN-02-R02,CLM24044881,provider,PRV0010,
CLN hospital records (and documents) complication codes on most stays,CLN,CLN-02-R02,CLM24559867,provider,PRV0010,
CLN hospital records (and documents) complication codes on most stays,CLN,CLN-02-R02,CLM24960045,provider,PRV0010,
CLN hospital records (and documents) complication codes on most stays,CLN,CLN-02-R02,CLM25064343,provider,PRV0010,
CLN hospital records (and documents) complication codes on most stays,CLN,CLN-02-R02,CLM26200048,provider,PRV0010,
CLN hospital records (and documents) complication codes on most stays,CLN,CLN-02-R02,CLM27399382,provider,PRV0010,
CLN hospital records (and documents) complication codes on most stays,CLN,CLN-02-R02,CLM27544243,provider,PRV0010,
CLN hospital records (and documents) complication codes on most stays,CLN,CLN-02-R02,CLM29351225,provider,PRV0010,
CLN hospital records (and documents) complication codes on most stays,CLN,CLN-02-R02,CLM29991563,provider,PRV0010,
CLN hospital records (and documents) complication codes on most stays,CLN,CLN-02-R02,CLM30907663,provider,PRV0010,
CLN hospital records (and documents) complication codes on most stays,CLN,CLN-02-R02,CLM31549619,provider,PRV0010,
CLN hospital records (and documents) complication codes on most stays,CLN,CLN-02-R02,CLM33299011,provider,PRV0010,
CLN hospital records (and documents) complication codes on most stays,CLN,CLN-02-R02,CLM33320504,provider,PRV0010,
CLN hospital records (and documents) complication codes on most stays,CLN,CLN-02-R02,CLM34815893,provider,PRV0010,
CLN hospital records (and documents) complication codes on most stays,CLN,CLN-02-R02,CLM35683687,provider,PRV0010,
CLN hospital records (and documents) complication codes on most stays,CLN,CLN-02-R02,CLM36744733,provider,PRV0010,
CLN hospital records (and documents) complication codes on most stays,CLN,CLN-02-R02,CLM36935014,provider,PRV0010,
CLN hospital records (and documents) complication codes on most stays,CLN,CLN-02-R02,CLM37520405,provider,PRV0010,
CLN hospital records (and documents) complication codes on most stays,CLN,CLN-02-R02,CLM38125885,provider,PRV0010,
CLN hospital records (and documents) complication codes on most stays,CLN,CLN-02-R02,CLM38161614,provider,PRV0010,
CLN hospital records (and documents) complication codes on most stays,CLN,CLN-02-R02,CLM38223976,provider,PRV0010,
CLN hospital records (and documents) complication codes on most stays,CLN,CLN-02-R02,CLM39536832,provider,PRV0010,
CLN hospital records (and documents) complication codes on most stays,CLN,CLN-02-R02,CLM40860235,provider,PRV0010,
CLN hospital records (and documents) complication codes on most stays,CLN,CLN-02-R02,CLM42358317,provider,PRV0010,
CLN hospital records (and documents) complication codes on most stays,CLN,CLN-02-R02,CLM43414173,provider,PRV0010,
CLN hospital records (and documents) complication codes on most stays,CLN,CLN-02-R02,CLM43926827,provider,PRV0010,
CLN hospital records (and documents) complication codes on most stays,CLN,CLN-02-R02,CLM44200397,provider,PRV0010,
CLN hospital records (and documents) complication codes on most stays,CLN,CLN-02-R02,CLM45610325,provider,PRV0010,
CLN hospital records (and documents) complication codes on most stays,CLN,CLN-02-R02,CLM45629847,provider,PRV0010,
CLN hospital records (and documents) complication codes on most stays,CLN,CLN-02-R02,CLM47267939,provider,PRV0010,
CLN hospital records (and documents) complication codes on most stays,CLN,CLN-02-R02,CLM47374947,provider,PRV0010,
CLN hospital records (and documents) complication codes on most stays,CLN,CLN-02-R02,CLM48644959,provider,PRV0010,
CLN hospital records (and documents) complication codes on most stays,CLN,CLN-02-R02,CLM50285153,provider,PRV0010,
CLN hospital records (and documents) complication codes on most stays,CLN,CLN-02-R02,CLM51070681,provider,PRV0010,
CLN hospital records (and documents) complication codes on most stays,CLN,CLN-02-R02,CLM51402056,provider,PRV0010,
CLN hospital records (and documents) complication codes on most stays,CLN,CLN-02-R02,CLM54942680,provider,PRV0010,
CLN hospital records (and documents) complication codes on most stays,CLN,CLN-02-R02,CLM55199086,provider,PRV0010,
CLN hospital records (and documents) complication codes on most stays,CLN,CLN-02-R02,CLM55776303,provider,PRV0010,
CLN hospital records (and documents) complication codes on most stays,CLN,CLN-02-R02,CLM56793827,provider,PRV0010,
CLN hospital records (and documents) complication codes on most stays,CLN,CLN-02-R02,CLM57020398,provider,PRV0010,
CLN hospital records (and documents) complication codes on most stays,CLN,CLN-02-R02,CLM58819769,provider,PRV0010,
CLN hospital records (and documents) complication codes on most stays,CLN,CLN-02-R02,CLM60181242,provider,PRV0010,
CLN hospital records (and documents) complication codes on most stays,CLN,CLN-02-R02,CLM60418012,provider,PRV0010,
CLN hospital records (and documents) complication codes on most stays,CLN,CLN-02-R02,CLM62057596,provider,PRV0010,
CLN hospital records (and documents) complication codes on most stays,CLN,CLN-02-R02,CLM62107323,provider,PRV0010,
CLN hospital records (and documents) complication codes on most stays,CLN,CLN-02-R02,CLM63107332,provider,PRV0010,
CLN hospital records (and documents) complication codes on most stays,CLN,CLN-02-R02,CLM63325878,provider,PRV0010,
CLN hospital records (and documents) complication codes on most stays,CLN,CLN-02-R02,CLM64715732,provider,PRV0010,
CLN hospital records (and documents) complication codes on most stays,CLN,CLN-02-R02,CLM65070775,provider,PRV0010,
CLN hospital records (and documents) complication codes on most stays,CLN,CLN-02-R02,CLM66373665,provider,PRV0010,
CLN hospital records (and documents) complication codes on most stays,CLN,CLN-02-R02,CLM66664061,provider,PRV0010,
CLN hospital records (and documents) complication codes on most stays,CLN,CLN-02-R02,CLM67168499,provider,PRV0010,
CLN hospital records (and documents) complication codes on most stays,CLN,CLN-02-R02,CLM75060740,provider,PRV0010,
CLN hospital records (and documents) complication codes on most stays,CLN,CLN-02-R02,CLM76508555,provider,PRV0010,
CLN hospital records (and documents) complication codes on most stays,CLN,CLN-02-R02,CLM78064563,provider,PRV0010,
CLN hospital records (and documents) complication codes on most stays,CLN,CLN-02-R02,CLM78812167,provider,PRV0010,
CLN hospital records (and documents) complication codes on most stays,CLN,CLN-02-R02,CLM79972434,provider,PRV0010,
CLN hospital records (and documents) complication codes on most stays,CLN,CLN-02-R02,CLM80195409,provider,PRV0010,
CLN hospital records (and documents) complication codes on most stays,CLN,CLN-02-R02,CLM80242368,provider,PRV0010,
CLN hospital records (and documents) complication codes on most stays,CLN,CLN-02-R02,CLM80961106,provider,PRV0010,
CLN hospital records (and documents) complication codes on most stays,CLN,CLN-02-R02,CLM81996492,provider,PRV0010,
CLN hospital records (and documents) complication codes on most stays,CLN,CLN-02-R02,CLM84612784,provider,PRV0010,
CLN hospital records (and documents) complication codes on most stays,CLN,CLN-02-R02,CLM86166327,provider,PRV0010,
CLN hospital records (and documents) complication codes on most stays,CLN,CLN-02-R02,CLM86585144,provider,PRV0010,
CLN hospital records (and documents) complication codes on most stays,CLN,CLN-02-R02,CLM87240381,provider,PRV0010,
CLN hospital records (and documents) complication codes on most stays,CLN,CLN-02-R02,CLM89074583,provider,PRV0010,
CLN hospital records (and documents) complication codes on most stays,CLN,CLN-02-R02,CLM89349028,provider,PRV0010,
CLN hospital records (and documents) complication codes on most stays,CLN,CLN-02-R02,CLM91840725,provider,PRV0010,
CLN hospital records (and documents) complication codes on most stays,CLN,CLN-02-R02,CLM91960404,provider,PRV0010,
CLN hospital records (and documents) complication codes on most stays,CLN,CLN-02-R02,CLM94673014,provider,PRV0010,
CLN hospital records (and documents) complication codes on most stays,CLN,CLN-02-R02,CLM95687830,provider,PRV0010,
CLN hospital records (and documents) complication codes on most stays,CLN,CLN-02-R02,CLM96680666,provider,PRV0010,
CLN hospital records (and documents) complication codes on most stays,CLN,CLN-02-R02,CLM97132529,provider,PRV0010,
CLN hospital records (and documents) complication codes on most stays,CLN,CLN-02-R02,CLM97633270,provider,PRV0010,
CLN hospital records (and documents) complication codes on most stays,CLN,CLN-02-R02,CLM98024008,provider,PRV0010,
CLN hospital records (and documents) complication codes on most stays,CLN,CLN-02-R02,CLM98269690,provider,PRV0010,
CLN hospital records (and documents) complication codes on most stays,CLN,CLN-02-R02,CLM99033029,provider,PRV0010,
CLN hospital records (and documents) complication codes on most stays,CLN,CLN-02-R02,CLM99820293,provider,PRV0010,
CLN hospital severity index jumps from May 2025 with unchanged stays,CLN,CLN-02-R05;CLN-02-R02,CLM10400442,provider,PRV0015,
CLN hospital severity index jumps from May 2025 with unchanged stays,CLN,CLN-02-R05;CLN-02-R02,CLM11002224,provider,PRV0015,
CLN hospital severity index jumps from May 2025 with unchanged stays,CLN,CLN-02-R05;CLN-02-R02,CLM12805391,provider,PRV0015,
CLN hospital severity index jumps from May 2025 with unchanged stays,CLN,CLN-02-R05;CLN-02-R02,CLM13346686,provider,PRV0015,
CLN hospital severity index jumps from May 2025 with unchanged stays,CLN,CLN-02-R05;CLN-02-R02,CLM14261117,provider,PRV0015,
CLN hospital severity index jumps from May 2025 with unchanged stays,CLN,CLN-02-R05;CLN-02-R02,CLM15186288,provider,PRV0015,
CLN hospital severity index jumps from May 2025 with unchanged stays,CLN,CLN-02-R05;CLN-02-R02,CLM15806451,provider,PRV0015,
CLN hospital severity index jumps from May 2025 with unchanged stays,CLN,CLN-02-R05;CLN-02-R02,CLM16122390,provider,PRV0015,
CLN hospital severity index jumps from May 2025 with unchanged stays,CLN,CLN-02-R05;CLN-02-R02,CLM17324635,provider,PRV0015,
CLN hospital severity index jumps from May 2025 with unchanged stays,CLN,CLN-02-R05;CLN-02-R02,CLM20978629,provider,PRV0015,
CLN hospital severity index jumps from May 2025 with unchanged stays,CLN,CLN-02-R05;CLN-02-R02,CLM22057320,provider,PRV0015,
CLN hospital severity index jumps from May 2025 with unchanged stays,CLN,CLN-02-R05;CLN-02-R02,CLM23051644,provider,PRV0015,
CLN hospital severity index jumps from May 2025 with unchanged stays,CLN,CLN-02-R05;CLN-02-R02,CLM25676452,provider,PRV0015,
CLN hospital severity index jumps from May 2025 with unchanged stays,CLN,CLN-02-R05;CLN-02-R02,CLM25900810,provider,PRV0015,
CLN hospital severity index jumps from May 2025 with unchanged stays,CLN,CLN-02-R05;CLN-02-R02,CLM26499745,provider,PRV0015,
CLN hospital severity index jumps from May 2025 with unchanged stays,CLN,CLN-02-R05;CLN-02-R02,CLM26984704,provider,PRV0015,
CLN hospital severity index jumps from May 2025 with unchanged stays,CLN,CLN-02-R05;CLN-02-R02,CLM32070558,provider,PRV0015,
CLN hospital severity index jumps from May 2025 with unchanged stays,CLN,CLN-02-R05;CLN-02-R02,CLM32403383,provider,PRV0015,
CLN hospital severity index jumps from May 2025 with unchanged stays,CLN,CLN-02-R05;CLN-02-R02,CLM33036224,provider,PRV0015,
CLN hospital severity index jumps from May 2025 with unchanged stays,CLN,CLN-02-R05;CLN-02-R02,CLM34985842,provider,PRV0015,
CLN hospital severity index jumps from May 2025 with unchanged stays,CLN,CLN-02-R05;CLN-02-R02,CLM35514345,provider,PRV0015,
CLN hospital severity index jumps from May 2025 with unchanged stays,CLN,CLN-02-R05;CLN-02-R02,CLM36331794,provider,PRV0015,
CLN hospital severity index jumps from May 2025 with unchanged stays,CLN,CLN-02-R05;CLN-02-R02,CLM39970698,provider,PRV0015,
CLN hospital severity index jumps from May 2025 with unchanged stays,CLN,CLN-02-R05;CLN-02-R02,CLM41422700,provider,PRV0015,
CLN hospital severity index jumps from May 2025 with unchanged stays,CLN,CLN-02-R05;CLN-02-R02,CLM46176887,provider,PRV0015,
CLN hospital severity index jumps from May 2025 with unchanged stays,CLN,CLN-02-R05;CLN-02-R02,CLM46467366,provider,PRV0015,
CLN hospital severity index jumps from May 2025 with unchanged stays,CLN,CLN-02-R05;CLN-02-R02,CLM46580319,provider,PRV0015,
CLN hospital severity index jumps from May 2025 with unchanged stays,CLN,CLN-02-R05;CLN-02-R02,CLM47680140,provider,PRV0015,
CLN hospital severity index jumps from May 2025 with unchanged stays,CLN,CLN-02-R05;CLN-02-R02,CLM49497480,provider,PRV0015,
CLN hospital severity index jumps from May 2025 with unchanged stays,CLN,CLN-02-R05;CLN-02-R02,CLM49730127,provider,PRV0015,
CLN hospital severity index jumps from May 2025 with unchanged stays,CLN,CLN-02-R05;CLN-02-R02,CLM51940983,provider,PRV0015,
CLN hospital severity index jumps from May 2025 with unchanged stays,CLN,CLN-02-R05;CLN-02-R02,CLM57115830,provider,PRV0015,
CLN hospital severity index jumps from May 2025 with unchanged stays,CLN,CLN-02-R05;CLN-02-R02,CLM58913940,provider,PRV0015,
CLN hospital severity index jumps from May 2025 with unchanged stays,CLN,CLN-02-R05;CLN-02-R02,CLM61461067,provider,PRV0015,
CLN hospital severity index jumps from May 2025 with unchanged stays,CLN,CLN-02-R05;CLN-02-R02,CLM61493979,provider,PRV0015,
CLN hospital severity index jumps from May 2025 with unchanged stays,CLN,CLN-02-R05;CLN-02-R02,CLM62215732,provider,PRV0015,
CLN hospital severity index jumps from May 2025 with unchanged stays,CLN,CLN-02-R05;CLN-02-R02,CLM63068249,provider,PRV0015,
CLN hospital severity index jumps from May 2025 with unchanged stays,CLN,CLN-02-R05;CLN-02-R02,CLM63903910,provider,PRV0015,
CLN hospital severity index jumps from May 2025 with unchanged stays,CLN,CLN-02-R05;CLN-02-R02,CLM67240454,provider,PRV0015,
CLN hospital severity index jumps from May 2025 with unchanged stays,CLN,CLN-02-R05;CLN-02-R02,CLM68545498,provider,PRV0015,
CLN hospital severity index jumps from May 2025 with unchanged stays,CLN,CLN-02-R05;CLN-02-R02,CLM72330510,provider,PRV0015,
CLN hospital severity index jumps from May 2025 with unchanged stays,CLN,CLN-02-R05;CLN-02-R02,CLM72997980,provider,PRV0015,
CLN hospital severity index jumps from May 2025 with unchanged stays,CLN,CLN-02-R05;CLN-02-R02,CLM74738336,provider,PRV0015,
CLN hospital severity index jumps from May 2025 with unchanged stays,CLN,CLN-02-R05;CLN-02-R02,CLM76008846,provider,PRV0015,
CLN hospital severity index jumps from May 2025 with unchanged stays,CLN,CLN-02-R05;CLN-02-R02,CLM77464245,provider,PRV0015,
CLN hospital severity index jumps from May 2025 with unchanged stays,CLN,CLN-02-R05;CLN-02-R02,CLM78163591,provider,PRV0015,
CLN hospital severity index jumps from May 2025 with unchanged stays,CLN,CLN-02-R05;CLN-02-R02,CLM79215862,provider,PRV0015,
CLN hospital severity index jumps from May 2025 with unchanged stays,CLN,CLN-02-R05;CLN-02-R02,CLM82537650,provider,PRV0015,
CLN hospital severity index jumps from May 2025 with unchanged stays,CLN,CLN-02-R05;CLN-02-R02,CLM85223153,provider,PRV0015,
CLN hospital severity index jumps from May 2025 with unchanged stays,CLN,CLN-02-R05;CLN-02-R02,CLM89637354,provider,PRV0015,
CLN hospital severity index jumps from May 2025 with unchanged stays,CLN,CLN-02-R05;CLN-02-R02,CLM90183707,provider,PRV0015,
CLN hospital severity index jumps from May 2025 with unchanged stays,CLN,CLN-02-R05;CLN-02-R02,CLM91034620,provider,PRV0015,
CLN hospital severity index jumps from May 2025 with unchanged stays,CLN,CLN-02-R05;CLN-02-R02,CLM93306410,provider,PRV0015,
CLN hospital severity index jumps from May 2025 with unchanged stays,CLN,CLN-02-R05;CLN-02-R02,CLM96723335,provider,PRV0015,
CLN hospital severity index jumps from May 2025 with unchanged stays,CLN,CLN-02-R05;CLN-02-R02,CLM98305045,provider,PRV0015,
CLN hospital severity index jumps from May 2025 with unchanged stays,CLN,CLN-02-R05;CLN-02-R02,CLM99582890,provider,PRV0015,
CLN main diagnosis marked not present on admission,CLN,CLN-02-R04,CLM97897343,claim,CLM97897343;CLM32919890;CLM58366777;CLM45270802;CLM41400915;CLM94258567;CLM99370925;CLM12706844,
CLN main diagnosis marked not present on admission,CLN,CLN-02-R04,CLM32919890,claim,CLM97897343;CLM32919890;CLM58366777;CLM45270802;CLM41400915;CLM94258567;CLM99370925;CLM12706844,
CLN main diagnosis marked not present on admission,CLN,CLN-02-R04,CLM58366777,claim,CLM97897343;CLM32919890;CLM58366777;CLM45270802;CLM41400915;CLM94258567;CLM99370925;CLM12706844,
CLN main diagnosis marked not present on admission,CLN,CLN-02-R04,CLM45270802,claim,CLM97897343;CLM32919890;CLM58366777;CLM45270802;CLM41400915;CLM94258567;CLM99370925;CLM12706844,
CLN main diagnosis marked not present on admission,CLN,CLN-02-R04,CLM41400915,claim,CLM97897343;CLM32919890;CLM58366777;CLM45270802;CLM41400915;CLM94258567;CLM99370925;CLM12706844,
CLN main diagnosis marked not present on admission,CLN,CLN-02-R04,CLM94258567,claim,CLM97897343;CLM32919890;CLM58366777;CLM45270802;CLM41400915;CLM94258567;CLM99370925;CLM12706844,
CLN main diagnosis marked not present on admission,CLN,CLN-02-R04,CLM99370925,claim,CLM97897343;CLM32919890;CLM58366777;CLM45270802;CLM41400915;CLM94258567;CLM99370925;CLM12706844,
CLN main diagnosis marked not present on admission,CLN,CLN-02-R04,CLM12706844,claim,CLM97897343;CLM32919890;CLM58366777;CLM45270802;CLM41400915;CLM94258567;CLM99370925;CLM12706844,
CLN obstetric main diagnosis not present on admission (exempt look-alike),CLN,CLN-02-R04,CLM72788728,claim,CLM72788728;CLM49944625,excluded: obstetric coding rules
CLN obstetric main diagnosis not present on admission (exempt look-alike),CLN,CLN-02-R04,CLM49944625,claim,CLM72788728;CLM49944625,excluded: obstetric coding rules
CLN the same diagnosis code listed twice on a claim,CLN,CLN-02-R04,CLM98055296,claim,CLM98055296;CLM98244049;CLM73053431,
CLN the same diagnosis code listed twice on a claim,CLN,CLN-02-R04,CLM98244049,claim,CLM98055296;CLM98244049;CLM73053431,
CLN the same diagnosis code listed twice on a claim,CLN,CLN-02-R04,CLM73053431,claim,CLM98055296;CLM98244049;CLM73053431,
"CLN long-standing condition on one claim only, absent from a long history",CLN,CLN-02-R03,CLM84867514,claim,CLM84867514,
"CLN long-standing condition on one claim only, absent from a long history",CLN,CLN-02-R03,CLM81097875,claim,CLM81097875,
"CLN long-standing condition on one claim only, absent from a long history",CLN,CLN-02-R03,CLM30535258,claim,CLM30535258,
"CLN long-standing condition on one claim only, absent from a long history",CLN,CLN-02-R03,CLM87823183,claim,CLM87823183,
"CLN long-standing condition on one claim only, absent from a long history",CLN,CLN-02-R03,CLM61704162,claim,CLM61704162,
"CLN long-standing condition on one claim only, absent from a long history",CLN,CLN-02-R03,CLM94320197,claim,CLM94320197,
"CLN long-standing condition on one claim only, absent from a long history",CLN,CLN-02-R03,CLM92804685,claim,CLM92804685,
"CLN long-standing condition on one claim only, absent from a long history",CLN,CLN-02-R03,CLM80162246,claim,CLM80162246,
"CLN long-standing condition on one claim only, absent from a long history",CLN,CLN-02-R03,CLM77724814,claim,CLM77724814,
CLN imaging paid with no report or result on file,CLN,CLN-06-R01,CLM27173223,claim,CLM27173223;CLM58427329;CLM78157374;CLM66207751;CLM85915753;CLM54807778;CLM35013182;CLM23997861;CLM21059920;CLM74099165,
CLN imaging paid with no report or result on file,CLN,CLN-06-R01,CLM58427329,claim,CLM27173223;CLM58427329;CLM78157374;CLM66207751;CLM85915753;CLM54807778;CLM35013182;CLM23997861;CLM21059920;CLM74099165,
CLN imaging paid with no report or result on file,CLN,CLN-06-R01,CLM78157374,claim,CLM27173223;CLM58427329;CLM78157374;CLM66207751;CLM85915753;CLM54807778;CLM35013182;CLM23997861;CLM21059920;CLM74099165,
CLN imaging paid with no report or result on file,CLN,CLN-06-R01,CLM66207751,claim,CLM27173223;CLM58427329;CLM78157374;CLM66207751;CLM85915753;CLM54807778;CLM35013182;CLM23997861;CLM21059920;CLM74099165,
CLN imaging paid with no report or result on file,CLN,CLN-06-R01,CLM85915753,claim,CLM27173223;CLM58427329;CLM78157374;CLM66207751;CLM85915753;CLM54807778;CLM35013182;CLM23997861;CLM21059920;CLM74099165,
CLN imaging paid with no report or result on file,CLN,CLN-06-R01,CLM54807778,claim,CLM27173223;CLM58427329;CLM78157374;CLM66207751;CLM85915753;CLM54807778;CLM35013182;CLM23997861;CLM21059920;CLM74099165,
CLN imaging paid with no report or result on file,CLN,CLN-06-R01,CLM35013182,claim,CLM27173223;CLM58427329;CLM78157374;CLM66207751;CLM85915753;CLM54807778;CLM35013182;CLM23997861;CLM21059920;CLM74099165,
CLN imaging paid with no report or result on file,CLN,CLN-06-R01,CLM23997861,claim,CLM27173223;CLM58427329;CLM78157374;CLM66207751;CLM85915753;CLM54807778;CLM35013182;CLM23997861;CLM21059920;CLM74099165,
CLN imaging paid with no report or result on file,CLN,CLN-06-R01,CLM21059920,claim,CLM27173223;CLM58427329;CLM78157374;CLM66207751;CLM85915753;CLM54807778;CLM35013182;CLM23997861;CLM21059920;CLM74099165,
CLN imaging paid with no report or result on file,CLN,CLN-06-R01,CLM74099165,claim,CLM27173223;CLM58427329;CLM78157374;CLM66207751;CLM85915753;CLM54807778;CLM35013182;CLM23997861;CLM21059920;CLM74099165,
CLN member says the visit did not happen (verified app response),CLN,CLN-06-R04,CLM94452269,claim,CLM94452269;CLM87054564;CLM98471356;CLM75756827;CLM47590665;CLM75348278;CLM20932918;CLM89084034;CLM98413648;CLM68544900,
CLN member says the visit did not happen (verified app response),CLN,CLN-06-R04,CLM87054564,claim,CLM94452269;CLM87054564;CLM98471356;CLM75756827;CLM47590665;CLM75348278;CLM20932918;CLM89084034;CLM98413648;CLM68544900,
CLN member says the visit did not happen (verified app response),CLN,CLN-06-R04,CLM98471356,claim,CLM94452269;CLM87054564;CLM98471356;CLM75756827;CLM47590665;CLM75348278;CLM20932918;CLM89084034;CLM98413648;CLM68544900,
CLN member says the visit did not happen (verified app response),CLN,CLN-06-R04,CLM75756827,claim,CLM94452269;CLM87054564;CLM98471356;CLM75756827;CLM47590665;CLM75348278;CLM20932918;CLM89084034;CLM98413648;CLM68544900,
CLN member says the visit did not happen (verified app response),CLN,CLN-06-R04,CLM47590665,claim,CLM94452269;CLM87054564;CLM98471356;CLM75756827;CLM47590665;CLM75348278;CLM20932918;CLM89084034;CLM98413648;CLM68544900,
CLN member says the visit did not happen (verified app response),CLN,CLN-06-R04,CLM75348278,claim,CLM94452269;CLM87054564;CLM98471356;CLM75756827;CLM47590665;CLM75348278;CLM20932918;CLM89084034;CLM98413648;CLM68544900,
CLN member says the visit did not happen (verified app response),CLN,CLN-06-R04,CLM20932918,claim,CLM94452269;CLM87054564;CLM98471356;CLM75756827;CLM47590665;CLM75348278;CLM20932918;CLM89084034;CLM98413648;CLM68544900,
CLN member says the visit did not happen (verified app response),CLN,CLN-06-R04,CLM89084034,claim,CLM94452269;CLM87054564;CLM98471356;CLM75756827;CLM47590665;CLM75348278;CLM20932918;CLM89084034;CLM98413648;CLM68544900,
CLN member says the visit did not happen (verified app response),CLN,CLN-06-R04,CLM98413648,claim,CLM94452269;CLM87054564;CLM98471356;CLM75756827;CLM47590665;CLM75348278;CLM20932918;CLM89084034;CLM98413648;CLM68544900,
CLN member says the visit did not happen (verified app response),CLN,CLN-06-R04,CLM68544900,claim,CLM94452269;CLM87054564;CLM98471356;CLM75756827;CLM47590665;CLM75348278;CLM20932918;CLM89084034;CLM98413648;CLM68544900,
CLN denial through an unverified channel (look-alike),CLN,CLN-06-R04,CLM38969278,claim,CLM38969278;CLM45517568,excluded: authentication quality
CLN denial through an unverified channel (look-alike),CLN,CLN-06-R04,CLM45517568,claim,CLM38969278;CLM45517568,excluded: authentication quality
CLN denial given ten months after the visit (look-alike),CLN,CLN-06-R04,CLM13243158,claim,CLM13243158;CLM64885144,excluded: recall
CLN denial given ten months after the visit (look-alike),CLN,CLN-06-R04,CLM64885144,claim,CLM13243158;CLM64885144,excluded: recall
"CLN laboratory tests with no ordering clinician, or one on no roster",CLN,CLN-08-R01,CLM48550913,claim,CLM48550913;CLM20439888;CLM54607150;CLM46338428;CLM47989272;CLM65711448;CLM96655737;CLM93265733,
"CLN laboratory tests with no ordering clinician, or one on no roster",CLN,CLN-08-R01,CLM20439888,claim,CLM48550913;CLM20439888;CLM54607150;CLM46338428;CLM47989272;CLM65711448;CLM96655737;CLM93265733,
"CLN laboratory tests with no ordering clinician, or one on no roster",CLN,CLN-08-R01,CLM54607150,claim,CLM48550913;CLM20439888;CLM54607150;CLM46338428;CLM47989272;CLM65711448;CLM96655737;CLM93265733,
"CLN laboratory tests with no ordering clinician, or one on no roster",CLN,CLN-08-R01,CLM46338428,claim,CLM48550913;CLM20439888;CLM54607150;CLM46338428;CLM47989272;CLM65711448;CLM96655737;CLM93265733,
"CLN laboratory tests with no ordering clinician, or one on no roster",CLN,CLN-08-R01,CLM47989272,claim,CLM48550913;CLM20439888;CLM54607150;CLM46338428;CLM47989272;CLM65711448;CLM96655737;CLM93265733,
"CLN laboratory tests with no ordering clinician, or one on no roster",CLN,CLN-08-R01,CLM65711448,claim,CLM48550913;CLM20439888;CLM54607150;CLM46338428;CLM47989272;CLM65711448;CLM96655737;CLM93265733,
"CLN laboratory tests with no ordering clinician, or one on no roster",CLN,CLN-08-R01,CLM96655737,claim,CLM48550913;CLM20439888;CLM54607150;CLM46338428;CLM47989272;CLM65711448;CLM96655737;CLM93265733,
"CLN laboratory tests with no ordering clinician, or one on no roster",CLN,CLN-08-R01,CLM93265733,claim,CLM48550913;CLM20439888;CLM54607150;CLM46338428;CLM47989272;CLM65711448;CLM96655737;CLM93265733,
CLN screening-programme test without an individual order (look-alike),CLN,CLN-08-R01,CLM16984008,claim,CLM16984008;CLM23879038,excluded: screening programme
CLN screening-programme test without an individual order (look-alike),CLN,CLN-08-R01,CLM23879038,claim,CLM16984008;CLM23879038,excluded: screening programme
CLN laboratory tests paid with no result recorded,CLN,CLN-08-R03,CLM52481795,claim,CLM52481795;CLM50564579;CLM70053805;CLM14514447;CLM78061834;CLM67823627;CLM28820703;CLM10887689,
CLN laboratory tests paid with no result recorded,CLN,CLN-08-R03,CLM50564579,claim,CLM52481795;CLM50564579;CLM70053805;CLM14514447;CLM78061834;CLM67823627;CLM28820703;CLM10887689,
CLN laboratory tests paid with no result recorded,CLN,CLN-08-R03,CLM70053805,claim,CLM52481795;CLM50564579;CLM70053805;CLM14514447;CLM78061834;CLM67823627;CLM28820703;CLM10887689,
CLN laboratory tests paid with no result recorded,CLN,CLN-08-R03,CLM14514447,claim,CLM52481795;CLM50564579;CLM70053805;CLM14514447;CLM78061834;CLM67823627;CLM28820703;CLM10887689,
CLN laboratory tests paid with no result recorded,CLN,CLN-08-R03,CLM78061834,claim,CLM52481795;CLM50564579;CLM70053805;CLM14514447;CLM78061834;CLM67823627;CLM28820703;CLM10887689,
CLN laboratory tests paid with no result recorded,CLN,CLN-08-R03,CLM67823627,claim,CLM52481795;CLM50564579;CLM70053805;CLM14514447;CLM78061834;CLM67823627;CLM28820703;CLM10887689,
CLN laboratory tests paid with no result recorded,CLN,CLN-08-R03,CLM28820703,claim,CLM52481795;CLM50564579;CLM70053805;CLM14514447;CLM78061834;CLM67823627;CLM28820703;CLM10887689,
CLN laboratory tests paid with no result recorded,CLN,CLN-08-R03,CLM10887689,claim,CLM52481795;CLM50564579;CLM70053805;CLM14514447;CLM78061834;CLM67823627;CLM28820703;CLM10887689,
CLN identical multi-value results reported for unrelated patients,CLN,CLN-08-R03,CLM99287324,provider,PRV0204,
CLN identical multi-value results reported for unrelated patients,CLN,CLN-08-R03,CLM30450869,provider,PRV0204,
CLN identical multi-value results reported for unrelated patients,CLN,CLN-08-R03,CLM84251859,provider,PRV0204,
CLN identical multi-value results reported for unrelated patients,CLN,CLN-08-R03,CLM65226594,provider,PRV0201,
CLN identical multi-value results reported for unrelated patients,CLN,CLN-08-R03,CLM70402321,provider,PRV0201,
CLN identical multi-value results reported for unrelated patients,CLN,CLN-08-R03,CLM90000716,provider,PRV0201,
CLN complication code lifts the case rate but is not in the discharge summary,CLN,CLN-02-R01,CLM72263543,claim,CLM72263543,
CLN complication code lifts the case rate but is not in the discharge summary,CLN,CLN-02-R01,CLM21878442,claim,CLM21878442,
CLN complication code lifts the case rate but is not in the discharge summary,CLN,CLN-02-R01,CLM62920764,claim,CLM62920764,
CLN complication code lifts the case rate but is not in the discharge summary,CLN,CLN-02-R01,CLM23195353,claim,CLM23195353,
CLN complication code lifts the case rate but is not in the discharge summary,CLN,CLN-02-R01,CLM23648525,claim,CLM23648525,
CLN complication code lifts the case rate but is not in the discharge summary,CLN,CLN-02-R01,CLM54447984,claim,CLM54447984,
CLN complication code lifts the case rate but is not in the discharge summary,CLN,CLN-02-R01,CLM46258353,claim,CLM46258353,
CLN complication code lifts the case rate but is not in the discharge summary,CLN,CLN-02-R01,CLM13508088,claim,CLM13508088,
CLN complication code lifts the case rate but is not in the discharge summary,CLN,CLN-02-R01,CLM39187670,claim,CLM39187670,
CLN complication code lifts the case rate but is not in the discharge summary,CLN,CLN-02-R01,CLM52589254,claim,CLM52589254,
CLN complication code lifts the case rate but is not in the discharge summary,CLN,CLN-02-R01,CLM70915733,claim,CLM70915733,
CLN complication code lifts the case rate but is not in the discharge summary,CLN,CLN-02-R01,CLM41348917,claim,CLM41348917,
CLN complication code lifts the case rate but is not in the discharge summary,CLN,CLN-02-R01,CLM19688811,claim,CLM19688811,
CLN complication code that the discharge summary records (look-alike),CLN,CLN-02-R01,CLM90328181,claim,CLM90328181,supported by the documentation
CLN complication code that the discharge summary records (look-alike),CLN,CLN-02-R01,CLM27478506,claim,CLM27478506,supported by the documentation
CLN complication code that the discharge summary records (look-alike),CLN,CLN-02-R01,CLM55470962,claim,CLM55470962,supported by the documentation
CLN ECG billed for an upper respiratory infection with no cardiac reason,CLN,CLN-03-R02,CLM45645225,claim,CLM45645225,
CLN ECG billed for an upper respiratory infection with no cardiac reason,CLN,CLN-03-R02,CLM43963262,claim,CLM43963262,
CLN ECG billed for an upper respiratory infection with no cardiac reason,CLN,CLN-03-R02,CLM37679386,claim,CLM37679386,
CLN ECG billed for an upper respiratory infection with no cardiac reason,CLN,CLN-03-R02,CLM42379179,claim,CLM42379179,
CLN ECG billed for an upper respiratory infection with no cardiac reason,CLN,CLN-03-R02,CLM63944291,claim,CLM63944291,
CLN ECG billed for an upper respiratory infection with no cardiac reason,CLN,CLN-03-R02,CLM67907103,claim,CLM67907103,
CLN ECG billed for an upper respiratory infection with no cardiac reason,CLN,CLN-03-R02,CLM89362733,claim,CLM89362733,
CLN ECG billed for an upper respiratory infection with no cardiac reason,CLN,CLN-03-R02,CLM32945019,claim,CLM32945019,
CLN ECG billed for an upper respiratory infection with no cardiac reason,CLN,CLN-03-R02,CLM31033904,claim,CLM31033904,
CLN ECG billed for an upper respiratory infection with no cardiac reason,CLN,CLN-03-R02,CLM91568143,claim,CLM91568143,
CLN ECG billed for an upper respiratory infection with no cardiac reason,CLN,CLN-03-R02,CLM94516119,claim,CLM94516119,
CLN ECG billed for an upper respiratory infection with no cardiac reason,CLN,CLN-03-R02,CLM14272849,claim,CLM14272849,
CLN ECG billed for chest pain (look-alike),CLN,CLN-03-R02,CLM77437967,claim,CLM77437967,
CLN ECG billed for chest pain (look-alike),CLN,CLN-03-R02,CLM81423856,claim,CLM81423856,
CLN knee MRI with no knee X-ray first,CLN,CLN-03-R03,CLM11903450,claim,CLM11903450,
CLN knee MRI with no knee X-ray first,CLN,CLN-03-R03,CLM60833161,claim,CLM60833161,
CLN knee MRI with no knee X-ray first,CLN,CLN-03-R03,CLM77649539,claim,CLM77649539,
CLN knee MRI with no knee X-ray first,CLN,CLN-03-R03,CLM83527934,claim,CLM83527934,
CLN knee MRI with no knee X-ray first,CLN,CLN-03-R03,CLM41177318,claim,CLM41177318,
CLN knee MRI with no knee X-ray first,CLN,CLN-03-R03,CLM25265422,claim,CLM25265422,
CLN knee MRI with no knee X-ray first,CLN,CLN-03-R03,CLM50578748,claim,CLM50578748,
CLN knee MRI with no knee X-ray first,CLN,CLN-03-R03,CLM61411291,claim,CLM61411291,
CLN knee MRI with no knee X-ray first,CLN,CLN-03-R03,CLM14137498,claim,CLM14137498,
CLN knee MRI for a patient referred in from elsewhere (look-alike),CLN,CLN-03-R03,CLM61291823,claim,CLM61291823,excluded: work-up may have been done externally
CLN knee MRI for a patient referred in from elsewhere (look-alike),CLN,CLN-03-R03,CLM76605209,claim,CLM76605209,excluded: work-up may have been done externally
CLN knee MRI for a patient referred in from elsewhere (look-alike),CLN,CLN-03-R03,CLM96350412,claim,CLM96350412,excluded: work-up may have been done externally
CLN a general practice billing electroencephalograms,CLN,CLN-03-R04,CLM84146560,provider,PRV0098,
CLN a general practice billing electroencephalograms,CLN,CLN-03-R04,CLM75982861,provider,PRV0098,
CLN a general practice billing electroencephalograms,CLN,CLN-03-R04,CLM55999087,provider,PRV0098,
CLN a general practice billing electroencephalograms,CLN,CLN-03-R04,CLM14281589,provider,PRV0098,
CLN a general practice billing electroencephalograms,CLN,CLN-03-R04,CLM26143712,provider,PRV0098,
CLN a general practice billing electroencephalograms,CLN,CLN-03-R04,CLM52129977,provider,PRV0098,
CLN a general practice billing electroencephalograms,CLN,CLN-03-R04,CLM70378833,provider,PRV0098,
CLN a general practice billing electroencephalograms,CLN,CLN-03-R04,CLM87122211,provider,PRV0098,
CLN a general practice billing electroencephalograms,CLN,CLN-03-R04,CLM96457895,provider,PRV0098,
CLN a general practice billing electroencephalograms,CLN,CLN-03-R04,CLM18751766,provider,PRV0098,
CLN a general practice billing electroencephalograms,CLN,CLN-03-R04,CLM72639494,provider,PRV0098,
CLN a general practice billing electroencephalograms,CLN,CLN-03-R04,CLM48706041,provider,PRV0098,
CLN a general practice billing electroencephalograms,CLN,CLN-03-R04,CLM46716058,provider,PRV0098,
CLN a general practice billing electroencephalograms,CLN,CLN-03-R04,CLM92515581,provider,PRV0098,
CLN a general practice billing electroencephalograms,CLN,CLN-03-R04,CLM86273247,provider,PRV0098,
CLN a general practice billing electroencephalograms,CLN,CLN-03-R04,CLM61751510,provider,PRV0098,
CLN a general practice billing electroencephalograms,CLN,CLN-03-R04,CLM59006691,provider,PRV0098,
CLN a general practice billing electroencephalograms,CLN,CLN-03-R04,CLM79352785,provider,PRV0098,
CLN a general practice billing electroencephalograms,CLN,CLN-03-R04,CLM35819531,provider,PRV0098,
CLN a general practice billing electroencephalograms,CLN,CLN-03-R04,CLM59688021,provider,PRV0098,
CLN a general practice billing electroencephalograms,CLN,CLN-03-R04,CLM11161025,provider,PRV0098,
CLN a general practice billing electroencephalograms,CLN,CLN-03-R04,CLM99593023,provider,PRV0098,
CLN a general practice billing electroencephalograms,CLN,CLN-03-R04,CLM76633219,provider,PRV0098,
CLN a general practice billing electroencephalograms,CLN,CLN-03-R04,CLM17167486,provider,PRV0098,
CLN a general practice billing electroencephalograms,CLN,CLN-03-R04,CLM27327635,provider,PRV0098,
CLN a general practice billing electroencephalograms,CLN,CLN-03-R04,CLM43664918,provider,PRV0098,
CLN a general practice billing electroencephalograms,CLN,CLN-03-R04,CLM16200761,provider,PRV0098,
CLN a general practice billing electroencephalograms,CLN,CLN-03-R04,CLM80750070,provider,PRV0098,
CLN a general practice billing electroencephalograms,CLN,CLN-03-R04,CLM10038058,provider,PRV0098,
CLN a general practice billing electroencephalograms,CLN,CLN-03-R04,CLM90938924,provider,PRV0098,
CLN a general practice billing electroencephalograms,CLN,CLN-03-R04,CLM75835960,provider,PRV0098,
CLN a general practice billing electroencephalograms,CLN,CLN-03-R04,CLM23967423,provider,PRV0098,
CLN a general practice billing electroencephalograms,CLN,CLN-03-R04,CLM83896461,provider,PRV0098,
CLN a general practice billing electroencephalograms,CLN,CLN-03-R04,CLM63269297,provider,PRV0098,
CLN a general practice billing electroencephalograms,CLN,CLN-03-R04,CLM68189198,provider,PRV0098,
CLN a general practice billing electroencephalograms,CLN,CLN-03-R04,CLM89983338,provider,PRV0098,
CLN a general practice billing electroencephalograms,CLN,CLN-03-R04,CLM15834548,provider,PRV0098,
CLN a general practice billing electroencephalograms,CLN,CLN-03-R04,CLM88506773,provider,PRV0098,
CLN a general practice billing electroencephalograms,CLN,CLN-03-R04,CLM67425471,provider,PRV0098,
CLN a general practice billing electroencephalograms,CLN,CLN-03-R04,CLM52400299,provider,PRV0098,
CLN a general practice billing electroencephalograms,CLN,CLN-03-R04,CLM16144961,provider,PRV0098,
CLN a general practice billing electroencephalograms,CLN,CLN-03-R04,CLM23123576,provider,PRV0098,
CLN a general practice billing electroencephalograms,CLN,CLN-03-R04,CLM52146588,provider,PRV0098,
CLN a general practice billing electroencephalograms,CLN,CLN-03-R04,CLM81957569,provider,PRV0098,
CLN a general practice billing electroencephalograms,CLN,CLN-03-R04,CLM31610916,provider,PRV0098,
CLN a general practice billing electroencephalograms,CLN,CLN-03-R04,CLM40887815,provider,PRV0098,
CLN a general practice billing electroencephalograms,CLN,CLN-03-R04,CLM86361166,provider,PRV0098,
CLN a general practice billing electroencephalograms,CLN,CLN-03-R04,CLM76803826,provider,PRV0098,
CLN a general practice billing electroencephalograms,CLN,CLN-03-R04,CLM13792730,provider,PRV0098,
"CLN HbA1c repeated twelve days later, before the first result was recorded",CLN,CLN-04-R03;CLN-04-R01,CLM24489695,claim,CLM65827831,
"CLN HbA1c repeated twelve days later, before the first result was recorded",CLN,CLN-04-R03;CLN-04-R01,CLM65827831,claim,CLM65827831,
"CLN HbA1c repeated twelve days later, before the first result was recorded",CLN,CLN-04-R03;CLN-04-R01,CLM62242973,claim,CLM51516218,
"CLN HbA1c repeated twelve days later, before the first result was recorded",CLN,CLN-04-R03;CLN-04-R01,CLM51516218,claim,CLM51516218,
"CLN HbA1c repeated twelve days later, before the first result was recorded",CLN,CLN-04-R03;CLN-04-R01,CLM58651159,claim,CLM89987607,
"CLN HbA1c repeated twelve days later, before the first result was recorded",CLN,CLN-04-R03;CLN-04-R01,CLM89987607,claim,CLM89987607,
"CLN HbA1c repeated twelve days later, before the first result was recorded",CLN,CLN-04-R03;CLN-04-R01,CLM15526385,claim,CLM72080569,
"CLN HbA1c repeated twelve days later, before the first result was recorded",CLN,CLN-04-R03;CLN-04-R01,CLM72080569,claim,CLM72080569,
"CLN HbA1c repeated twelve days later, before the first result was recorded",CLN,CLN-04-R03;CLN-04-R01,CLM58986447,claim,CLM81976943,
"CLN HbA1c repeated twelve days later, before the first result was recorded",CLN,CLN-04-R03;CLN-04-R01,CLM81976943,claim,CLM81976943,
"CLN HbA1c repeated twelve days later, before the first result was recorded",CLN,CLN-04-R03;CLN-04-R01,CLM49599094,claim,CLM44867129,
"CLN HbA1c repeated twelve days later, before the first result was recorded",CLN,CLN-04-R03;CLN-04-R01,CLM44867129,claim,CLM44867129,
"CLN HbA1c repeated twelve days later, before the first result was recorded",CLN,CLN-04-R03;CLN-04-R01,CLM28333555,claim,CLM62227533,
"CLN HbA1c repeated twelve days later, before the first result was recorded",CLN,CLN-04-R03;CLN-04-R01,CLM62227533,claim,CLM62227533,
"CLN HbA1c repeated twelve days later, before the first result was recorded",CLN,CLN-04-R03;CLN-04-R01,CLM85088382,claim,CLM29362699,
"CLN HbA1c repeated twelve days later, before the first result was recorded",CLN,CLN-04-R03;CLN-04-R01,CLM29362699,claim,CLM29362699,
CLN HbA1c repeated while the first result was a day from being reported (look-alike),CLN,CLN-04-R03,CLM17834802,claim,CLM95228437,excluded from CLN-04-R03 (result latency); still an early repeat for CLN-04-R01
CLN HbA1c repeated while the first result was a day from being reported (look-alike),CLN,CLN-04-R03,CLM95228437,claim,CLM95228437,excluded from CLN-04-R03 (result latency); still an early repeat for CLN-04-R01
CLN HbA1c repeated while the first result was a day from being reported (look-alike),CLN,CLN-04-R03,CLM12558635,claim,CLM22524465,excluded from CLN-04-R03 (result latency); still an early repeat for CLN-04-R01
CLN HbA1c repeated while the first result was a day from being reported (look-alike),CLN,CLN-04-R03,CLM22524465,claim,CLM22524465,excluded from CLN-04-R03 (result latency); still an early repeat for CLN-04-R01
"CLN minor clinic visits reliably followed by a large specialist, CT and echo bundle",CLN,CLN-04-R05,CLM16933497,provider,PRV0111,
"CLN minor clinic visits reliably followed by a large specialist, CT and echo bundle",CLN,CLN-04-R05,CLM14262364,provider,PRV0111,
"CLN minor clinic visits reliably followed by a large specialist, CT and echo bundle",CLN,CLN-04-R05,CLM78506614,provider,PRV0111,
"CLN minor clinic visits reliably followed by a large specialist, CT and echo bundle",CLN,CLN-04-R05,CLM98408220,provider,PRV0111,
"CLN minor clinic visits reliably followed by a large specialist, CT and echo bundle",CLN,CLN-04-R05,CLM70901271,provider,PRV0111,
"CLN minor clinic visits reliably followed by a large specialist, CT and echo bundle",CLN,CLN-04-R05,CLM92184044,provider,PRV0111,
"CLN minor clinic visits reliably followed by a large specialist, CT and echo bundle",CLN,CLN-04-R05,CLM81110561,provider,PRV0111,
"CLN minor clinic visits reliably followed by a large specialist, CT and echo bundle",CLN,CLN-04-R05,CLM75277486,provider,PRV0111,
"CLN minor clinic visits reliably followed by a large specialist, CT and echo bundle",CLN,CLN-04-R05,CLM69100851,provider,PRV0111,
"CLN minor clinic visits reliably followed by a large specialist, CT and echo bundle",CLN,CLN-04-R05,CLM21995399,provider,PRV0111,
"CLN minor clinic visits reliably followed by a large specialist, CT and echo bundle",CLN,CLN-04-R05,CLM12353023,provider,PRV0111,
"CLN minor clinic visits reliably followed by a large specialist, CT and echo bundle",CLN,CLN-04-R05,CLM15404182,provider,PRV0111,
"CLN minor clinic visits reliably followed by a large specialist, CT and echo bundle",CLN,CLN-04-R05,CLM48574352,provider,PRV0111,
"CLN minor clinic visits reliably followed by a large specialist, CT and echo bundle",CLN,CLN-04-R05,CLM13955703,provider,PRV0111,
"CLN minor clinic visits reliably followed by a large specialist, CT and echo bundle",CLN,CLN-04-R05,CLM20096297,provider,PRV0111,
"CLN minor clinic visits reliably followed by a large specialist, CT and echo bundle",CLN,CLN-04-R05,CLM79423677,provider,PRV0111,
"CLN minor clinic visits reliably followed by a large specialist, CT and echo bundle",CLN,CLN-04-R05,CLM12253385,provider,PRV0111,
"CLN minor clinic visits reliably followed by a large specialist, CT and echo bundle",CLN,CLN-04-R05,CLM25827215,provider,PRV0111,
"CLN minor clinic visits reliably followed by a large specialist, CT and echo bundle",CLN,CLN-04-R05,CLM77873439,provider,PRV0111,
"CLN minor clinic visits reliably followed by a large specialist, CT and echo bundle",CLN,CLN-04-R05,CLM62541621,provider,PRV0111,
"CLN minor clinic visits reliably followed by a large specialist, CT and echo bundle",CLN,CLN-04-R05,CLM26753814,provider,PRV0111,
"CLN minor clinic visits reliably followed by a large specialist, CT and echo bundle",CLN,CLN-04-R05,CLM36295495,provider,PRV0111,
"CLN minor clinic visits reliably followed by a large specialist, CT and echo bundle",CLN,CLN-04-R05,CLM28836831,provider,PRV0111,
"CLN minor clinic visits reliably followed by a large specialist, CT and echo bundle",CLN,CLN-04-R05,CLM29836553,provider,PRV0111,
"CLN minor clinic visits reliably followed by a large specialist, CT and echo bundle",CLN,CLN-04-R05,CLM75944102,provider,PRV0111,
"CLN minor clinic visits reliably followed by a large specialist, CT and echo bundle",CLN,CLN-04-R05,CLM11469562,provider,PRV0111,
"CLN minor clinic visits reliably followed by a large specialist, CT and echo bundle",CLN,CLN-04-R05,CLM34183862,provider,PRV0111,
"CLN minor clinic visits reliably followed by a large specialist, CT and echo bundle",CLN,CLN-04-R05,CLM70343470,provider,PRV0111,
"CLN minor clinic visits reliably followed by a large specialist, CT and echo bundle",CLN,CLN-04-R05,CLM27151412,provider,PRV0111,
"CLN minor clinic visits reliably followed by a large specialist, CT and echo bundle",CLN,CLN-04-R05,CLM34553870,provider,PRV0111,
"CLN minor clinic visits reliably followed by a large specialist, CT and echo bundle",CLN,CLN-04-R05,CLM77095597,provider,PRV0111,
"CLN minor clinic visits reliably followed by a large specialist, CT and echo bundle",CLN,CLN-04-R05,CLM73410614,provider,PRV0111,
CLN hospital admitting overnight presentations others treat as outpatients,CLN,CLN-05-R04,CLM24327996,provider,PRV0018,
CLN hospital admitting overnight presentations others treat as outpatients,CLN,CLN-05-R04,CLM37544499,provider,PRV0018,
CLN hospital admitting overnight presentations others treat as outpatients,CLN,CLN-05-R04,CLM71315915,provider,PRV0018,
CLN hospital admitting overnight presentations others treat as outpatients,CLN,CLN-05-R04,CLM77049200,provider,PRV0018,
CLN hospital admitting overnight presentations others treat as outpatients,CLN,CLN-05-R04,CLM98143163,provider,PRV0018,
CLN hospital admitting overnight presentations others treat as outpatients,CLN,CLN-05-R04,CLM80685133,provider,PRV0018,
CLN hospital admitting overnight presentations others treat as outpatients,CLN,CLN-05-R04,CLM61713802,provider,PRV0018,
CLN hospital admitting overnight presentations others treat as outpatients,CLN,CLN-05-R04,CLM62374646,provider,PRV0018,
CLN hospital admitting overnight presentations others treat as outpatients,CLN,CLN-05-R04,CLM45679677,provider,PRV0018,
CLN hospital admitting overnight presentations others treat as outpatients,CLN,CLN-05-R04,CLM62148856,provider,PRV0018,
CLN hospital admitting overnight presentations others treat as outpatients,CLN,CLN-05-R04,CLM65474415,provider,PRV0018,
CLN hospital admitting overnight presentations others treat as outpatients,CLN,CLN-05-R04,CLM75827109,provider,PRV0018,
CLN hospital admitting overnight presentations others treat as outpatients,CLN,CLN-05-R04,CLM35145203,provider,PRV0018,
CLN hospital admitting overnight presentations others treat as outpatients,CLN,CLN-05-R04,CLM49670155,provider,PRV0018,
CLN hospital admitting overnight presentations others treat as outpatients,CLN,CLN-05-R04,CLM42221951,provider,PRV0018,
CLN hospital admitting overnight presentations others treat as outpatients,CLN,CLN-05-R04,CLM87188514,provider,PRV0018,
CLN hospital admitting overnight presentations others treat as outpatients,CLN,CLN-05-R04,CLM92695468,provider,PRV0018,
CLN hospital admitting overnight presentations others treat as outpatients,CLN,CLN-05-R04,CLM23076457,provider,PRV0018,
CLN hospital admitting overnight presentations others treat as outpatients,CLN,CLN-05-R04,CLM91846573,provider,PRV0018,
CLN hospital admitting overnight presentations others treat as outpatients,CLN,CLN-05-R04,CLM29068210,provider,PRV0018,
CLN hospital admitting overnight presentations others treat as outpatients,CLN,CLN-05-R04,CLM50761769,provider,PRV0018,
CLN hospital admitting overnight presentations others treat as outpatients,CLN,CLN-05-R04,CLM16077709,provider,PRV0018,
CLN hospital admitting overnight presentations others treat as outpatients,CLN,CLN-05-R04,CLM39245794,provider,PRV0018,
CLN hospital admitting overnight presentations others treat as outpatients,CLN,CLN-05-R04,CLM92416275,provider,PRV0018,
CLN hospital admitting overnight presentations others treat as outpatients,CLN,CLN-05-R04,CLM37163120,provider,PRV0018,
CLN hospital admitting overnight presentations others treat as outpatients,CLN,CLN-05-R04,CLM60306109,provider,PRV0018,
CLN hospital admitting overnight presentations others treat as outpatients,CLN,CLN-05-R04,CLM73260171,provider,PRV0018,
CLN hospital admitting overnight presentations others treat as outpatients,CLN,CLN-05-R04,CLM41326536,provider,PRV0018,
CLN hospital admitting overnight presentations others treat as outpatients,CLN,CLN-05-R04,CLM34727040,provider,PRV0018,
CLN hospital admitting overnight presentations others treat as outpatients,CLN,CLN-05-R04,CLM52862248,provider,PRV0018,
CLN hospital admitting overnight presentations others treat as outpatients,CLN,CLN-05-R04,CLM49916257,provider,PRV0018,
CLN hospital admitting overnight presentations others treat as outpatients,CLN,CLN-05-R04,CLM64214788,provider,PRV0018,
CLN hospital admitting overnight presentations others treat as outpatients,CLN,CLN-05-R04,CLM18118895,provider,PRV0018,
CLN hospital admitting overnight presentations others treat as outpatients,CLN,CLN-05-R04,CLM75567053,provider,PRV0018,
CLN hospital admitting overnight presentations others treat as outpatients,CLN,CLN-05-R04,CLM14984933,provider,PRV0018,
CLN hospital admitting overnight presentations others treat as outpatients,CLN,CLN-05-R04,CLM42769692,provider,PRV0018,
CLN hospital admitting overnight presentations others treat as outpatients,CLN,CLN-05-R04,CLM93154201,provider,PRV0018,
CLN hospital admitting overnight presentations others treat as outpatients,CLN,CLN-05-R04,CLM83884366,provider,PRV0018,
CLN hospital admitting overnight presentations others treat as outpatients,CLN,CLN-05-R04,CLM19331564,provider,PRV0018,
CLN hospital admitting overnight presentations others treat as outpatients,CLN,CLN-05-R04,CLM27527162,provider,PRV0018,
CLN hospital admitting overnight presentations others treat as outpatients,CLN,CLN-05-R04,CLM16373228,provider,PRV0018,
CLN hospital admitting overnight presentations others treat as outpatients,CLN,CLN-05-R04,CLM66411534,provider,PRV0018,
CLN hospital admitting overnight presentations others treat as outpatients,CLN,CLN-05-R04,CLM82747481,provider,PRV0018,
CLN hospital admitting overnight presentations others treat as outpatients,CLN,CLN-05-R04,CLM76528286,provider,PRV0018,
CLN hospital admitting overnight presentations others treat as outpatients,CLN,CLN-05-R04,CLM90279412,provider,PRV0018,
CLN hospital admitting overnight presentations others treat as outpatients,CLN,CLN-05-R04,CLM84220368,provider,PRV0018,
CLN hospital admitting overnight presentations others treat as outpatients,CLN,CLN-05-R04,CLM93678178,provider,PRV0018,
CLN hospital admitting overnight presentations others treat as outpatients,CLN,CLN-05-R04,CLM82705002,provider,PRV0018,
CLN hospital admitting overnight presentations others treat as outpatients,CLN,CLN-05-R04,CLM77425171,provider,PRV0018,
CLN hospital admitting overnight presentations others treat as outpatients,CLN,CLN-05-R04,CLM75859891,provider,PRV0018,
CLN hospital admitting overnight presentations others treat as outpatients,CLN,CLN-05-R04,CLM79568726,provider,PRV0018,
CLN hospital admitting overnight presentations others treat as outpatients,CLN,CLN-05-R04,CLM42104135,provider,PRV0018,
CLN hospital admitting overnight presentations others treat as outpatients,CLN,CLN-05-R04,CLM12452673,provider,PRV0018,
CLN hospital admitting overnight presentations others treat as outpatients,CLN,CLN-05-R04,CLM67211468,provider,PRV0018,
CLN hospital admitting overnight presentations others treat as outpatients,CLN,CLN-05-R04,CLM72237769,provider,PRV0018,
CLN hospital admitting overnight presentations others treat as outpatients,CLN,CLN-05-R04,CLM55656122,provider,PRV0018,
CLN hospital admitting overnight presentations others treat as outpatients,CLN,CLN-05-R04,CLM59036728,provider,PRV0018,
CLN hospital admitting overnight presentations others treat as outpatients,CLN,CLN-05-R04,CLM18379567,provider,PRV0018,
CLN hospital admitting overnight presentations others treat as outpatients,CLN,CLN-05-R04,CLM22618394,provider,PRV0018,
CLN hospital admitting overnight presentations others treat as outpatients,CLN,CLN-05-R04,CLM58001256,provider,PRV0018,
CLN hospital admitting overnight presentations others treat as outpatients,CLN,CLN-05-R04,CLM54400684,provider,PRV0018,
CLN hospital admitting overnight presentations others treat as outpatients,CLN,CLN-05-R04,CLM62773552,provider,PRV0018,
CLN hospital admitting overnight presentations others treat as outpatients,CLN,CLN-05-R04,CLM53788260,provider,PRV0018,
CLN hospital admitting overnight presentations others treat as outpatients,CLN,CLN-05-R04,CLM18277429,provider,PRV0018,
CLN hospital admitting overnight presentations others treat as outpatients,CLN,CLN-05-R04,CLM46546181,provider,PRV0018,
CLN hospital admitting overnight presentations others treat as outpatients,CLN,CLN-05-R04,CLM38893836,provider,PRV0018,
CLN hospital admitting overnight presentations others treat as outpatients,CLN,CLN-05-R04,CLM97970813,provider,PRV0018,
CLN hospital admitting overnight presentations others treat as outpatients,CLN,CLN-05-R04,CLM86596597,provider,PRV0018,
CLN hospital admitting overnight presentations others treat as outpatients,CLN,CLN-05-R04,CLM75334809,provider,PRV0018,
CLN hospital admitting overnight presentations others treat as outpatients,CLN,CLN-05-R04,CLM41011685,provider,PRV0018,
CLN diabetes billed repeatedly with no medicine or result ever recorded,CLN,CLN-06-R05,CLM62222972,member,MBR002587,
CLN diabetes billed repeatedly with no medicine or result ever recorded,CLN,CLN-06-R05,CLM60358552,member,MBR002587,
CLN diabetes billed repeatedly with no medicine or result ever recorded,CLN,CLN-06-R05,CLM64211302,member,MBR002587,
CLN diabetes billed repeatedly with no medicine or result ever recorded,CLN,CLN-06-R05,CLM12820713,member,MBR002587,
CLN diabetes billed repeatedly with no medicine or result ever recorded,CLN,CLN-06-R05,CLM65152560,member,MBR001582,
CLN diabetes billed repeatedly with no medicine or result ever recorded,CLN,CLN-06-R05,CLM53887699,member,MBR001582,
CLN diabetes billed repeatedly with no medicine or result ever recorded,CLN,CLN-06-R05,CLM11362994,member,MBR001582,
CLN diabetes billed repeatedly with no medicine or result ever recorded,CLN,CLN-06-R05,CLM67632538,member,MBR001582,
CLN diabetes billed repeatedly with no medicine or result ever recorded,CLN,CLN-06-R05,CLM32421891,member,MBR001674,
CLN diabetes billed repeatedly with no medicine or result ever recorded,CLN,CLN-06-R05,CLM25090942,member,MBR001674,
CLN diabetes billed repeatedly with no medicine or result ever recorded,CLN,CLN-06-R05,CLM17959132,member,MBR001674,
CLN diabetes billed repeatedly with no medicine or result ever recorded,CLN,CLN-06-R05,CLM52053545,member,MBR001674,
CLN diabetes billed repeatedly with no medicine or result ever recorded,CLN,CLN-06-R05,CLM71307609,member,MBR004073,
CLN diabetes billed repeatedly with no medicine or result ever recorded,CLN,CLN-06-R05,CLM38677301,member,MBR004073,
CLN diabetes billed repeatedly with no medicine or result ever recorded,CLN,CLN-06-R05,CLM19067859,member,MBR004073,
CLN diabetes billed repeatedly with no medicine or result ever recorded,CLN,CLN-06-R05,CLM59440471,member,MBR004073,
CLN diabetes billed repeatedly with no medicine or result ever recorded,CLN,CLN-06-R05,CLM90017485,member,MBR005182,
CLN diabetes billed repeatedly with no medicine or result ever recorded,CLN,CLN-06-R05,CLM93661616,member,MBR005182,
CLN diabetes billed repeatedly with no medicine or result ever recorded,CLN,CLN-06-R05,CLM39186865,member,MBR005182,
CLN diabetes billed repeatedly with no medicine or result ever recorded,CLN,CLN-06-R05,CLM66165396,member,MBR005182,
CLN diabetes billed repeatedly with no medicine or result ever recorded,CLN,CLN-06-R05,CLM22036516,member,MBR003466,
CLN diabetes billed repeatedly with no medicine or result ever recorded,CLN,CLN-06-R05,CLM28765842,member,MBR003466,
CLN diabetes billed repeatedly with no medicine or result ever recorded,CLN,CLN-06-R05,CLM82193658,member,MBR003466,
CLN diabetes billed repeatedly with no medicine or result ever recorded,CLN,CLN-06-R05,CLM85841977,member,MBR003466,
CLN clinician billing more than seventeen hours of visits in one day,CLN,CLN-07-R01,CLM11916855,clinician,CL01267,
CLN clinician billing more than seventeen hours of visits in one day,CLN,CLN-07-R01,CLM97048282,clinician,CL01267,
CLN clinician billing more than seventeen hours of visits in one day,CLN,CLN-07-R01,CLM99999905,clinician,CL01267,
CLN clinician billing more than seventeen hours of visits in one day,CLN,CLN-07-R01,CLM47313049,clinician,CL01267,
CLN clinician billing more than seventeen hours of visits in one day,CLN,CLN-07-R01,CLM82943721,clinician,CL01267,
CLN clinician billing more than seventeen hours of visits in one day,CLN,CLN-07-R01,CLM35863212,clinician,CL01267,
CLN clinician billing more than seventeen hours of visits in one day,CLN,CLN-07-R01,CLM45005163,clinician,CL01267,
CLN clinician billing more than seventeen hours of visits in one day,CLN,CLN-07-R01,CLM35080263,clinician,CL01267,
CLN clinician billing more than seventeen hours of visits in one day,CLN,CLN-07-R01,CLM64786534,clinician,CL01267,
CLN clinician billing more than seventeen hours of visits in one day,CLN,CLN-07-R01,CLM17634714,clinician,CL01267,
CLN clinician billing more than seventeen hours of visits in one day,CLN,CLN-07-R01,CLM39596094,clinician,CL01267,
CLN clinician billing more than seventeen hours of visits in one day,CLN,CLN-07-R01,CLM67922198,clinician,CL01267,
CLN clinician billing more than seventeen hours of visits in one day,CLN,CLN-07-R01,CLM48823002,clinician,CL01267,
CLN clinician billing more than seventeen hours of visits in one day,CLN,CLN-07-R01,CLM85526145,clinician,CL01267,
CLN clinician billing more than seventeen hours of visits in one day,CLN,CLN-07-R01,CLM71888928,clinician,CL01267,
CLN clinician billing more than seventeen hours of visits in one day,CLN,CLN-07-R01,CLM60096383,clinician,CL01267,
CLN clinician billing more than seventeen hours of visits in one day,CLN,CLN-07-R01,CLM63418381,clinician,CL01267,
CLN clinician billing more than seventeen hours of visits in one day,CLN,CLN-07-R01,CLM23183417,clinician,CL01267,
CLN clinician billing more than seventeen hours of visits in one day,CLN,CLN-07-R01,CLM85178870,clinician,CL01267,
CLN clinician billing more than seventeen hours of visits in one day,CLN,CLN-07-R01,CLM76546044,clinician,CL01267,
CLN clinician billing more than seventeen hours of visits in one day,CLN,CLN-07-R01,CLM99004754,clinician,CL01267,
CLN clinician billing more than seventeen hours of visits in one day,CLN,CLN-07-R01,CLM18307075,clinician,CL01267,
CLN clinician billing more than seventeen hours of visits in one day,CLN,CLN-07-R01,CLM47322460,clinician,CL01267,
CLN clinician billing more than seventeen hours of visits in one day,CLN,CLN-07-R01,CLM65463467,clinician,CL01267,
CLN clinician billing more than seventeen hours of visits in one day,CLN,CLN-07-R01,CLM35891714,clinician,CL01267,
CLN clinician billing more than seventeen hours of visits in one day,CLN,CLN-07-R01,CLM30437461,clinician,CL01267,
CLN clinician billing more than seventeen hours of visits in one day,CLN,CLN-07-R01,CLM47205227,clinician,CL01265,
CLN clinician billing more than seventeen hours of visits in one day,CLN,CLN-07-R01,CLM28155227,clinician,CL01265,
CLN clinician billing more than seventeen hours of visits in one day,CLN,CLN-07-R01,CLM40574167,clinician,CL01265,
CLN clinician billing more than seventeen hours of visits in one day,CLN,CLN-07-R01,CLM19733618,clinician,CL01265,
CLN clinician billing more than seventeen hours of visits in one day,CLN,CLN-07-R01,CLM48248093,clinician,CL01265,
CLN clinician billing more than seventeen hours of visits in one day,CLN,CLN-07-R01,CLM74708312,clinician,CL01265,
CLN clinician billing more than seventeen hours of visits in one day,CLN,CLN-07-R01,CLM10212517,clinician,CL01265,
CLN clinician billing more than seventeen hours of visits in one day,CLN,CLN-07-R01,CLM83514002,clinician,CL01265,
CLN clinician billing more than seventeen hours of visits in one day,CLN,CLN-07-R01,CLM84105190,clinician,CL01265,
CLN clinician billing more than seventeen hours of visits in one day,CLN,CLN-07-R01,CLM92125951,clinician,CL01265,
CLN clinician billing more than seventeen hours of visits in one day,CLN,CLN-07-R01,CLM54455186,clinician,CL01265,
CLN clinician billing more than seventeen hours of visits in one day,CLN,CLN-07-R01,CLM96343451,clinician,CL01265,
CLN clinician billing more than seventeen hours of visits in one day,CLN,CLN-07-R01,CLM49612120,clinician,CL01265,
CLN clinician billing more than seventeen hours of visits in one day,CLN,CLN-07-R01,CLM76134694,clinician,CL01265,
CLN clinician billing more than seventeen hours of visits in one day,CLN,CLN-07-R01,CLM26953695,clinician,CL01265,
CLN clinician billing more than seventeen hours of visits in one day,CLN,CLN-07-R01,CLM11304935,clinician,CL01265,
CLN clinician billing more than seventeen hours of visits in one day,CLN,CLN-07-R01,CLM58368652,clinician,CL01265,
CLN clinician billing more than seventeen hours of visits in one day,CLN,CLN-07-R01,CLM82201281,clinician,CL01265,
CLN clinician billing more than seventeen hours of visits in one day,CLN,CLN-07-R01,CLM99474480,clinician,CL01265,
CLN clinician billing more than seventeen hours of visits in one day,CLN,CLN-07-R01,CLM16210707,clinician,CL01265,
CLN clinician billing more than seventeen hours of visits in one day,CLN,CLN-07-R01,CLM40737871,clinician,CL01265,
CLN clinician billing more than seventeen hours of visits in one day,CLN,CLN-07-R01,CLM84865949,clinician,CL01265,
CLN clinician billing more than seventeen hours of visits in one day,CLN,CLN-07-R01,CLM98231702,clinician,CL01265,
CLN clinician billing more than seventeen hours of visits in one day,CLN,CLN-07-R01,CLM25838682,clinician,CL01265,
CLN clinician billing more than seventeen hours of visits in one day,CLN,CLN-07-R01,CLM37876057,clinician,CL01265,
CLN clinician billing more than seventeen hours of visits in one day,CLN,CLN-07-R01,CLM10576063,clinician,CL01265,
CLN clinician billing more than seventeen hours of visits in one day,CLN,CLN-07-R01,CLM34851798,clinician,CL01239,
CLN clinician billing more than seventeen hours of visits in one day,CLN,CLN-07-R01,CLM54049754,clinician,CL01239,
CLN clinician billing more than seventeen hours of visits in one day,CLN,CLN-07-R01,CLM60024596,clinician,CL01239,
CLN clinician billing more than seventeen hours of visits in one day,CLN,CLN-07-R01,CLM54432125,clinician,CL01239,
CLN clinician billing more than seventeen hours of visits in one day,CLN,CLN-07-R01,CLM11253711,clinician,CL01239,
CLN clinician billing more than seventeen hours of visits in one day,CLN,CLN-07-R01,CLM92614331,clinician,CL01239,
CLN clinician billing more than seventeen hours of visits in one day,CLN,CLN-07-R01,CLM85162307,clinician,CL01239,
CLN clinician billing more than seventeen hours of visits in one day,CLN,CLN-07-R01,CLM24814790,clinician,CL01239,
CLN clinician billing more than seventeen hours of visits in one day,CLN,CLN-07-R01,CLM34197018,clinician,CL01239,
CLN clinician billing more than seventeen hours of visits in one day,CLN,CLN-07-R01,CLM93136856,clinician,CL01239,
CLN clinician billing more than seventeen hours of visits in one day,CLN,CLN-07-R01,CLM58660979,clinician,CL01239,
CLN clinician billing more than seventeen hours of visits in one day,CLN,CLN-07-R01,CLM39706494,clinician,CL01239,
CLN clinician billing more than seventeen hours of visits in one day,CLN,CLN-07-R01,CLM17725525,clinician,CL01239,
CLN clinician billing more than seventeen hours of visits in one day,CLN,CLN-07-R01,CLM95942308,clinician,CL01239,
CLN clinician billing more than seventeen hours of visits in one day,CLN,CLN-07-R01,CLM12952169,clinician,CL01239,
CLN clinician billing more than seventeen hours of visits in one day,CLN,CLN-07-R01,CLM33902718,clinician,CL01239,
CLN clinician billing more than seventeen hours of visits in one day,CLN,CLN-07-R01,CLM49042963,clinician,CL01239,
CLN clinician billing more than seventeen hours of visits in one day,CLN,CLN-07-R01,CLM44752539,clinician,CL01239,
CLN clinician billing more than seventeen hours of visits in one day,CLN,CLN-07-R01,CLM84998874,clinician,CL01239,
CLN clinician billing more than seventeen hours of visits in one day,CLN,CLN-07-R01,CLM26264274,clinician,CL01239,
CLN clinician billing more than seventeen hours of visits in one day,CLN,CLN-07-R01,CLM68929572,clinician,CL01239,
CLN clinician billing more than seventeen hours of visits in one day,CLN,CLN-07-R01,CLM60057844,clinician,CL01239,
CLN clinician billing more than seventeen hours of visits in one day,CLN,CLN-07-R01,CLM26731638,clinician,CL01239,
CLN clinician billing more than seventeen hours of visits in one day,CLN,CLN-07-R01,CLM80317130,clinician,CL01239,
CLN clinician billing more than seventeen hours of visits in one day,CLN,CLN-07-R01,CLM59781272,clinician,CL01239,
CLN clinician billing more than seventeen hours of visits in one day,CLN,CLN-07-R01,CLM33287242,clinician,CL01239,
CLN MRI scans billed beyond one day's scanner capacity (18),CLN,CLN-07-R03,CLM87260564,provider,PRV0229,
CLN MRI scans billed beyond one day's scanner capacity (18),CLN,CLN-07-R03,CLM51945788,provider,PRV0229,
CLN MRI scans billed beyond one day's scanner capacity (18),CLN,CLN-07-R03,CLM87301771,provider,PRV0229,
CLN MRI scans billed beyond one day's scanner capacity (18),CLN,CLN-07-R03,CLM46036806,provider,PRV0229,
CLN MRI scans billed beyond one day's scanner capacity (18),CLN,CLN-07-R03,CLM43443445,provider,PRV0229,
CLN MRI scans billed beyond one day's scanner capacity (18),CLN,CLN-07-R03,CLM30081100,provider,PRV0229,
CLN MRI scans billed beyond one day's scanner capacity (18),CLN,CLN-07-R03,CLM14581015,provider,PRV0229,
CLN MRI scans billed beyond one day's scanner capacity (18),CLN,CLN-07-R03,CLM30388447,provider,PRV0229,
CLN MRI scans billed beyond one day's scanner capacity (18),CLN,CLN-07-R03,CLM32967959,provider,PRV0229,
CLN MRI scans billed beyond one day's scanner capacity (18),CLN,CLN-07-R03,CLM84119204,provider,PRV0229,
CLN MRI scans billed beyond one day's scanner capacity (18),CLN,CLN-07-R03,CLM46151379,provider,PRV0229,
CLN MRI scans billed beyond one day's scanner capacity (18),CLN,CLN-07-R03,CLM79790522,provider,PRV0229,
CLN MRI scans billed beyond one day's scanner capacity (18),CLN,CLN-07-R03,CLM93589894,provider,PRV0229,
CLN MRI scans billed beyond one day's scanner capacity (18),CLN,CLN-07-R03,CLM34785691,provider,PRV0229,
CLN MRI scans billed beyond one day's scanner capacity (18),CLN,CLN-07-R03,CLM20703736,provider,PRV0229,
CLN MRI scans billed beyond one day's scanner capacity (18),CLN,CLN-07-R03,CLM43994129,provider,PRV0229,
CLN MRI scans billed beyond one day's scanner capacity (18),CLN,CLN-07-R03,CLM93287290,provider,PRV0229,
CLN MRI scans billed beyond one day's scanner capacity (18),CLN,CLN-07-R03,CLM19454202,provider,PRV0229,
CLN MRI scans billed beyond one day's scanner capacity (18),CLN,CLN-07-R03,CLM82873833,provider,PRV0229,
CLN MRI scans billed beyond one day's scanner capacity (18),CLN,CLN-07-R03,CLM79529797,provider,PRV0229,
CLN MRI scans billed beyond one day's scanner capacity (18),CLN,CLN-07-R03,CLM18021262,provider,PRV0229,
CLN MRI scans billed beyond one day's scanner capacity (18),CLN,CLN-07-R03,CLM10115126,provider,PRV0229,
CLN MRI scans billed beyond one day's scanner capacity (18),CLN,CLN-07-R03,CLM67597816,provider,PRV0229,
CLN MRI scans billed beyond one day's scanner capacity (18),CLN,CLN-07-R03,CLM15606859,provider,PRV0229,
CLN MRI scans billed beyond one day's scanner capacity (18),CLN,CLN-07-R03,CLM71714270,provider,PRV0229,
CLN MRI scans billed beyond one day's scanner capacity (18),CLN,CLN-07-R03,CLM66736121,provider,PRV0229,
CLN MRI scans billed beyond one day's scanner capacity (18),CLN,CLN-07-R03,CLM52008226,provider,PRV0229,
CLN all basic metabolic panel components billed one by one,CLN,CLN-08-R02,CLM10313868,claim,CLM10313868,
CLN all basic metabolic panel components billed one by one,CLN,CLN-08-R02,CLM23981134,claim,CLM23981134,
CLN all basic metabolic panel components billed one by one,CLN,CLN-08-R02,CLM51296214,claim,CLM51296214,
CLN all basic metabolic panel components billed one by one,CLN,CLN-08-R02,CLM29500215,claim,CLM29500215,
CLN all basic metabolic panel components billed one by one,CLN,CLN-08-R02,CLM75911711,claim,CLM75911711,
CLN all basic metabolic panel components billed one by one,CLN,CLN-08-R02,CLM30371425,claim,CLM30371425,
CLN all basic metabolic panel components billed one by one,CLN,CLN-08-R02,CLM12080134,claim,CLM12080134,
CLN all basic metabolic panel components billed one by one,CLN,CLN-08-R02,CLM24736133,claim,CLM24736133,
CLN lipid panel billed together with its own cholesterol component,CLN,CLN-08-R02,CLM17546126,claim,CLM17546126,
CLN lipid panel billed together with its own cholesterol component,CLN,CLN-08-R02,CLM90681629,claim,CLM90681629,
CLN lipid panel billed together with its own cholesterol component,CLN,CLN-08-R02,CLM59790707,claim,CLM59790707,
CLN component repeated as a reflex test (look-alike),CLN,CLN-08-R02,CLM63015377,claim,CLM63015377,excluded: reflex testing
CLN clinic re-billing a reference laboratory's tests at three times its price,CLN,CLN-08-R04,CLM16048522,provider,PRV0086,
CLN clinic re-billing a reference laboratory's tests at three times its price,CLN,CLN-08-R04,CLM57099624,provider,PRV0086,
CLN clinic re-billing a reference laboratory's tests at three times its price,CLN,CLN-08-R04,CLM55001970,provider,PRV0086,
CLN clinic re-billing a reference laboratory's tests at three times its price,CLN,CLN-08-R04,CLM18292041,provider,PRV0086,
CLN clinic re-billing a reference laboratory's tests at three times its price,CLN,CLN-08-R04,CLM42551770,provider,PRV0086,
CLN clinic re-billing a reference laboratory's tests at three times its price,CLN,CLN-08-R04,CLM90178364,provider,PRV0086,
CLN clinic re-billing a reference laboratory's tests at three times its price,CLN,CLN-08-R04,CLM78521447,provider,PRV0086,
CLN clinic re-billing a reference laboratory's tests at three times its price,CLN,CLN-08-R04,CLM58720061,provider,PRV0086,
CLN clinic re-billing a reference laboratory's tests at three times its price,CLN,CLN-08-R04,CLM12555983,provider,PRV0086,
CLN clinic re-billing a reference laboratory's tests at three times its price,CLN,CLN-08-R04,CLM28964581,provider,PRV0086,
CLN clinic re-billing a reference laboratory's tests at three times its price,CLN,CLN-08-R04,CLM26124563,provider,PRV0086,
CLN clinic re-billing a reference laboratory's tests at three times its price,CLN,CLN-08-R04,CLM79404412,provider,PRV0086,
CLN clinic re-billing a reference laboratory's tests at three times its price,CLN,CLN-08-R04,CLM72844989,provider,PRV0086,
CLN clinic passing reference-laboratory tests through at a normal margin (look-alike),CLN,CLN-08-R04,CLM53755971,provider,PRV0119,
CLN clinic passing reference-laboratory tests through at a normal margin (look-alike),CLN,CLN-08-R04,CLM83533471,provider,PRV0119,
CLN clinic passing reference-laboratory tests through at a normal margin (look-alike),CLN,CLN-08-R04,CLM94118604,provider,PRV0119,
CLN clinic passing reference-laboratory tests through at a normal margin (look-alike),CLN,CLN-08-R04,CLM34813624,provider,PRV0119,
CLN clinic passing reference-laboratory tests through at a normal margin (look-alike),CLN,CLN-08-R04,CLM43652463,provider,PRV0119,
CLN clinic passing reference-laboratory tests through at a normal margin (look-alike),CLN,CLN-08-R04,CLM78637302,provider,PRV0119,
CLN clinic passing reference-laboratory tests through at a normal margin (look-alike),CLN,CLN-08-R04,CLM10460966,provider,PRV0119,
CLN clinic passing reference-laboratory tests through at a normal margin (look-alike),CLN,CLN-08-R04,CLM78009537,provider,PRV0119,
CLN clinic passing reference-laboratory tests through at a normal margin (look-alike),CLN,CLN-08-R04,CLM16965421,provider,PRV0119,
CLN clinic passing reference-laboratory tests through at a normal margin (look-alike),CLN,CLN-08-R04,CLM65052949,provider,PRV0119,
CLN clinic passing reference-laboratory tests through at a normal margin (look-alike),CLN,CLN-08-R04,CLM68078129,provider,PRV0119,
CLN clinic passing reference-laboratory tests through at a normal margin (look-alike),CLN,CLN-08-R04,CLM54650311,provider,PRV0119,
CLN clinic passing reference-laboratory tests through at a normal margin (look-alike),CLN,CLN-08-R04,CLM87466274,provider,PRV0119,
CLN clinic passing reference-laboratory tests through at a normal margin (look-alike),CLN,CLN-08-R04,CLM68392879,provider,PRV0064,
CLN clinic passing reference-laboratory tests through at a normal margin (look-alike),CLN,CLN-08-R04,CLM68902889,provider,PRV0064,
CLN clinic passing reference-laboratory tests through at a normal margin (look-alike),CLN,CLN-08-R04,CLM53126639,provider,PRV0064,
CLN clinic passing reference-laboratory tests through at a normal margin (look-alike),CLN,CLN-08-R04,CLM96158938,provider,PRV0064,
CLN clinic passing reference-laboratory tests through at a normal margin (look-alike),CLN,CLN-08-R04,CLM94179132,provider,PRV0064,
CLN clinic passing reference-laboratory tests through at a normal margin (look-alike),CLN,CLN-08-R04,CLM45880869,provider,PRV0064,
CLN clinic passing reference-laboratory tests through at a normal margin (look-alike),CLN,CLN-08-R04,CLM28144275,provider,PRV0064,
CLN clinic passing reference-laboratory tests through at a normal margin (look-alike),CLN,CLN-08-R04,CLM11855247,provider,PRV0064,
CLN clinic passing reference-laboratory tests through at a normal margin (look-alike),CLN,CLN-08-R04,CLM11632884,provider,PRV0064,
CLN clinic passing reference-laboratory tests through at a normal margin (look-alike),CLN,CLN-08-R04,CLM40553782,provider,PRV0064,
CLN clinic passing reference-laboratory tests through at a normal margin (look-alike),CLN,CLN-08-R04,CLM11957084,provider,PRV0064,
CLN clinic passing reference-laboratory tests through at a normal margin (look-alike),CLN,CLN-08-R04,CLM29344043,provider,PRV0064,
CLN clinic passing reference-laboratory tests through at a normal margin (look-alike),CLN,CLN-08-R04,CLM26810300,provider,PRV0064,
CLN clinic passing reference-laboratory tests through at a normal margin (look-alike),CLN,CLN-08-R04,CLM12458598,provider,PRV0096,
CLN clinic passing reference-laboratory tests through at a normal margin (look-alike),CLN,CLN-08-R04,CLM20127288,provider,PRV0096,
CLN clinic passing reference-laboratory tests through at a normal margin (look-alike),CLN,CLN-08-R04,CLM60254062,provider,PRV0096,
CLN clinic passing reference-laboratory tests through at a normal margin (look-alike),CLN,CLN-08-R04,CLM64273147,provider,PRV0096,
CLN clinic passing reference-laboratory tests through at a normal margin (look-alike),CLN,CLN-08-R04,CLM30247123,provider,PRV0096,
CLN clinic passing reference-laboratory tests through at a normal margin (look-alike),CLN,CLN-08-R04,CLM83670667,provider,PRV0096,
CLN clinic passing reference-laboratory tests through at a normal margin (look-alike),CLN,CLN-08-R04,CLM52021926,provider,PRV0096,
CLN clinic passing reference-laboratory tests through at a normal margin (look-alike),CLN,CLN-08-R04,CLM43874908,provider,PRV0096,
CLN clinic passing reference-laboratory tests through at a normal margin (look-alike),CLN,CLN-08-R04,CLM52366346,provider,PRV0096,
CLN clinic passing reference-laboratory tests through at a normal margin (look-alike),CLN,CLN-08-R04,CLM19063042,provider,PRV0096,
CLN clinic passing reference-laboratory tests through at a normal margin (look-alike),CLN,CLN-08-R04,CLM72608049,provider,PRV0096,
CLN clinic passing reference-laboratory tests through at a normal margin (look-alike),CLN,CLN-08-R04,CLM40546204,provider,PRV0096,
CLN clinic passing reference-laboratory tests through at a normal margin (look-alike),CLN,CLN-08-R04,CLM28351959,provider,PRV0096,
CLN clinic ordering genetic tests for a large share of its patients,CLN,CLN-08-R05,CLM94767511,provider,PRV0117,
CLN clinic ordering genetic tests for a large share of its patients,CLN,CLN-08-R05,CLM82464850,provider,PRV0117,
CLN clinic ordering genetic tests for a large share of its patients,CLN,CLN-08-R05,CLM84831798,provider,PRV0117,
CLN clinic ordering genetic tests for a large share of its patients,CLN,CLN-08-R05,CLM55776193,provider,PRV0117,
CLN clinic ordering genetic tests for a large share of its patients,CLN,CLN-08-R05,CLM60401051,provider,PRV0117,
CLN clinic ordering genetic tests for a large share of its patients,CLN,CLN-08-R05,CLM16770638,provider,PRV0117,
CLN clinic ordering genetic tests for a large share of its patients,CLN,CLN-08-R05,CLM23177716,provider,PRV0117,
CLN clinic ordering genetic tests for a large share of its patients,CLN,CLN-08-R05,CLM50974189,provider,PRV0117,
CLN clinic ordering genetic tests for a large share of its patients,CLN,CLN-08-R05,CLM73563367,provider,PRV0117,
CLN clinic ordering genetic tests for a large share of its patients,CLN,CLN-08-R05,CLM17175384,provider,PRV0117,
CLN clinic ordering genetic tests for a large share of its patients,CLN,CLN-08-R05,CLM94712015,provider,PRV0117,
CLN clinic ordering genetic tests for a large share of its patients,CLN,CLN-08-R05,CLM10216022,provider,PRV0117,
CLN clinic ordering genetic tests for a large share of its patients,CLN,CLN-08-R05,CLM76910147,provider,PRV0117,
CLN clinic ordering genetic tests for a large share of its patients,CLN,CLN-08-R05,CLM84417300,provider,PRV0117,
CLN clinic ordering genetic tests for a large share of its patients,CLN,CLN-08-R05,CLM35710681,provider,PRV0117,
CLN clinic ordering genetic tests for a large share of its patients,CLN,CLN-08-R05,CLM47389301,provider,PRV0117,
CLN clinic ordering genetic tests for a large share of its patients,CLN,CLN-08-R05,CLM65268116,provider,PRV0117,
CLN clinic ordering genetic tests for a large share of its patients,CLN,CLN-08-R05,CLM58453497,provider,PRV0117,
CLN clinic ordering genetic tests for a large share of its patients,CLN,CLN-08-R05,CLM99456701,provider,PRV0117,
CLN clinic ordering genetic tests for a large share of its patients,CLN,CLN-08-R05,CLM54383524,provider,PRV0117,
CLN clinic ordering genetic tests for a large share of its patients,CLN,CLN-08-R05,CLM68753839,provider,PRV0117,
CLN clinic ordering genetic tests for a large share of its patients,CLN,CLN-08-R05,CLM81905575,provider,PRV0117,
CLN clinic ordering genetic tests for a large share of its patients,CLN,CLN-08-R05,CLM22502015,provider,PRV0117,
CLN clinic ordering genetic tests for a large share of its patients,CLN,CLN-08-R05,CLM78517852,provider,PRV0117,
CLN clinic ordering genetic tests for a large share of its patients,CLN,CLN-08-R05,CLM89398669,provider,PRV0117,
CLN clinic ordering genetic tests for a large share of its patients,CLN,CLN-08-R05,CLM55078753,provider,PRV0117,
CLN clinic ordering genetic tests for a large share of its patients,CLN,CLN-08-R05,CLM86639657,provider,PRV0117,
CLN clinic ordering genetic tests for a large share of its patients,CLN,CLN-08-R05,CLM45939221,provider,PRV0117,
CLN clinic ordering genetic tests for a large share of its patients,CLN,CLN-08-R05,CLM91658499,provider,PRV0117,
CLN clinic ordering genetic tests for a large share of its patients,CLN,CLN-08-R05,CLM98449585,provider,PRV0117,
CLN clinic ordering genetic tests for a large share of its patients,CLN,CLN-08-R05,CLM69623802,provider,PRV0117,
CLN clinic ordering genetic tests for a large share of its patients,CLN,CLN-08-R05,CLM11546155,provider,PRV0117,
CLN clinic ordering genetic tests for a large share of its patients,CLN,CLN-08-R05,CLM19427776,provider,PRV0117,
CLN clinic ordering genetic tests for a large share of its patients,CLN,CLN-08-R05,CLM44911399,provider,PRV0117,
CLN occasional genetic test at an ordinary practice (background),CLN,CLN-08-R05,CLM28999099,claim,CLM28999099;CLM19494735;CLM76459171;CLM95670100;CLM18337215;CLM82345174;CLM82161628;CLM77111254;CLM40460322;CLM66349703,normal rate
CLN occasional genetic test at an ordinary practice (background),CLN,CLN-08-R05,CLM19494735,claim,CLM28999099;CLM19494735;CLM76459171;CLM95670100;CLM18337215;CLM82345174;CLM82161628;CLM77111254;CLM40460322;CLM66349703,normal rate
CLN occasional genetic test at an ordinary practice (background),CLN,CLN-08-R05,CLM76459171,claim,CLM28999099;CLM19494735;CLM76459171;CLM95670100;CLM18337215;CLM82345174;CLM82161628;CLM77111254;CLM40460322;CLM66349703,normal rate
CLN occasional genetic test at an ordinary practice (background),CLN,CLN-08-R05,CLM95670100,claim,CLM28999099;CLM19494735;CLM76459171;CLM95670100;CLM18337215;CLM82345174;CLM82161628;CLM77111254;CLM40460322;CLM66349703,normal rate
CLN occasional genetic test at an ordinary practice (background),CLN,CLN-08-R05,CLM18337215,claim,CLM28999099;CLM19494735;CLM76459171;CLM95670100;CLM18337215;CLM82345174;CLM82161628;CLM77111254;CLM40460322;CLM66349703,normal rate
CLN occasional genetic test at an ordinary practice (background),CLN,CLN-08-R05,CLM82345174,claim,CLM28999099;CLM19494735;CLM76459171;CLM95670100;CLM18337215;CLM82345174;CLM82161628;CLM77111254;CLM40460322;CLM66349703,normal rate
CLN occasional genetic test at an ordinary practice (background),CLN,CLN-08-R05,CLM82161628,claim,CLM28999099;CLM19494735;CLM76459171;CLM95670100;CLM18337215;CLM82345174;CLM82161628;CLM77111254;CLM40460322;CLM66349703,normal rate
CLN occasional genetic test at an ordinary practice (background),CLN,CLN-08-R05,CLM77111254,claim,CLM28999099;CLM19494735;CLM76459171;CLM95670100;CLM18337215;CLM82345174;CLM82161628;CLM77111254;CLM40460322;CLM66349703,normal rate
CLN occasional genetic test at an ordinary practice (background),CLN,CLN-08-R05,CLM40460322,claim,CLM28999099;CLM19494735;CLM76459171;CLM95670100;CLM18337215;CLM82345174;CLM82161628;CLM77111254;CLM40460322;CLM66349703,normal rate
CLN occasional genetic test at an ordinary practice (background),CLN,CLN-08-R05,CLM66349703,claim,CLM28999099;CLM19494735;CLM76459171;CLM95670100;CLM18337215;CLM82345174;CLM82161628;CLM77111254;CLM40460322;CLM66349703,normal rate
CLN ten consultations for a cold within one month,CLN,CLN-04-R02,CLM34781884,member,MBR007478,
CLN ten consultations for a cold within one month,CLN,CLN-04-R02,CLM29268992,member,MBR007478,
CLN ten consultations for a cold within one month,CLN,CLN-04-R02,CLM68820923,member,MBR007478,
CLN ten consultations for a cold within one month,CLN,CLN-04-R02,CLM87093637,member,MBR007478,
CLN ten consultations for a cold within one month,CLN,CLN-04-R02,CLM95551643,member,MBR007478,
CLN ten consultations for a cold within one month,CLN,CLN-04-R02,CLM29575027,member,MBR007478,
CLN ten consultations for a cold within one month,CLN,CLN-04-R02,CLM27668566,member,MBR007478,
CLN ten consultations for a cold within one month,CLN,CLN-04-R02,CLM67713456,member,MBR007478,
CLN ten consultations for a cold within one month,CLN,CLN-04-R02,CLM77168364,member,MBR007478,
CLN ten consultations for a cold within one month,CLN,CLN-04-R02,CLM26886960,member,MBR007478,
CLN ten consultations for a cold within one month,CLN,CLN-04-R02,CLM83212494,member,MBR007912,
CLN ten consultations for a cold within one month,CLN,CLN-04-R02,CLM49526134,member,MBR007912,
CLN ten consultations for a cold within one month,CLN,CLN-04-R02,CLM71384099,member,MBR007912,
CLN ten consultations for a cold within one month,CLN,CLN-04-R02,CLM69651941,member,MBR007912,
CLN ten consultations for a cold within one month,CLN,CLN-04-R02,CLM94113037,member,MBR007912,
CLN ten consultations for a cold within one month,CLN,CLN-04-R02,CLM83125282,member,MBR007912,
CLN ten consultations for a cold within one month,CLN,CLN-04-R02,CLM27793600,member,MBR007912,
CLN ten consultations for a cold within one month,CLN,CLN-04-R02,CLM10478002,member,MBR007912,
CLN ten consultations for a cold within one month,CLN,CLN-04-R02,CLM75830499,member,MBR007912,
CLN ten consultations for a cold within one month,CLN,CLN-04-R02,CLM28860700,member,MBR007912,
CLN ten consultations for a cold within one month,CLN,CLN-04-R02,CLM44157564,member,MBR007840,
CLN ten consultations for a cold within one month,CLN,CLN-04-R02,CLM99718544,member,MBR007840,
CLN ten consultations for a cold within one month,CLN,CLN-04-R02,CLM69534238,member,MBR007840,
CLN ten consultations for a cold within one month,CLN,CLN-04-R02,CLM23563779,member,MBR007840,
CLN ten consultations for a cold within one month,CLN,CLN-04-R02,CLM48233030,member,MBR007840,
CLN ten consultations for a cold within one month,CLN,CLN-04-R02,CLM43134413,member,MBR007840,
CLN ten consultations for a cold within one month,CLN,CLN-04-R02,CLM32196438,member,MBR007840,
CLN ten consultations for a cold within one month,CLN,CLN-04-R02,CLM50405746,member,MBR007840,
CLN ten consultations for a cold within one month,CLN,CLN-04-R02,CLM59672694,member,MBR007840,
CLN ten consultations for a cold within one month,CLN,CLN-04-R02,CLM13504109,member,MBR007840,
CLN identical three-service encounter at 10:00 for different patients,CLN,CLN-06-R03,CLM31515425,provider,PRV0091,
CLN identical three-service encounter at 10:00 for different patients,CLN,CLN-06-R03,CLM33312880,provider,PRV0091,
CLN identical three-service encounter at 10:00 for different patients,CLN,CLN-06-R03,CLM82969650,provider,PRV0091,
CLN identical three-service encounter at 10:00 for different patients,CLN,CLN-06-R03,CLM23032786,provider,PRV0091,
CLN identical three-service encounter at 10:00 for different patients,CLN,CLN-06-R03,CLM81634537,provider,PRV0091,
CLN identical three-service encounter at 10:00 for different patients,CLN,CLN-06-R03,CLM98068271,provider,PRV0091,
PHR-01 billed product differs from prescribed (non-equivalent),PHR,PHR-01-R01,CLM16870024,claim,CLM16870024;CLM55430796;CLM89847179;CLM82242379;CLM11015356;CLM11497140,
PHR-01 billed product differs from prescribed (non-equivalent),PHR,PHR-01-R01,CLM55430796,claim,CLM16870024;CLM55430796;CLM89847179;CLM82242379;CLM11015356;CLM11497140,
PHR-01 billed product differs from prescribed (non-equivalent),PHR,PHR-01-R01,CLM89847179,claim,CLM16870024;CLM55430796;CLM89847179;CLM82242379;CLM11015356;CLM11497140,
PHR-01 billed product differs from prescribed (non-equivalent),PHR,PHR-01-R01,CLM82242379,claim,CLM16870024;CLM55430796;CLM89847179;CLM82242379;CLM11015356;CLM11497140,
PHR-01 billed product differs from prescribed (non-equivalent),PHR,PHR-01-R01,CLM11015356,claim,CLM16870024;CLM55430796;CLM89847179;CLM82242379;CLM11015356;CLM11497140,
PHR-01 billed product differs from prescribed (non-equivalent),PHR,PHR-01-R01,CLM11497140,claim,CLM16870024;CLM55430796;CLM89847179;CLM82242379;CLM11015356;CLM11497140,
PHR-01 generic substituted for prescribed brand (approved equivalent),PHR,PHR-01-R01,CLM54924137,claim,CLM54924137;CLM20354599,Declared exclusion: generic/trade equivalence — must not fire.
PHR-01 generic substituted for prescribed brand (approved equivalent),PHR,PHR-01-R01,CLM20354599,claim,CLM54924137;CLM20354599,Declared exclusion: generic/trade equivalence — must not fire.
PHR-01 billed quantity three times the prescription,PHR,PHR-01-R02,CLM88690699,claim,CLM88690699;CLM81337026;CLM49640178;CLM13571048;CLM88115685,
PHR-01 billed quantity three times the prescription,PHR,PHR-01-R02,CLM81337026,claim,CLM88690699;CLM81337026;CLM49640178;CLM13571048;CLM88115685,
PHR-01 billed quantity three times the prescription,PHR,PHR-01-R02,CLM49640178,claim,CLM88690699;CLM81337026;CLM49640178;CLM13571048;CLM88115685,
PHR-01 billed quantity three times the prescription,PHR,PHR-01-R02,CLM13571048,claim,CLM88690699;CLM81337026;CLM49640178;CLM13571048;CLM88115685,
PHR-01 billed quantity three times the prescription,PHR,PHR-01-R02,CLM88115685,claim,CLM88690699;CLM81337026;CLM49640178;CLM13571048;CLM88115685,
PHR-01 quantity rounded up to whole packs,PHR,PHR-01-R02,CLM70982640,claim,,Declared exclusion: package conversion within tolerance — must not fire.
PHR-01 dispensing record differs from billed product or quantity,PHR,PHR-01-R03,CLM19912432,claim,CLM19912432;CLM82434308;CLM42323123;CLM14490677;CLM20132316,
PHR-01 dispensing record differs from billed product or quantity,PHR,PHR-01-R03,CLM82434308,claim,CLM19912432;CLM82434308;CLM42323123;CLM14490677;CLM20132316,
PHR-01 dispensing record differs from billed product or quantity,PHR,PHR-01-R03,CLM42323123,claim,CLM19912432;CLM82434308;CLM42323123;CLM14490677;CLM20132316,
PHR-01 dispensing record differs from billed product or quantity,PHR,PHR-01-R03,CLM14490677,claim,CLM19912432;CLM82434308;CLM42323123;CLM14490677;CLM20132316,
PHR-01 dispensing record differs from billed product or quantity,PHR,PHR-01-R03,CLM20132316,claim,CLM19912432;CLM82434308;CLM42323123;CLM14490677;CLM20132316,
PHR-01 pharmacy billed more of a product in a month than its stock records allow,PHR,PHR-01-R03,CLM15265876,pharmacy,PRV0179,
PHR-01 pharmacy billed more of a product in a month than its stock records allow,PHR,PHR-01-R03,CLM65136361,pharmacy,PRV0179,
PHR-01 pharmacy billed more of a product in a month than its stock records allow,PHR,PHR-01-R03,CLM56425242,pharmacy,PRV0179,
PHR-01 pharmacy billed more of a product in a month than its stock records allow,PHR,PHR-01-R03,CLM79742780,pharmacy,PRV0179,
PHR-01 pharmacy billed more of a product in a month than its stock records allow,PHR,PHR-01-R03,CLM76762529,pharmacy,PRV0179,
PHR-01 pharmacy billed more of a product in a month than its stock records allow,PHR,PHR-01-R03,CLM15011239,pharmacy,PRV0179,
PHR-01 receipt shows a non-medical item billed as a covered medicine,PHR,PHR-01-R04,CLM25439912,pharmacy,PRV0156,
PHR-01 receipt shows a non-medical item billed as a covered medicine,PHR,PHR-01-R04,CLM96427116,pharmacy,PRV0156,
PHR-01 receipt shows a non-medical item billed as a covered medicine,PHR,PHR-01-R04,CLM17979429,pharmacy,PRV0156,
PHR-01 receipt shows a non-medical item billed as a covered medicine,PHR,PHR-01-R04,CLM83689815,pharmacy,PRV0156,
PHR-01 receipt shows a non-medical item billed as a covered medicine,PHR,PHR-01-R04,CLM51348194,pharmacy,PRV0156,
PHR-02 early refills (stockpiling),PHR,PHR-02-R01,CLM99568758,member,MBR000389,
PHR-02 early refills (stockpiling),PHR,PHR-02-R01,CLM58277877,member,MBR000389,
PHR-02 early refills (stockpiling),PHR,PHR-02-R01,CLM81163178,member,MBR000389,
PHR-02 early refills (stockpiling),PHR,PHR-02-R01,CLM79475267,member,MBR000389,
PHR-02 early refills (stockpiling),PHR,PHR-02-R01,CLM51056471,member,MBR003273,
PHR-02 early refills (stockpiling),PHR,PHR-02-R01,CLM88514861,member,MBR003273,
PHR-02 early refills (stockpiling),PHR,PHR-02-R01,CLM22428447,member,MBR003273,
PHR-02 early refills (stockpiling),PHR,PHR-02-R01,CLM50855201,member,MBR003273,
PHR-02 early refills (stockpiling),PHR,PHR-02-R01,CLM10542278,member,MBR007916,
PHR-02 early refills (stockpiling),PHR,PHR-02-R01,CLM53078457,member,MBR007916,
PHR-02 early refills (stockpiling),PHR,PHR-02-R01,CLM86067515,member,MBR007916,
PHR-02 early refills (stockpiling),PHR,PHR-02-R01,CLM87374107,member,MBR007916,
PHR-02 early refills (stockpiling),PHR,PHR-02-R01,CLM38243924,member,MBR004935,
PHR-02 early refills (stockpiling),PHR,PHR-02-R01,CLM27398618,member,MBR004935,
PHR-02 early refills (stockpiling),PHR,PHR-02-R01,CLM19874412,member,MBR004935,
PHR-02 early refills (stockpiling),PHR,PHR-02-R01,CLM73062764,member,MBR004935,
PHR-02 early refills (stockpiling),PHR,PHR-02-R01,CLM59159676,member,MBR007808,
PHR-02 early refills (stockpiling),PHR,PHR-02-R01,CLM11515239,member,MBR007808,
PHR-02 early refills (stockpiling),PHR,PHR-02-R01,CLM54096078,member,MBR007808,
PHR-02 early refills (stockpiling),PHR,PHR-02-R01,CLM54779890,member,MBR007808,
PHR-02 early refill with a dose increase,PHR,PHR-02-R01,CLM57645587,member,MBR007499,Declared exclusion: dose change — must not fire.
PHR-02 early refill with a dose increase,PHR,PHR-02-R01,CLM83220444,member,MBR007499,Declared exclusion: dose change — must not fire.
PHR-02 therapy continued beyond the policy duration on one prescription,PHR,PHR-02-R02,CLM56796929,member,MBR007232,
PHR-02 therapy continued beyond the policy duration on one prescription,PHR,PHR-02-R02,CLM45531821,member,MBR007232,
PHR-02 therapy continued beyond the policy duration on one prescription,PHR,PHR-02-R02,CLM28208796,member,MBR007232,
PHR-02 therapy continued beyond the policy duration on one prescription,PHR,PHR-02-R02,CLM45927766,member,MBR007232,
PHR-02 therapy continued beyond the policy duration on one prescription,PHR,PHR-02-R02,CLM54905091,member,MBR007232,
PHR-02 therapy continued beyond the policy duration on one prescription,PHR,PHR-02-R02,CLM31270908,member,MBR007232,
PHR-02 therapy continued beyond the policy duration on one prescription,PHR,PHR-02-R02,CLM74592150,member,MBR007232,
PHR-02 therapy continued beyond the policy duration on one prescription,PHR,PHR-02-R02,CLM27300690,member,MBR008048,
PHR-02 therapy continued beyond the policy duration on one prescription,PHR,PHR-02-R02,CLM72374195,member,MBR008048,
PHR-02 therapy continued beyond the policy duration on one prescription,PHR,PHR-02-R02,CLM10798893,member,MBR008048,
PHR-02 therapy continued beyond the policy duration on one prescription,PHR,PHR-02-R02,CLM89616289,member,MBR008048,
PHR-02 therapy continued beyond the policy duration on one prescription,PHR,PHR-02-R02,CLM74603749,member,MBR008048,
PHR-02 therapy continued beyond the policy duration on one prescription,PHR,PHR-02-R02,CLM88462250,member,MBR008048,
PHR-02 therapy continued beyond the policy duration on one prescription,PHR,PHR-02-R02,CLM52734088,member,MBR008048,
PHR-02 therapy continued beyond the policy duration on one prescription,PHR,PHR-02-R02,CLM55514156,member,MBR002423,
PHR-02 therapy continued beyond the policy duration on one prescription,PHR,PHR-02-R02,CLM64591032,member,MBR002423,
PHR-02 therapy continued beyond the policy duration on one prescription,PHR,PHR-02-R02,CLM24124527,member,MBR002423,
PHR-02 therapy continued beyond the policy duration on one prescription,PHR,PHR-02-R02,CLM95237046,member,MBR002423,
PHR-02 therapy continued beyond the policy duration on one prescription,PHR,PHR-02-R02,CLM98766056,member,MBR002423,
PHR-02 therapy continued beyond the policy duration on one prescription,PHR,PHR-02-R02,CLM75936199,member,MBR002423,
PHR-02 therapy continued beyond the policy duration on one prescription,PHR,PHR-02-R02,CLM29397637,member,MBR003343,
PHR-02 therapy continued beyond the policy duration on one prescription,PHR,PHR-02-R02,CLM37654198,member,MBR003343,
PHR-02 therapy continued beyond the policy duration on one prescription,PHR,PHR-02-R02,CLM64455891,member,MBR003343,
PHR-02 therapy continued beyond the policy duration on one prescription,PHR,PHR-02-R02,CLM73625482,member,MBR003343,
PHR-02 therapy continued beyond the policy duration on one prescription,PHR,PHR-02-R02,CLM79310647,member,MBR003343,
PHR-02 therapy continued beyond the policy duration on one prescription,PHR,PHR-02-R02,CLM98027256,member,MBR008969,
PHR-02 therapy continued beyond the policy duration on one prescription,PHR,PHR-02-R02,CLM92680971,member,MBR008969,
PHR-02 therapy continued beyond the policy duration on one prescription,PHR,PHR-02-R02,CLM76960486,member,MBR008969,
PHR-02 therapy continued beyond the policy duration on one prescription,PHR,PHR-02-R02,CLM36270302,member,MBR008969,
PHR-02 therapy continued beyond the policy duration on one prescription,PHR,PHR-02-R02,CLM74695904,member,MBR008969,
PHR-02 long course with specialist approval,PHR,PHR-02-R02,CLM95208973,member,MBR003554,Declared exclusion: specialist approval — must not fire.
PHR-02 long course with specialist approval,PHR,PHR-02-R02,CLM74988859,member,MBR003554,Declared exclusion: specialist approval — must not fire.
PHR-02 long course with specialist approval,PHR,PHR-02-R02,CLM68672559,member,MBR003554,Declared exclusion: specialist approval — must not fire.
PHR-02 long course with specialist approval,PHR,PHR-02-R02,CLM51928569,member,MBR003554,Declared exclusion: specialist approval — must not fire.
PHR-02 long course with specialist approval,PHR,PHR-02-R02,CLM97621911,member,MBR003554,Declared exclusion: specialist approval — must not fire.
PHR-02 long course with specialist approval,PHR,PHR-02-R02,CLM98557446,member,MBR003554,Declared exclusion: specialist approval — must not fire.
PHR-02 same controlled medicine from several unrelated prescribers,PHR,PHR-02-R03,CLM49304305,member,MBR007085,
PHR-02 same controlled medicine from several unrelated prescribers,PHR,PHR-02-R03,CLM68897236,member,MBR007085,
PHR-02 same controlled medicine from several unrelated prescribers,PHR,PHR-02-R03,CLM56551110,member,MBR007085,
PHR-02 same controlled medicine from several unrelated prescribers,PHR,PHR-02-R03,CLM83045482,member,MBR000954,
PHR-02 same controlled medicine from several unrelated prescribers,PHR,PHR-02-R03,CLM86861130,member,MBR000954,
PHR-02 same controlled medicine from several unrelated prescribers,PHR,PHR-02-R03,CLM53237186,member,MBR000954,
PHR-02 same controlled medicine from several unrelated prescribers,PHR,PHR-02-R03,CLM89069680,member,MBR000954,
PHR-02 same controlled medicine from several unrelated prescribers,PHR,PHR-02-R03,CLM51379694,member,MBR001651,
PHR-02 same controlled medicine from several unrelated prescribers,PHR,PHR-02-R03,CLM16251478,member,MBR001651,
PHR-02 same controlled medicine from several unrelated prescribers,PHR,PHR-02-R03,CLM18298512,member,MBR001651,
PHR-02 same controlled medicine from several unrelated prescribers,PHR,PHR-02-R03,CLM69038686,member,MBR005381,
PHR-02 same controlled medicine from several unrelated prescribers,PHR,PHR-02-R03,CLM65024780,member,MBR005381,
PHR-02 same controlled medicine from several unrelated prescribers,PHR,PHR-02-R03,CLM31962619,member,MBR005381,
PHR-02 same controlled medicine from several unrelated prescribers,PHR,PHR-02-R03,CLM10005309,member,MBR005381,
PHR-02 one care team prescribing the same medicine,PHR,PHR-02-R03,CLM59099262,member,MBR000838,Declared exclusion: care team / provider group identity — must not fire.
PHR-02 one care team prescribing the same medicine,PHR,PHR-02-R03,CLM48197493,member,MBR000838,Declared exclusion: care team / provider group identity — must not fire.
PHR-02 one care team prescribing the same medicine,PHR,PHR-02-R03,CLM57154163,member,MBR000838,Declared exclusion: care team / provider group identity — must not fire.
PHR-02 same medicine collected from several pharmacies,PHR,PHR-02-R04;PHR-02-R01,CLM40338284,member,MBR003095,
PHR-02 same medicine collected from several pharmacies,PHR,PHR-02-R04;PHR-02-R01,CLM13837192,member,MBR003095,
PHR-02 same medicine collected from several pharmacies,PHR,PHR-02-R04;PHR-02-R01,CLM54294511,member,MBR003095,
PHR-02 same medicine collected from several pharmacies,PHR,PHR-02-R04;PHR-02-R01,CLM13175320,member,MBR008739,
PHR-02 same medicine collected from several pharmacies,PHR,PHR-02-R04;PHR-02-R01,CLM18865213,member,MBR008739,
PHR-02 same medicine collected from several pharmacies,PHR,PHR-02-R04;PHR-02-R01,CLM94515235,member,MBR008739,
PHR-02 same medicine collected from several pharmacies,PHR,PHR-02-R04;PHR-02-R01,CLM56045167,member,MBR007306,
PHR-02 same medicine collected from several pharmacies,PHR,PHR-02-R04;PHR-02-R01,CLM73769131,member,MBR007306,
PHR-02 same medicine collected from several pharmacies,PHR,PHR-02-R04;PHR-02-R01,CLM80864144,member,MBR007306,
PHR-02 same medicine collected from several pharmacies,PHR,PHR-02-R04;PHR-02-R01,CLM68940893,member,MBR007491,
PHR-02 same medicine collected from several pharmacies,PHR,PHR-02-R04;PHR-02-R01,CLM87462020,member,MBR007491,
PHR-02 same medicine collected from several pharmacies,PHR,PHR-02-R04;PHR-02-R01,CLM75008956,member,MBR007491,
PHR-02 partial fills across pharmacies,PHR,PHR-02-R04,CLM75845830,member,MBR003802,Declared exclusion: partial fills — must not fire.
PHR-02 partial fills across pharmacies,PHR,PHR-02-R04,CLM89093097,member,MBR003802,Declared exclusion: partial fills — must not fire.
PHR-02 partial fills across pharmacies,PHR,PHR-02-R04,CLM41284743,member,MBR003802,Declared exclusion: partial fills — must not fire.
PHR-03 daily dose above the mg/kg limit,PHR,PHR-03-R01,CLM18539646,claim,CLM18539646;CLM58848443;CLM69950682;CLM22938732;CLM38329037,
PHR-03 daily dose above the mg/kg limit,PHR,PHR-03-R01,CLM58848443,claim,CLM18539646;CLM58848443;CLM69950682;CLM22938732;CLM38329037,
PHR-03 daily dose above the mg/kg limit,PHR,PHR-03-R01,CLM69950682,claim,CLM18539646;CLM58848443;CLM69950682;CLM22938732;CLM38329037,
PHR-03 daily dose above the mg/kg limit,PHR,PHR-03-R01,CLM22938732,claim,CLM18539646;CLM58848443;CLM69950682;CLM22938732;CLM38329037,
PHR-03 daily dose above the mg/kg limit,PHR,PHR-03-R01,CLM38329037,claim,CLM18539646;CLM58848443;CLM69950682;CLM22938732;CLM38329037,
PHR-03 short loading course,PHR,PHR-03-R01,CLM94776036,claim,,Declared exclusion: loading dose — must not fire.
"PHR-03 second-line drug without first-line history, or drug not indicated",PHR,PHR-03-R02,CLM94741128,claim,CLM94741128;CLM45342907;CLM41331468;CLM48599073;CLM10751539;CLM38641891,
"PHR-03 second-line drug without first-line history, or drug not indicated",PHR,PHR-03-R02,CLM45342907,claim,CLM94741128;CLM45342907;CLM41331468;CLM48599073;CLM10751539;CLM38641891,
"PHR-03 second-line drug without first-line history, or drug not indicated",PHR,PHR-03-R02,CLM41331468,claim,CLM94741128;CLM45342907;CLM41331468;CLM48599073;CLM10751539;CLM38641891,
"PHR-03 second-line drug without first-line history, or drug not indicated",PHR,PHR-03-R02,CLM48599073,claim,CLM94741128;CLM45342907;CLM41331468;CLM48599073;CLM10751539;CLM38641891,
"PHR-03 second-line drug without first-line history, or drug not indicated",PHR,PHR-03-R02,CLM10751539,claim,CLM94741128;CLM45342907;CLM41331468;CLM48599073;CLM10751539;CLM38641891,
"PHR-03 second-line drug without first-line history, or drug not indicated",PHR,PHR-03-R02,CLM38641891,claim,CLM94741128;CLM45342907;CLM41331468;CLM48599073;CLM10751539;CLM38641891,
PHR-03 wastage billed far above vial arithmetic,PHR,PHR-03-R04,CLM10575574,provider,PRV0014,
PHR-03 wastage billed far above vial arithmetic,PHR,PHR-03-R04,CLM19775783,provider,PRV0014,
PHR-03 wastage billed far above vial arithmetic,PHR,PHR-03-R04,CLM28483029,provider,PRV0014,
PHR-03 wastage billed far above vial arithmetic,PHR,PHR-03-R04,CLM31989496,provider,PRV0014,
PHR-03 wastage billed far above vial arithmetic,PHR,PHR-03-R04,CLM33717747,provider,PRV0014,
PHR-03 wastage billed far above vial arithmetic,PHR,PHR-03-R04,CLM35064816,provider,PRV0014,
PHR-03 wastage billed far above vial arithmetic,PHR,PHR-03-R04,CLM42051190,provider,PRV0014,
PHR-03 wastage billed far above vial arithmetic,PHR,PHR-03-R04,CLM43543160,provider,PRV0014,
PHR-03 wastage billed far above vial arithmetic,PHR,PHR-03-R04,CLM68368941,provider,PRV0014,
PHR-03 wastage billed far above vial arithmetic,PHR,PHR-03-R04,CLM68714345,provider,PRV0014,
PHR-03 wastage billed far above vial arithmetic,PHR,PHR-03-R04,CLM69379218,provider,PRV0014,
PHR-03 wastage billed far above vial arithmetic,PHR,PHR-03-R04,CLM72965729,provider,PRV0014,
PHR-03 wastage billed far above vial arithmetic,PHR,PHR-03-R04,CLM79893734,provider,PRV0014,
PHR-03 wastage billed far above vial arithmetic,PHR,PHR-03-R04,CLM85045566,provider,PRV0014,
PHR-03 wastage billed far above vial arithmetic,PHR,PHR-03-R04,CLM85092853,provider,PRV0014,
PHR-03 wastage billed far above vial arithmetic,PHR,PHR-03-R04,CLM86916442,provider,PRV0014,
PHR-03 wastage billed far above vial arithmetic,PHR,PHR-03-R04,CLM89419379,provider,PRV0014,
PHR-03 wastage billed far above vial arithmetic,PHR,PHR-03-R04,CLM93795955,provider,PRV0014,
PHR-03 wastage billed far above vial arithmetic,PHR,PHR-03-R04,CLM95364892,provider,PRV0014,
PHR-03 wastage billed far above vial arithmetic,PHR,PHR-03-R04,CLM95726116,provider,PRV0014,
PHR-04 prescriber concentrated on one pharmacy,PHR,PHR-04-R01,CLM93776878,clinician,CL01106,
PHR-04 prescriber concentrated on one pharmacy,PHR,PHR-04-R01,CLM64871639,clinician,CL01106,
PHR-04 prescriber concentrated on one pharmacy,PHR,PHR-04-R01,CLM84897615,clinician,CL01106,
PHR-04 prescriber concentrated on one pharmacy,PHR,PHR-04-R01,CLM58680172,clinician,CL01106,
PHR-04 prescriber concentrated on one pharmacy,PHR,PHR-04-R01,CLM62890728,clinician,CL01106,
PHR-04 prescriber concentrated on one pharmacy,PHR,PHR-04-R01,CLM92369193,clinician,CL01106,
PHR-04 prescriber concentrated on one pharmacy,PHR,PHR-04-R01,CLM97888500,clinician,CL01106,
PHR-04 prescriber concentrated on one pharmacy,PHR,PHR-04-R01,CLM69396887,clinician,CL01106,
PHR-04 prescriber concentrated on one pharmacy,PHR,PHR-04-R01,CLM62184811,clinician,CL01106,
PHR-04 prescriber concentrated on one pharmacy,PHR,PHR-04-R01,CLM93913433,clinician,CL01106,
PHR-04 prescriber concentrated on one pharmacy,PHR,PHR-04-R01,CLM71421254,clinician,CL01106,
PHR-04 prescriber concentrated on one pharmacy,PHR,PHR-04-R01,CLM91554160,clinician,CL01106,
PHR-04 prescriber concentrated on one pharmacy,PHR,PHR-04-R01,CLM99577808,clinician,CL01106,
PHR-04 prescriber concentrated on one pharmacy,PHR,PHR-04-R01,CLM29515037,clinician,CL01106,
PHR-04 prescriber concentrated on one pharmacy,PHR,PHR-04-R01,CLM21371570,clinician,CL01106,
PHR-04 prescriber concentrated on one pharmacy,PHR,PHR-04-R01,CLM13581043,clinician,CL01106,
PHR-04 prescriber concentrated on one pharmacy,PHR,PHR-04-R01,CLM68647408,clinician,CL01106,
PHR-04 prescriber concentrated on one pharmacy,PHR,PHR-04-R01,CLM65124729,clinician,CL01106,
PHR-04 prescriber concentrated on one pharmacy,PHR,PHR-04-R01,CLM94052660,clinician,CL01106,
PHR-04 prescriber concentrated on one pharmacy,PHR,PHR-04-R01,CLM63050083,clinician,CL01106,
PHR-04 prescriber concentrated on one pharmacy,PHR,PHR-04-R01,CLM29061265,clinician,CL01106,
PHR-04 prescriber concentrated on one pharmacy,PHR,PHR-04-R01,CLM31334906,clinician,CL01106,
PHR-04 prescriber concentrated on one pharmacy,PHR,PHR-04-R01,CLM69815834,clinician,CL01106,
PHR-04 prescriber concentrated on one pharmacy,PHR,PHR-04-R01,CLM77504096,clinician,CL01106,
PHR-04 prescriber concentrated on one pharmacy,PHR,PHR-04-R01,CLM60642264,clinician,CL01106,
PHR-04 prescriber concentrated on one pharmacy,PHR,PHR-04-R01,CLM75241024,clinician,CL01106,
PHR-04 prescriber concentrated on one pharmacy,PHR,PHR-04-R01,CLM17924344,clinician,CL01106,
PHR-04 prescriber concentrated on one pharmacy,PHR,PHR-04-R01,CLM65625597,clinician,CL01106,
PHR-04 prescriber concentrated on one pharmacy,PHR,PHR-04-R01,CLM14136789,clinician,CL01106,
PHR-04 prescriber concentrated on one pharmacy,PHR,PHR-04-R01,CLM58817735,clinician,CL01106,
PHR-04 clinic-to-pharmacy flow with shared bank account and phone,PHR,PHR-04-R02,CLM24372943,provider,PRV0126;PRV0152,
PHR-04 clinic-to-pharmacy flow with shared bank account and phone,PHR,PHR-04-R02,CLM90630925,provider,PRV0126;PRV0152,
PHR-04 clinic-to-pharmacy flow with shared bank account and phone,PHR,PHR-04-R02,CLM22154527,provider,PRV0126;PRV0152,
PHR-04 clinic-to-pharmacy flow with shared bank account and phone,PHR,PHR-04-R02,CLM92137455,provider,PRV0126;PRV0152,
PHR-04 clinic-to-pharmacy flow with shared bank account and phone,PHR,PHR-04-R02,CLM41919478,provider,PRV0126;PRV0152,
PHR-04 clinic-to-pharmacy flow with shared bank account and phone,PHR,PHR-04-R02,CLM82157926,provider,PRV0126;PRV0152,
PHR-04 clinic-to-pharmacy flow with shared bank account and phone,PHR,PHR-04-R02,CLM89275216,provider,PRV0126;PRV0152,
PHR-04 clinic-to-pharmacy flow with shared bank account and phone,PHR,PHR-04-R02,CLM84618027,provider,PRV0126;PRV0152,
PHR-04 clinic-to-pharmacy flow with shared bank account and phone,PHR,PHR-04-R02,CLM44102963,provider,PRV0126;PRV0152,
PHR-04 clinic-to-pharmacy flow with shared bank account and phone,PHR,PHR-04-R02,CLM49150837,provider,PRV0126;PRV0152,
PHR-04 clinic-to-pharmacy flow with shared bank account and phone,PHR,PHR-04-R02,CLM45768173,provider,PRV0126;PRV0152,
PHR-04 clinic-to-pharmacy flow with shared bank account and phone,PHR,PHR-04-R02,CLM65113388,provider,PRV0126;PRV0152,
PHR-04 clinic-to-pharmacy flow with shared bank account and phone,PHR,PHR-04-R02,CLM87424748,provider,PRV0126;PRV0152,
PHR-04 clinic-to-pharmacy flow with shared bank account and phone,PHR,PHR-04-R02,CLM41919593,provider,PRV0126;PRV0152,
PHR-04 clinic-to-pharmacy flow with shared bank account and phone,PHR,PHR-04-R02,CLM32266060,provider,PRV0126;PRV0152,
PHR-04 clinic-to-pharmacy flow with shared bank account and phone,PHR,PHR-04-R02,CLM86098213,provider,PRV0126;PRV0152,
PHR-04 clinic-to-pharmacy flow with shared bank account and phone,PHR,PHR-04-R02,CLM10902330,provider,PRV0126;PRV0152,
PHR-04 clinic-to-pharmacy flow with shared bank account and phone,PHR,PHR-04-R02,CLM20887962,provider,PRV0126;PRV0152,
PHR-04 clinic-to-pharmacy flow with shared bank account and phone,PHR,PHR-04-R02,CLM31735482,provider,PRV0126;PRV0152,
PHR-04 clinic-to-pharmacy flow with shared bank account and phone,PHR,PHR-04-R02,CLM85934844,provider,PRV0126;PRV0152,
PHR-04 clinic-to-pharmacy flow with shared bank account and phone,PHR,PHR-04-R02,CLM69819703,provider,PRV0126;PRV0152,
PHR-04 clinic-to-pharmacy flow with shared bank account and phone,PHR,PHR-04-R02,CLM35849232,provider,PRV0126;PRV0152,
PHR-04 clinic-to-pharmacy flow with shared bank account and phone,PHR,PHR-04-R02,CLM84619663,provider,PRV0126;PRV0152,
PHR-04 clinic-to-pharmacy flow with shared bank account and phone,PHR,PHR-04-R02,CLM44977758,provider,PRV0126;PRV0152,
PHR-04 clinic-to-pharmacy flow with shared bank account and phone,PHR,PHR-04-R02,CLM33525362,provider,PRV0126;PRV0152,
PHR-04 clinic-to-pharmacy flow with shared bank account and phone,PHR,PHR-04-R02,CLM76326627,provider,PRV0126;PRV0152,
PHR-04 clinic-to-pharmacy flow with shared bank account and phone,PHR,PHR-04-R02,CLM32682704,provider,PRV0126;PRV0152,
PHR-04 clinic's flow to its own declared pharmacy,PHR,PHR-04-R02;PHR-04-R01,CLM42092644,provider,PRV0109;PRV0176,Declared exclusions: known corporate relationship / on-site pharmacy — must not fire.
PHR-04 clinic's flow to its own declared pharmacy,PHR,PHR-04-R02;PHR-04-R01,CLM43631534,provider,PRV0109;PRV0176,Declared exclusions: known corporate relationship / on-site pharmacy — must not fire.
PHR-04 clinic's flow to its own declared pharmacy,PHR,PHR-04-R02;PHR-04-R01,CLM66022830,provider,PRV0109;PRV0176,Declared exclusions: known corporate relationship / on-site pharmacy — must not fire.
PHR-04 clinic's flow to its own declared pharmacy,PHR,PHR-04-R02;PHR-04-R01,CLM36203756,provider,PRV0109;PRV0176,Declared exclusions: known corporate relationship / on-site pharmacy — must not fire.
PHR-04 clinic's flow to its own declared pharmacy,PHR,PHR-04-R02;PHR-04-R01,CLM34454467,provider,PRV0109;PRV0176,Declared exclusions: known corporate relationship / on-site pharmacy — must not fire.
PHR-04 clinic's flow to its own declared pharmacy,PHR,PHR-04-R02;PHR-04-R01,CLM87569566,provider,PRV0109;PRV0176,Declared exclusions: known corporate relationship / on-site pharmacy — must not fire.
PHR-04 clinic's flow to its own declared pharmacy,PHR,PHR-04-R02;PHR-04-R01,CLM76429084,provider,PRV0109;PRV0176,Declared exclusions: known corporate relationship / on-site pharmacy — must not fire.
PHR-04 clinic's flow to its own declared pharmacy,PHR,PHR-04-R02;PHR-04-R01,CLM57106287,provider,PRV0109;PRV0176,Declared exclusions: known corporate relationship / on-site pharmacy — must not fire.
PHR-04 clinic's flow to its own declared pharmacy,PHR,PHR-04-R02;PHR-04-R01,CLM14426882,provider,PRV0109;PRV0176,Declared exclusions: known corporate relationship / on-site pharmacy — must not fire.
PHR-04 clinic's flow to its own declared pharmacy,PHR,PHR-04-R02;PHR-04-R01,CLM35239500,provider,PRV0109;PRV0176,Declared exclusions: known corporate relationship / on-site pharmacy — must not fire.
PHR-04 clinic's flow to its own declared pharmacy,PHR,PHR-04-R02;PHR-04-R01,CLM16649409,provider,PRV0109;PRV0176,Declared exclusions: known corporate relationship / on-site pharmacy — must not fire.
PHR-04 clinic's flow to its own declared pharmacy,PHR,PHR-04-R02;PHR-04-R01,CLM41279199,provider,PRV0109;PRV0176,Declared exclusions: known corporate relationship / on-site pharmacy — must not fire.
PHR-04 clinic's flow to its own declared pharmacy,PHR,PHR-04-R02;PHR-04-R01,CLM57808477,provider,PRV0109;PRV0176,Declared exclusions: known corporate relationship / on-site pharmacy — must not fire.
PHR-04 clinic's flow to its own declared pharmacy,PHR,PHR-04-R02;PHR-04-R01,CLM67387927,provider,PRV0109;PRV0176,Declared exclusions: known corporate relationship / on-site pharmacy — must not fire.
PHR-04 clinic's flow to its own declared pharmacy,PHR,PHR-04-R02;PHR-04-R01,CLM71630776,provider,PRV0109;PRV0176,Declared exclusions: known corporate relationship / on-site pharmacy — must not fire.
PHR-04 clinic's flow to its own declared pharmacy,PHR,PHR-04-R02;PHR-04-R01,CLM46740197,provider,PRV0109;PRV0176,Declared exclusions: known corporate relationship / on-site pharmacy — must not fire.
PHR-04 clinic's flow to its own declared pharmacy,PHR,PHR-04-R02;PHR-04-R01,CLM74961401,provider,PRV0109;PRV0176,Declared exclusions: known corporate relationship / on-site pharmacy — must not fire.
PHR-04 clinic's flow to its own declared pharmacy,PHR,PHR-04-R02;PHR-04-R01,CLM36518054,provider,PRV0109;PRV0176,Declared exclusions: known corporate relationship / on-site pharmacy — must not fire.
PHR-04 clinic's flow to its own declared pharmacy,PHR,PHR-04-R02;PHR-04-R01,CLM95141485,provider,PRV0109;PRV0176,Declared exclusions: known corporate relationship / on-site pharmacy — must not fire.
PHR-04 clinic's flow to its own declared pharmacy,PHR,PHR-04-R02;PHR-04-R01,CLM41343050,provider,PRV0109;PRV0176,Declared exclusions: known corporate relationship / on-site pharmacy — must not fire.
PHR-04 clinic's flow to its own declared pharmacy,PHR,PHR-04-R02;PHR-04-R01,CLM58115654,provider,PRV0109;PRV0176,Declared exclusions: known corporate relationship / on-site pharmacy — must not fire.
PHR-04 clinic's flow to its own declared pharmacy,PHR,PHR-04-R02;PHR-04-R01,CLM56496045,provider,PRV0109;PRV0176,Declared exclusions: known corporate relationship / on-site pharmacy — must not fire.
PHR-04 clinic's flow to its own declared pharmacy,PHR,PHR-04-R02;PHR-04-R01,CLM74333986,provider,PRV0109;PRV0176,Declared exclusions: known corporate relationship / on-site pharmacy — must not fire.
PHR-04 clinic's flow to its own declared pharmacy,PHR,PHR-04-R02;PHR-04-R01,CLM17435674,provider,PRV0109;PRV0176,Declared exclusions: known corporate relationship / on-site pharmacy — must not fire.
PHR-04 clinic's flow to its own declared pharmacy,PHR,PHR-04-R02;PHR-04-R01,CLM47943067,provider,PRV0109;PRV0176,Declared exclusions: known corporate relationship / on-site pharmacy — must not fire.
PHR-04 clinic's flow to its own declared pharmacy,PHR,PHR-04-R02;PHR-04-R01,CLM27995842,provider,PRV0109;PRV0176,Declared exclusions: known corporate relationship / on-site pharmacy — must not fire.
PHR-04 clinic's flow to its own declared pharmacy,PHR,PHR-04-R02;PHR-04-R01,CLM37284427,provider,PRV0109;PRV0176,Declared exclusions: known corporate relationship / on-site pharmacy — must not fire.
PHR-04 high-cost prescriptions steered to one pharmacy,PHR,PHR-04-R03,CLM45538242,clinician,CL01174,
PHR-04 high-cost prescriptions steered to one pharmacy,PHR,PHR-04-R03,CLM60501289,clinician,CL01174,
PHR-04 high-cost prescriptions steered to one pharmacy,PHR,PHR-04-R03,CLM80037583,clinician,CL01174,
PHR-04 high-cost prescriptions steered to one pharmacy,PHR,PHR-04-R03,CLM87605683,clinician,CL01174,
PHR-04 high-cost prescriptions steered to one pharmacy,PHR,PHR-04-R03,CLM96756367,clinician,CL01174,
PHR-04 high-cost prescriptions steered to one pharmacy,PHR,PHR-04-R03,CLM60565952,clinician,CL01174,
PHR-04 high-cost prescriptions steered to one pharmacy,PHR,PHR-04-R03,CLM55514886,clinician,CL01174,
PHR-04 high-cost prescriptions steered to one pharmacy,PHR,PHR-04-R03,CLM74322969,clinician,CL01174,
PHR-04 high-cost prescriptions steered to one pharmacy,PHR,PHR-04-R03,CLM20889280,clinician,CL01174,
PHR-04 high-cost prescriptions steered to one pharmacy,PHR,PHR-04-R03,CLM60408695,clinician,CL01174,
PHR-04 high-cost prescriptions steered to one pharmacy,PHR,PHR-04-R03,CLM16771263,clinician,CL01174,
PHR-04 high-cost prescriptions steered to one pharmacy,PHR,PHR-04-R03,CLM12943455,clinician,CL01174,
PHR-04 high-cost prescriptions steered to one pharmacy,PHR,PHR-04-R03,CLM26335576,clinician,CL01174,
PHR-04 high-cost prescriptions steered to one pharmacy,PHR,PHR-04-R03,CLM26083613,clinician,CL01174,
PHR-04 high-cost prescriptions steered to one pharmacy,PHR,PHR-04-R03,CLM99846540,clinician,CL01174,
PHR-04 high-cost prescriptions steered to one pharmacy,PHR,PHR-04-R03,CLM14909889,clinician,CL01174,
PHR-04 high-cost prescriptions steered to one pharmacy,PHR,PHR-04-R03,CLM17292061,clinician,CL01174,
PHR-04 high-cost prescriptions steered to one pharmacy,PHR,PHR-04-R03,CLM87050222,clinician,CL01174,
PHR-04 high-cost prescriptions steered to one pharmacy,PHR,PHR-04-R03,CLM40623872,clinician,CL01174,
PHR-04 high-cost prescriptions steered to one pharmacy,PHR,PHR-04-R03,CLM40037026,clinician,CL01174,
PHR-04 adalimumab dispensed by several pharmacies (availability background),PHR,PHR-04-R03,CLM37183256,claim,,Legitimate background so the product-availability exclusion does not apply.
PHR-04 adalimumab dispensed by several pharmacies (availability background),PHR,PHR-04-R03,CLM19169494,claim,,Legitimate background so the product-availability exclusion does not apply.
PHR-04 adalimumab dispensed by several pharmacies (availability background),PHR,PHR-04-R03,CLM59478453,claim,,Legitimate background so the product-availability exclusion does not apply.
PHR-04 adalimumab dispensed by several pharmacies (availability background),PHR,PHR-04-R03,CLM31918238,claim,,Legitimate background so the product-availability exclusion does not apply.
PHR-04 adalimumab dispensed by several pharmacies (availability background),PHR,PHR-04-R03,CLM47607556,claim,,Legitimate background so the product-availability exclusion does not apply.
PHR-04 adalimumab dispensed by several pharmacies (availability background),PHR,PHR-04-R03,CLM38025545,claim,,Legitimate background so the product-availability exclusion does not apply.
PHR-04 adalimumab dispensed by several pharmacies (availability background),PHR,PHR-04-R03,CLM27799845,claim,,Legitimate background so the product-availability exclusion does not apply.
PHR-04 adalimumab dispensed by several pharmacies (availability background),PHR,PHR-04-R03,CLM14305798,claim,,Legitimate background so the product-availability exclusion does not apply.
PHR-04 new prescriber-pharmacy link rapidly dominant,PHR,PHR-04-R04,CLM78835234,clinician,CL00912;PRV0150,
PHR-04 new prescriber-pharmacy link rapidly dominant,PHR,PHR-04-R04,CLM10171644,clinician,CL00912;PRV0150,
PHR-04 new prescriber-pharmacy link rapidly dominant,PHR,PHR-04-R04,CLM33627116,clinician,CL00912;PRV0150,
PHR-04 new prescriber-pharmacy link rapidly dominant,PHR,PHR-04-R04,CLM74463031,clinician,CL00912;PRV0150,
PHR-04 new prescriber-pharmacy link rapidly dominant,PHR,PHR-04-R04,CLM81087657,clinician,CL00912;PRV0150,
PHR-04 new prescriber-pharmacy link rapidly dominant,PHR,PHR-04-R04,CLM22920332,clinician,CL00912;PRV0150,
PHR-04 new prescriber-pharmacy link rapidly dominant,PHR,PHR-04-R04,CLM97445402,clinician,CL00912;PRV0150,
PHR-04 new prescriber-pharmacy link rapidly dominant,PHR,PHR-04-R04,CLM26259169,clinician,CL00912;PRV0150,
PHR-04 new prescriber-pharmacy link rapidly dominant,PHR,PHR-04-R04,CLM67882285,clinician,CL00912;PRV0150,
PHR-04 new prescriber-pharmacy link rapidly dominant,PHR,PHR-04-R04,CLM14231034,clinician,CL00912;PRV0150,
PHR-04 new prescriber-pharmacy link rapidly dominant,PHR,PHR-04-R04,CLM56463575,clinician,CL00912;PRV0150,
PHR-04 new prescriber-pharmacy link rapidly dominant,PHR,PHR-04-R04,CLM40473747,clinician,CL00912;PRV0150,
PHR-04 new prescriber-pharmacy link rapidly dominant,PHR,PHR-04-R04,CLM44550691,clinician,CL00912;PRV0150,
PHR-04 new prescriber-pharmacy link rapidly dominant,PHR,PHR-04-R04,CLM95905960,clinician,CL00912;PRV0150,
PHR-04 new prescriber-pharmacy link rapidly dominant,PHR,PHR-04-R04,CLM33618017,clinician,CL00912;PRV0150,
PHR-04 new prescriber-pharmacy link rapidly dominant,PHR,PHR-04-R04,CLM62576454,clinician,CL00912;PRV0150,
PHR-04 new prescriber-pharmacy link rapidly dominant,PHR,PHR-04-R04,CLM87253055,clinician,CL00912;PRV0150,
PHR-04 new prescriber-pharmacy link rapidly dominant,PHR,PHR-04-R04,CLM16075814,clinician,CL00912;PRV0150,
PHR-04 new prescriber-pharmacy link rapidly dominant,PHR,PHR-04-R04,CLM60170239,clinician,CL00912;PRV0150,
PHR-04 new prescriber-pharmacy link rapidly dominant,PHR,PHR-04-R04,CLM69287372,clinician,CL00912;PRV0150,
PHR-04 new prescriber-pharmacy link rapidly dominant,PHR,PHR-04-R04,CLM21569175,clinician,CL00912;PRV0150,
PHR-04 new prescriber-pharmacy link rapidly dominant,PHR,PHR-04-R04,CLM41377967,clinician,CL00912;PRV0150,
PHR-04 new prescriber-pharmacy link rapidly dominant,PHR,PHR-04-R04,CLM34378368,clinician,CL00912;PRV0150,
PHR-04 new prescriber-pharmacy link rapidly dominant,PHR,PHR-04-R04,CLM21862163,clinician,CL00912;PRV0150,
PHR-04 established prescribing before the switch,PHR,PHR-04-R04,CLM67518158,clinician,CL00912,History that makes the later link new; not itself a finding.
PHR-04 established prescribing before the switch,PHR,PHR-04-R04,CLM51619826,clinician,CL00912,History that makes the later link new; not itself a finding.
PHR-04 established prescribing before the switch,PHR,PHR-04-R04,CLM77428519,clinician,CL00912,History that makes the later link new; not itself a finding.
PHR-04 established prescribing before the switch,PHR,PHR-04-R04,CLM57215854,clinician,CL00912,History that makes the later link new; not itself a finding.
PHR-04 established prescribing before the switch,PHR,PHR-04-R04,CLM49415836,clinician,CL00912,History that makes the later link new; not itself a finding.
PHR-04 established prescribing before the switch,PHR,PHR-04-R04,CLM87436223,clinician,CL00912,History that makes the later link new; not itself a finding.
PHR-04 established prescribing before the switch,PHR,PHR-04-R04,CLM31653496,clinician,CL00912,History that makes the later link new; not itself a finding.
PHR-04 established prescribing before the switch,PHR,PHR-04-R04,CLM26180391,clinician,CL00912,History that makes the later link new; not itself a finding.
PHR-04 established prescribing before the switch,PHR,PHR-04-R04,CLM44906553,clinician,CL00912,History that makes the later link new; not itself a finding.
PHR-04 established prescribing before the switch,PHR,PHR-04-R04,CLM58346783,clinician,CL00912,History that makes the later link new; not itself a finding.
PHR-04 established prescribing before the switch,PHR,PHR-04-R04,CLM33989130,clinician,CL00912,History that makes the later link new; not itself a finding.
PHR-04 established prescribing before the switch,PHR,PHR-04-R04,CLM53795430,clinician,CL00912,History that makes the later link new; not itself a finding.
PHR-04 established prescribing before the switch,PHR,PHR-04-R04,CLM31419911,clinician,CL00912,History that makes the later link new; not itself a finding.
PHR-04 established prescribing before the switch,PHR,PHR-04-R04,CLM37701494,clinician,CL00912,History that makes the later link new; not itself a finding.
PHR-04 established prescribing before the switch,PHR,PHR-04-R04,CLM67143667,clinician,CL00912,History that makes the later link new; not itself a finding.
PHR-04 established prescribing before the switch,PHR,PHR-04-R04,CLM98882645,clinician,CL00912,History that makes the later link new; not itself a finding.
PHR-04 established prescribing before the switch,PHR,PHR-04-R04,CLM73198109,clinician,CL00912,History that makes the later link new; not itself a finding.
PHR-04 established prescribing before the switch,PHR,PHR-04-R04,CLM95006935,clinician,CL00912,History that makes the later link new; not itself a finding.
PHR-04 established prescribing before the switch,PHR,PHR-04-R04,CLM36004263,clinician,CL00912,History that makes the later link new; not itself a finding.
PHR-04 established prescribing before the switch,PHR,PHR-04-R04,CLM28025846,clinician,CL00912,History that makes the later link new; not itself a finding.
PHR-04 established prescribing before the switch,PHR,PHR-04-R04,CLM98920074,clinician,CL00912,History that makes the later link new; not itself a finding.
PHR-04 established prescribing before the switch,PHR,PHR-04-R04,CLM69780987,clinician,CL00912,History that makes the later link new; not itself a finding.
PHR-04 established prescribing before the switch,PHR,PHR-04-R04,CLM13956265,clinician,CL00912,History that makes the later link new; not itself a finding.
PHR-04 established prescribing before the switch,PHR,PHR-04-R04,CLM99408493,clinician,CL00912,History that makes the later link new; not itself a finding.
PHR-04 established prescribing before the switch,PHR,PHR-04-R04,CLM57709584,clinician,CL00912,History that makes the later link new; not itself a finding.
PHR-04 established prescribing before the switch,PHR,PHR-04-R04,CLM96467441,clinician,CL00912,History that makes the later link new; not itself a finding.
PHR-04 established prescribing before the switch,PHR,PHR-04-R04,CLM20171356,clinician,CL00912,History that makes the later link new; not itself a finding.
PHR-04 established prescribing before the switch,PHR,PHR-04-R04,CLM54287068,clinician,CL00912,History that makes the later link new; not itself a finding.
PHR-04 established prescribing before the switch,PHR,PHR-04-R04,CLM95972250,clinician,CL00912,History that makes the later link new; not itself a finding.
PHR-04 established prescribing before the switch,PHR,PHR-04-R04,CLM96847333,clinician,CL00912,History that makes the later link new; not itself a finding.
PHR-04 established prescribing before the switch,PHR,PHR-04-R04,CLM68368405,clinician,CL00912,History that makes the later link new; not itself a finding.
PHR-04 established prescribing before the switch,PHR,PHR-04-R04,CLM40997042,clinician,CL00912,History that makes the later link new; not itself a finding.
PHR-04 established prescribing before the switch,PHR,PHR-04-R04,CLM30364337,clinician,CL00912,History that makes the later link new; not itself a finding.
PHR-04 established prescribing before the switch,PHR,PHR-04-R04,CLM27977971,clinician,CL00912,History that makes the later link new; not itself a finding.
PHR-04 established prescribing before the switch,PHR,PHR-04-R04,CLM13258124,clinician,CL00912,History that makes the later link new; not itself a finding.
PHR-04 established prescribing before the switch,PHR,PHR-04-R04,CLM78303329,clinician,CL00912,History that makes the later link new; not itself a finding.
PHR-04 established prescribing before the switch,PHR,PHR-04-R04,CLM40890752,clinician,CL00912,History that makes the later link new; not itself a finding.
PHR-04 established prescribing before the switch,PHR,PHR-04-R04,CLM73926625,clinician,CL00912,History that makes the later link new; not itself a finding.
PHR-04 established prescribing before the switch,PHR,PHR-04-R04,CLM47862693,clinician,CL00912,History that makes the later link new; not itself a finding.
PHR-04 established prescribing before the switch,PHR,PHR-04-R04,CLM48250802,clinician,CL00912,History that makes the later link new; not itself a finding.
PHR-04 established prescribing before the switch,PHR,PHR-04-R04,CLM29714275,clinician,CL00912,History that makes the later link new; not itself a finding.
PHR-04 established prescribing before the switch,PHR,PHR-04-R04,CLM37617662,clinician,CL00912,History that makes the later link new; not itself a finding.
PHR-04 established prescribing before the switch,PHR,PHR-04-R04,CLM59016711,clinician,CL00912,History that makes the later link new; not itself a finding.
PHR-04 established prescribing before the switch,PHR,PHR-04-R04,CLM77723727,clinician,CL00912,History that makes the later link new; not itself a finding.
PHR-04 established prescribing before the switch,PHR,PHR-04-R04,CLM90528917,clinician,CL00912,History that makes the later link new; not itself a finding.
PHR-04 established prescribing before the switch,PHR,PHR-04-R04,CLM37276871,clinician,CL00912,History that makes the later link new; not itself a finding.
PHR-04 established prescribing before the switch,PHR,PHR-04-R04,CLM25079257,clinician,CL00912,History that makes the later link new; not itself a finding.
PHR-04 established prescribing before the switch,PHR,PHR-04-R04,CLM48214754,clinician,CL00912,History that makes the later link new; not itself a finding.
PHR-04 established prescribing before the switch,PHR,PHR-04-R04,CLM70232174,clinician,CL00912,History that makes the later link new; not itself a finding.
PHR-04 established prescribing before the switch,PHR,PHR-04-R04,CLM39725411,clinician,CL00912,History that makes the later link new; not itself a finding.
PHR-04 established prescribing before the switch,PHR,PHR-04-R04,CLM51579928,clinician,CL00912,History that makes the later link new; not itself a finding.
PHR-05 used or rented equipment billed as a new purchase,PHR,PHR-05-R01,CLM35691243,claim,CLM35691243;CLM91365652;CLM55948662,
PHR-05 used or rented equipment billed as a new purchase,PHR,PHR-05-R01,CLM91365652,claim,CLM35691243;CLM91365652;CLM55948662,
PHR-05 used or rented equipment billed as a new purchase,PHR,PHR-05-R01,CLM55948662,claim,CLM35691243;CLM91365652;CLM55948662,
PHR-05 rent-to-own device billed as purchase,PHR,PHR-05-R01,CLM77022348,claim,,Declared exclusion: rent-to-own policy — must not fire.
"PHR-05 implant with no procedure, or on the opposite side",PHR,PHR-05-R02,CLM66423447,claim,CLM66423447;CLM44689029;CLM89763162;CLM38119939,
"PHR-05 implant with no procedure, or on the opposite side",PHR,PHR-05-R02,CLM44689029,claim,CLM66423447;CLM44689029;CLM89763162;CLM38119939,
"PHR-05 implant with no procedure, or on the opposite side",PHR,PHR-05-R02,CLM89763162,claim,CLM66423447;CLM44689029;CLM89763162;CLM38119939,
"PHR-05 implant with no procedure, or on the opposite side",PHR,PHR-05-R02,CLM38119939,claim,CLM66423447;CLM44689029;CLM89763162;CLM38119939,
PHR-05 staged implant after an earlier procedure,PHR,PHR-05-R02,CLM82605193,claim,,Declared exclusion: replacement/spare policy — must not fire.
PHR-05 child re-issued a device (growth),PHR,PHR-05-R03,CLM85858639,claim,,Declared exclusion: member growth — must not fire.
PHR-05 child re-issued a device (growth),PHR,PHR-05-R03,CLM64082899,claim,,Declared exclusion: member growth — must not fire.
PHR-05 supplies beyond usual consumption or useful life,PHR,PHR-05-R03,CLM93161637,claim,CLM93161637;CLM52002552;CLM56969526;CLM10386448;CLM45165452;CLM82229717;CLM19039589,
PHR-05 supplies beyond usual consumption or useful life,PHR,PHR-05-R03,CLM52002552,claim,CLM93161637;CLM52002552;CLM56969526;CLM10386448;CLM45165452;CLM82229717;CLM19039589,
PHR-05 supplies beyond usual consumption or useful life,PHR,PHR-05-R03,CLM56969526,claim,CLM93161637;CLM52002552;CLM56969526;CLM10386448;CLM45165452;CLM82229717;CLM19039589,
PHR-05 supplies beyond usual consumption or useful life,PHR,PHR-05-R03,CLM10386448,claim,CLM93161637;CLM52002552;CLM56969526;CLM10386448;CLM45165452;CLM82229717;CLM19039589,
PHR-05 supplies beyond usual consumption or useful life,PHR,PHR-05-R03,CLM45165452,claim,CLM93161637;CLM52002552;CLM56969526;CLM10386448;CLM45165452;CLM82229717;CLM19039589,
PHR-05 supplies beyond usual consumption or useful life,PHR,PHR-05-R03,CLM82229717,claim,CLM93161637;CLM52002552;CLM56969526;CLM10386448;CLM45165452;CLM82229717;CLM19039589,
PHR-05 supplies beyond usual consumption or useful life,PHR,PHR-05-R03,CLM19039589,claim,CLM93161637;CLM52002552;CLM56969526;CLM10386448;CLM45165452;CLM82229717;CLM19039589,
PHR-05 one device serial billed for two patients,PHR,PHR-05-R04,CLM34236233,provider,PRV0089,
PHR-05 one device serial billed for two patients,PHR,PHR-05-R04,CLM79393860,provider,PRV0089,
PHR-05 one device serial billed for two patients,PHR,PHR-05-R04,CLM57882798,provider,PRV0089,
PHR-05 one device serial billed for two patients,PHR,PHR-05-R04,CLM17855304,provider,PRV0089,
PHR-05 one device serial billed for two patients,PHR,PHR-05-R04,CLM85749349,provider,PRV0089,
PHR-05 one device serial billed for two patients,PHR,PHR-05-R04,CLM23900980,provider,PRV0089,
"DOC-01 required document never sent (operative note, discharge summary or imaging report)",DOC,DOC-01-R01,CLM90718456,claim,,
"DOC-01 required document never sent (operative note, discharge summary or imaging report)",DOC,DOC-01-R01,CLM77549765,claim,,
"DOC-01 required document never sent (operative note, discharge summary or imaging report)",DOC,DOC-01-R01,CLM98285499,claim,,
"DOC-01 required document never sent (operative note, discharge summary or imaging report)",DOC,DOC-01-R01,CLM67753938,claim,,
"DOC-01 required document never sent (operative note, discharge summary or imaging report)",DOC,DOC-01-R01,CLM31079708,claim,,
"DOC-01 required document never sent (operative note, discharge summary or imaging report)",DOC,DOC-01-R01,CLM56110100,claim,,
"DOC-01 required document never sent (operative note, discharge summary or imaging report)",DOC,DOC-01-R01,CLM67211993,claim,,
"DOC-01 required document never sent (operative note, discharge summary or imaging report)",DOC,DOC-01-R01,CLM72424723,claim,,
DOC-01 report not yet due (inside the document deadline),DOC,DOC-01-R01,CLM54578812,claim,,Latency exclusion: the claim was sent less than the deadline before the file's end.
DOC-01 report not yet due (inside the document deadline),DOC,DOC-01-R01,CLM55487222,claim,,Latency exclusion: the claim was sent less than the deadline before the file's end.
DOC-01 high-cost service without the required indication in the record,DOC,DOC-01-R03,CLM68059739,claim,,
DOC-01 high-cost service without the required indication in the record,DOC,DOC-01-R03,CLM72752537,claim,,
DOC-01 high-cost service without the required indication in the record,DOC,DOC-01-R03,CLM72039212,claim,,
DOC-01 high-cost service without the required indication in the record,DOC,DOC-01-R03,CLM68609089,claim,,
DOC-01 high-cost service without the required indication in the record,DOC,DOC-01-R03,CLM52986849,claim,,
DOC-01 high-cost service without the required indication in the record,DOC,DOC-01-R03,CLM66429987,claim,,
DOC-01 high-cost service without the required indication in the record,DOC,DOC-01-R03,CLM32030487,claim,,
DOC-01 high-cost service without the required indication in the record,DOC,DOC-01-R03,CLM58463798,claim,,
"DOC-01 approval requested for a plain X-ray or ultrasound, advanced scan billed",DOC,DOC-01-R04,CLM34517408,claim,,
"DOC-01 approval requested for a plain X-ray or ultrasound, advanced scan billed",DOC,DOC-01-R04,CLM96735190,claim,,
"DOC-01 approval requested for a plain X-ray or ultrasound, advanced scan billed",DOC,DOC-01-R04,CLM71233295,claim,,
"DOC-01 approval requested for a plain X-ray or ultrasound, advanced scan billed",DOC,DOC-01-R04,CLM56271664,claim,,
"DOC-01 approval requested for a plain X-ray or ultrasound, advanced scan billed",DOC,DOC-01-R04,CLM33296696,claim,,
"DOC-01 approval requested for a plain X-ray or ultrasound, advanced scan billed",DOC,DOC-01-R04,CLM64601313,claim,,
DOC-01 approval request that describes exactly what was billed,DOC,DOC-01-R04,CLM21863007,claim,,Consistent request narratives: the control must stay silent.
DOC-01 approval request that describes exactly what was billed,DOC,DOC-01-R04,CLM68704397,claim,,Consistent request narratives: the control must stay silent.
DOC-01 approval request that describes exactly what was billed,DOC,DOC-01-R04,CLM33068247,claim,,Consistent request narratives: the control must stay silent.
DOC-01 approval request that describes exactly what was billed,DOC,DOC-01-R04,CLM96863993,claim,,Consistent request narratives: the control must stay silent.
DOC-01 approval request that describes exactly what was billed,DOC,DOC-01-R04,CLM57566910,claim,,Consistent request narratives: the control must stay silent.
DOC-01 approval request that describes exactly what was billed,DOC,DOC-01-R04,CLM83330188,claim,,Consistent request narratives: the control must stay silent.
DOC-01 approval request that describes exactly what was billed,DOC,DOC-01-R04,CLM48423067,claim,,Consistent request narratives: the control must stay silent.
DOC-01 approval request that describes exactly what was billed,DOC,DOC-01-R04,CLM86095190,claim,,Consistent request narratives: the control must stay silent.
DOC-01 approval request that describes exactly what was billed,DOC,DOC-01-R04,CLM35962679,claim,,Consistent request narratives: the control must stay silent.
DOC-01 approval request that describes exactly what was billed,DOC,DOC-01-R04,CLM68740071,claim,,Consistent request narratives: the control must stay silent.
DOC-01 approval request that describes exactly what was billed,DOC,DOC-01-R04,CLM85614366,claim,,Consistent request narratives: the control must stay silent.
DOC-01 approval request that describes exactly what was billed,DOC,DOC-01-R04,CLM36154850,claim,,Consistent request narratives: the control must stay silent.
DOC-02 discharge summary carries another patient's age or sex,DOC,DOC-02-R02,CLM35561530,claim,,
DOC-02 discharge summary carries another patient's age or sex,DOC,DOC-02-R02,CLM40617176,claim,,
DOC-02 discharge summary carries another patient's age or sex,DOC,DOC-02-R02,CLM97166038,claim,,
DOC-02 discharge summary carries another patient's age or sex,DOC,DOC-02-R02,CLM74571120,claim,,
DOC-02 discharge summary carries another patient's age or sex,DOC,DOC-02-R02,CLM25855482,claim,,
DOC-02 discharge summary carries another patient's age or sex,DOC,DOC-02-R02,CLM94327289,claim,,
DOC-02 discharge summary carries another patient's age or sex,DOC,DOC-02-R02,CLM24449031,claim,,
DOC-02 discharge summary carries another patient's age or sex,DOC,DOC-02-R02,CLM13842632,claim,,
DOC-02 discharge summary with the patient's correct age and sex,DOC,DOC-02-R02,CLM14903889,claim,,Correct demographics: the control must stay silent.
DOC-02 discharge summary with the patient's correct age and sex,DOC,DOC-02-R02,CLM50132956,claim,,Correct demographics: the control must stay silent.
DOC-02 discharge summary with the patient's correct age and sex,DOC,DOC-02-R02,CLM96600023,claim,,Correct demographics: the control must stay silent.
DOC-02 discharge summary with the patient's correct age and sex,DOC,DOC-02-R02,CLM64981318,claim,,Correct demographics: the control must stay silent.
DOC-02 discharge summary with the patient's correct age and sex,DOC,DOC-02-R02,CLM95507092,claim,,Correct demographics: the control must stay silent.
DOC-02 discharge summary with the patient's correct age and sex,DOC,DOC-02-R02,CLM72070894,claim,,Correct demographics: the control must stay silent.
DOC-02 discharge summary with the patient's correct age and sex,DOC,DOC-02-R02,CLM64384238,claim,,Correct demographics: the control must stay silent.
DOC-02 discharge summary with the patient's correct age and sex,DOC,DOC-02-R02,CLM61545550,claim,,Correct demographics: the control must stay silent.
DOC-02 discharge summary with the patient's correct age and sex,DOC,DOC-02-R02,CLM13477296,claim,,Correct demographics: the control must stay silent.
DOC-02 discharge summary with the patient's correct age and sex,DOC,DOC-02-R02,CLM50914427,claim,,Correct demographics: the control must stay silent.
DOC-02 discharge summary with the patient's correct age and sex,DOC,DOC-02-R02,CLM28824036,claim,,Correct demographics: the control must stay silent.
DOC-02 discharge summary with the patient's correct age and sex,DOC,DOC-02-R02,CLM92980662,claim,,Correct demographics: the control must stay silent.
DOC-02 discharge summary with the patient's correct age and sex,DOC,DOC-02-R02,CLM34703440,claim,,Correct demographics: the control must stay silent.
DOC-02 discharge summary with the patient's correct age and sex,DOC,DOC-02-R02,CLM17720965,claim,,Correct demographics: the control must stay silent.
DOC-02 discharge summary with the patient's correct age and sex,DOC,DOC-02-R02,CLM67139648,claim,,Correct demographics: the control must stay silent.
DOC-02 discharge summary with the patient's correct age and sex,DOC,DOC-02-R02,CLM13735375,claim,,Correct demographics: the control must stay silent.
DOC-02 discharge summary with the patient's correct age and sex,DOC,DOC-02-R02,CLM12521222,claim,,Correct demographics: the control must stay silent.
DOC-02 discharge summary with the patient's correct age and sex,DOC,DOC-02-R02,CLM42912999,claim,,Correct demographics: the control must stay silent.
DOC-02 discharge summary with the patient's correct age and sex,DOC,DOC-02-R02,CLM50730698,claim,,Correct demographics: the control must stay silent.
DOC-02 discharge summary with the patient's correct age and sex,DOC,DOC-02-R02,CLM16174663,claim,,Correct demographics: the control must stay silent.
DOC-02 discharge summary with the patient's correct age and sex,DOC,DOC-02-R02,CLM49591319,claim,,Correct demographics: the control must stay silent.
DOC-02 discharge summary with the patient's correct age and sex,DOC,DOC-02-R02,CLM39367143,claim,,Correct demographics: the control must stay silent.
"DOC-02 discharge summary rewritten after a denial (longer stay, severity added)",DOC,DOC-02-R03,CLM24761550,claim,,
"DOC-02 discharge summary rewritten after a denial (longer stay, severity added)",DOC,DOC-02-R03,CLM98680587,claim,,
"DOC-02 discharge summary rewritten after a denial (longer stay, severity added)",DOC,DOC-02-R03,CLM57017250,claim,,
"DOC-02 discharge summary rewritten after a denial (longer stay, severity added)",DOC,DOC-02-R03,CLM42406374,claim,,
"DOC-02 discharge summary rewritten after a denial (longer stay, severity added)",DOC,DOC-02-R03,CLM45569215,claim,,
"DOC-02 discharge summary rewritten after a denial (longer stay, severity added)",DOC,DOC-02-R03,CLM89484952,claim,,
DOC-02 signed addendum after a denial,DOC,DOC-02-R03,CLM55380491,claim,,Valid signed addendum: the declared exclusion.
DOC-02 signed addendum after a denial,DOC,DOC-02-R03,CLM31081324,claim,,Valid signed addendum: the declared exclusion.
DOC-02 one-line discharge summaries for high-complexity admissions,DOC,DOC-02-R04,CLM83931220,provider,PRV0029,
DOC-02 one-line discharge summaries for high-complexity admissions,DOC,DOC-02-R04,CLM56473983,provider,PRV0029,
DOC-02 one-line discharge summaries for high-complexity admissions,DOC,DOC-02-R04,CLM16224923,provider,PRV0029,
DOC-02 one-line discharge summaries for high-complexity admissions,DOC,DOC-02-R04,CLM89098468,provider,PRV0029,
DOC-02 one-line discharge summaries for high-complexity admissions,DOC,DOC-02-R04,CLM42031183,provider,PRV0029,
DOC-02 one-line discharge summaries for high-complexity admissions,DOC,DOC-02-R04,CLM74112899,provider,PRV0029,
DOC-02 one-line discharge summaries for high-complexity admissions,DOC,DOC-02-R04,CLM96809912,provider,PRV0029,
DOC-02 one-line discharge summaries for high-complexity admissions,DOC,DOC-02-R04,CLM19897621,provider,PRV0029,
DOC-02 one-line discharge summaries for high-complexity admissions,DOC,DOC-02-R04,CLM69040480,provider,PRV0029,
DOC-02 one-line discharge summaries for high-complexity admissions,DOC,DOC-02-R04,CLM86983774,provider,PRV0029,
DOC-02 one-line discharge summaries for high-complexity admissions,DOC,DOC-02-R04,CLM71097214,provider,PRV0029,
DOC-02 one-line discharge summaries for high-complexity admissions,DOC,DOC-02-R04,CLM83380619,provider,PRV0029,
DOC-02 one-line discharge summaries for high-complexity admissions,DOC,DOC-02-R04,CLM15758499,provider,PRV0029,
DOC-02 one-line discharge summaries for high-complexity admissions,DOC,DOC-02-R04,CLM67486491,provider,PRV0029,
DOC-02 one-line discharge summaries for high-complexity admissions,DOC,DOC-02-R04,CLM33035119,provider,PRV0029,
DOC-02 one-line discharge summaries for high-complexity admissions,DOC,DOC-02-R04,CLM40370498,provider,PRV0029,
DOC-02 one-line discharge summaries for high-complexity admissions,DOC,DOC-02-R04,CLM38654990,provider,PRV0029,
DOC-02 one-line discharge summaries for high-complexity admissions,DOC,DOC-02-R04,CLM80233151,provider,PRV0029,
DOC-02 one-line discharge summaries for high-complexity admissions,DOC,DOC-02-R04,CLM37712033,provider,PRV0029,
DOC-02 one-line discharge summaries for high-complexity admissions,DOC,DOC-02-R04,CLM92338063,provider,PRV0029,
DOC-02 one-line discharge summaries for high-complexity admissions,DOC,DOC-02-R04,CLM51487306,provider,PRV0029,
DOC-02 one-line discharge summaries for high-complexity admissions,DOC,DOC-02-R04,CLM74056043,provider,PRV0029,
DOC-02 one-line discharge summaries for high-complexity admissions,DOC,DOC-02-R04,CLM98141472,provider,PRV0029,
DOC-02 one-line discharge summaries for high-complexity admissions,DOC,DOC-02-R04,CLM67622750,provider,PRV0029,
DOC-02 one-line discharge summaries for high-complexity admissions,DOC,DOC-02-R04,CLM53636777,provider,PRV0029,
DOC-02 one-line discharge summaries for high-complexity admissions,DOC,DOC-02-R04,CLM12022113,provider,PRV0029,
DOC-02 one-line discharge summaries for high-complexity admissions,DOC,DOC-02-R04,CLM95537656,provider,PRV0029,
NET-01 two clinics referring patients back and forth,NET,NET-01-R02,CLM81310410,provider,PRV0083;PRV0102,
NET-01 two clinics referring patients back and forth,NET,NET-01-R02,CLM98852751,provider,PRV0083;PRV0102,
NET-01 two clinics referring patients back and forth,NET,NET-01-R02,CLM88040415,provider,PRV0083;PRV0102,
NET-01 two clinics referring patients back and forth,NET,NET-01-R02,CLM12410526,provider,PRV0083;PRV0102,
NET-01 two clinics referring patients back and forth,NET,NET-01-R02,CLM10456445,provider,PRV0083;PRV0102,
NET-01 two clinics referring patients back and forth,NET,NET-01-R02,CLM49795117,provider,PRV0083;PRV0102,
NET-01 two clinics referring patients back and forth,NET,NET-01-R02,CLM18887031,provider,PRV0083;PRV0102,
NET-01 two clinics referring patients back and forth,NET,NET-01-R02,CLM69258617,provider,PRV0083;PRV0102,
NET-01 two clinics referring patients back and forth,NET,NET-01-R02,CLM76802521,provider,PRV0083;PRV0102,
NET-01 two clinics referring patients back and forth,NET,NET-01-R02,CLM88847715,provider,PRV0083;PRV0102,
NET-01 two clinics referring patients back and forth,NET,NET-01-R02,CLM20326318,provider,PRV0083;PRV0102,
NET-01 two clinics referring patients back and forth,NET,NET-01-R02,CLM33033236,provider,PRV0083;PRV0102,
NET-01 two clinics referring patients back and forth,NET,NET-01-R02,CLM43549119,provider,PRV0083;PRV0102,
NET-01 two clinics referring patients back and forth,NET,NET-01-R02,CLM96427477,provider,PRV0083;PRV0102,
NET-01 two clinics referring patients back and forth,NET,NET-01-R02,CLM71240019,provider,PRV0083;PRV0102,
NET-01 two clinics referring patients back and forth,NET,NET-01-R02,CLM26429349,provider,PRV0083;PRV0102,
NET-01 two clinics referring patients back and forth,NET,NET-01-R02,CLM47908719,provider,PRV0083;PRV0102,
NET-01 two clinics referring patients back and forth,NET,NET-01-R02,CLM44427706,provider,PRV0083;PRV0102,
NET-01 two clinics referring patients back and forth,NET,NET-01-R02,CLM93493243,provider,PRV0083;PRV0102,
NET-01 two clinics referring patients back and forth,NET,NET-01-R02,CLM60120330,provider,PRV0083;PRV0102,
NET-01 two clinics referring patients back and forth,NET,NET-01-R02,CLM67783685,provider,PRV0083;PRV0102,
NET-01 two clinics referring patients back and forth,NET,NET-01-R02,CLM59711350,provider,PRV0083;PRV0102,
NET-01 radiology centre turning every referral into a contrast CT,NET,NET-01-R03,CLM48953553,provider,PRV0230,
NET-01 radiology centre turning every referral into a contrast CT,NET,NET-01-R03,CLM84532959,provider,PRV0230,
NET-01 radiology centre turning every referral into a contrast CT,NET,NET-01-R03,CLM38036028,provider,PRV0230,
NET-01 radiology centre turning every referral into a contrast CT,NET,NET-01-R03,CLM58409332,provider,PRV0230,
NET-01 radiology centre turning every referral into a contrast CT,NET,NET-01-R03,CLM67032087,provider,PRV0230,
NET-01 radiology centre turning every referral into a contrast CT,NET,NET-01-R03,CLM31765701,provider,PRV0230,
NET-01 radiology centre turning every referral into a contrast CT,NET,NET-01-R03,CLM52275549,provider,PRV0230,
NET-01 radiology centre turning every referral into a contrast CT,NET,NET-01-R03,CLM59553680,provider,PRV0230,
NET-01 radiology centre turning every referral into a contrast CT,NET,NET-01-R03,CLM20889194,provider,PRV0230,
NET-01 radiology centre turning every referral into a contrast CT,NET,NET-01-R03,CLM32886157,provider,PRV0230,
NET-01 radiology centre turning every referral into a contrast CT,NET,NET-01-R03,CLM81986232,provider,PRV0230,
NET-01 radiology centre turning every referral into a contrast CT,NET,NET-01-R03,CLM32938604,provider,PRV0230,
NET-01 radiology centre turning every referral into a contrast CT,NET,NET-01-R03,CLM44246588,provider,PRV0230,
NET-01 radiology centre turning every referral into a contrast CT,NET,NET-01-R03,CLM76578289,provider,PRV0230,
NET-01 radiology centre turning every referral into a contrast CT,NET,NET-01-R03,CLM15815587,provider,PRV0230,
NET-01 radiology centre turning every referral into a contrast CT,NET,NET-01-R03,CLM21310711,provider,PRV0230,
NET-01 radiology centre turning every referral into a contrast CT,NET,NET-01-R03,CLM37460172,provider,PRV0230,
NET-01 radiology centre turning every referral into a contrast CT,NET,NET-01-R03,CLM89695511,provider,PRV0230,
NET-01 radiology centre turning every referral into a contrast CT,NET,NET-01-R03,CLM12796110,provider,PRV0230,
NET-01 radiology centre turning every referral into a contrast CT,NET,NET-01-R03,CLM20607664,provider,PRV0230,
NET-01 radiology centre turning every referral into a contrast CT,NET,NET-01-R03,CLM12822549,provider,PRV0230,
NET-01 radiology centre turning every referral into a contrast CT,NET,NET-01-R03,CLM26843975,provider,PRV0230,
NET-01 radiology centre turning every referral into a contrast CT,NET,NET-01-R03,CLM34529869,provider,PRV0230,
NET-01 radiology centre turning every referral into a contrast CT,NET,NET-01-R03,CLM44071778,provider,PRV0230,
NET-01 clinic keeps its lab and imaging referrals inside providers sharing its bank account and phone,NET,NET-01-R04;NET-02-R01,CLM69452756,provider,PRV0127;PRV0211;PRV0236,
NET-01 clinic keeps its lab and imaging referrals inside providers sharing its bank account and phone,NET,NET-01-R04;NET-02-R01,CLM48262298,provider,PRV0127;PRV0211;PRV0236,
NET-01 clinic keeps its lab and imaging referrals inside providers sharing its bank account and phone,NET,NET-01-R04;NET-02-R01,CLM49013169,provider,PRV0127;PRV0211;PRV0236,
NET-01 clinic keeps its lab and imaging referrals inside providers sharing its bank account and phone,NET,NET-01-R04;NET-02-R01,CLM58566886,provider,PRV0127;PRV0211;PRV0236,
NET-01 clinic keeps its lab and imaging referrals inside providers sharing its bank account and phone,NET,NET-01-R04;NET-02-R01,CLM93389247,provider,PRV0127;PRV0211;PRV0236,
NET-01 clinic keeps its lab and imaging referrals inside providers sharing its bank account and phone,NET,NET-01-R04;NET-02-R01,CLM63690951,provider,PRV0127;PRV0211;PRV0236,
NET-01 clinic keeps its lab and imaging referrals inside providers sharing its bank account and phone,NET,NET-01-R04;NET-02-R01,CLM87468607,provider,PRV0127;PRV0211;PRV0236,
NET-01 clinic keeps its lab and imaging referrals inside providers sharing its bank account and phone,NET,NET-01-R04;NET-02-R01,CLM71629023,provider,PRV0127;PRV0211;PRV0236,
NET-01 clinic keeps its lab and imaging referrals inside providers sharing its bank account and phone,NET,NET-01-R04;NET-02-R01,CLM36252445,provider,PRV0127;PRV0211;PRV0236,
NET-01 clinic keeps its lab and imaging referrals inside providers sharing its bank account and phone,NET,NET-01-R04;NET-02-R01,CLM52578674,provider,PRV0127;PRV0211;PRV0236,
NET-01 clinic keeps its lab and imaging referrals inside providers sharing its bank account and phone,NET,NET-01-R04;NET-02-R01,CLM43336737,provider,PRV0127;PRV0211;PRV0236,
NET-01 clinic keeps its lab and imaging referrals inside providers sharing its bank account and phone,NET,NET-01-R04;NET-02-R01,CLM36273749,provider,PRV0127;PRV0211;PRV0236,
NET-01 clinic keeps its lab and imaging referrals inside providers sharing its bank account and phone,NET,NET-01-R04;NET-02-R01,CLM99144386,provider,PRV0127;PRV0211;PRV0236,
NET-01 clinic keeps its lab and imaging referrals inside providers sharing its bank account and phone,NET,NET-01-R04;NET-02-R01,CLM16063719,provider,PRV0127;PRV0211;PRV0236,
NET-01 clinic referring to its own declared group laboratory,NET,NET-01-R04;NET-02-R01,CLM66309980,provider,PRV0136;PRV0213,"Declared common owner: a disclosed, integrated group (known-group / ownership exclusion)."
NET-01 clinic referring to its own declared group laboratory,NET,NET-01-R04;NET-02-R01,CLM50334009,provider,PRV0136;PRV0213,"Declared common owner: a disclosed, integrated group (known-group / ownership exclusion)."
NET-02 two separately owned clinics paid into one bank account,NET,NET-02-R01,,provider,PRV0132;PRV0060,
NET-02 pharmacy sharing a hospital's phone number and address under a different owner,NET,NET-02-R01,,provider,PRV0026;PRV0188,
NET-02 six clinics in one medical tower share its address,NET,NET-02-R01,,provider,PRV0032;PRV0073;PRV0129;PRV0057;PRV0095;PRV0114,Shared-services exclusion: more providers share the token than a covert link explains.
NET-02 quiet clinic becomes one of the busiest right after an ownership change,NET,NET-02-R04,CLM27071803,provider,PRV0103,
NET-02 quiet clinic becomes one of the busiest right after an ownership change,NET,NET-02-R04,CLM76501326,provider,PRV0103,
NET-02 quiet clinic becomes one of the busiest right after an ownership change,NET,NET-02-R04,CLM96259802,provider,PRV0103,
NET-02 quiet clinic becomes one of the busiest right after an ownership change,NET,NET-02-R04,CLM37410211,provider,PRV0103,
NET-02 quiet clinic becomes one of the busiest right after an ownership change,NET,NET-02-R04,CLM24853555,provider,PRV0103,
NET-02 quiet clinic becomes one of the busiest right after an ownership change,NET,NET-02-R04,CLM68408649,provider,PRV0103,
NET-02 quiet clinic becomes one of the busiest right after an ownership change,NET,NET-02-R04,CLM77185391,provider,PRV0103,
NET-02 quiet clinic becomes one of the busiest right after an ownership change,NET,NET-02-R04,CLM55776328,provider,PRV0103,
NET-02 quiet clinic becomes one of the busiest right after an ownership change,NET,NET-02-R04,CLM17367720,provider,PRV0103,
NET-02 quiet clinic becomes one of the busiest right after an ownership change,NET,NET-02-R04,CLM81623405,provider,PRV0103,
NET-02 quiet clinic becomes one of the busiest right after an ownership change,NET,NET-02-R04,CLM58518261,provider,PRV0103,
NET-02 quiet clinic becomes one of the busiest right after an ownership change,NET,NET-02-R04,CLM46055228,provider,PRV0103,
NET-02 quiet clinic becomes one of the busiest right after an ownership change,NET,NET-02-R04,CLM31149238,provider,PRV0103,
NET-02 quiet clinic becomes one of the busiest right after an ownership change,NET,NET-02-R04,CLM64959506,provider,PRV0103,
NET-02 quiet clinic becomes one of the busiest right after an ownership change,NET,NET-02-R04,CLM21807116,provider,PRV0103,
NET-02 quiet clinic becomes one of the busiest right after an ownership change,NET,NET-02-R04,CLM60640811,provider,PRV0103,
NET-02 quiet clinic becomes one of the busiest right after an ownership change,NET,NET-02-R04,CLM83770623,provider,PRV0103,
NET-02 quiet clinic becomes one of the busiest right after an ownership change,NET,NET-02-R04,CLM52121614,provider,PRV0103,
NET-02 quiet clinic becomes one of the busiest right after an ownership change,NET,NET-02-R04,CLM96363587,provider,PRV0103,
NET-02 quiet clinic becomes one of the busiest right after an ownership change,NET,NET-02-R04,CLM78045605,provider,PRV0103,
NET-02 quiet clinic becomes one of the busiest right after an ownership change,NET,NET-02-R04,CLM72522323,provider,PRV0103,
NET-02 quiet clinic becomes one of the busiest right after an ownership change,NET,NET-02-R04,CLM35276106,provider,PRV0103,
NET-02 quiet clinic becomes one of the busiest right after an ownership change,NET,NET-02-R04,CLM46326535,provider,PRV0103,
NET-02 quiet clinic becomes one of the busiest right after an ownership change,NET,NET-02-R04,CLM53276112,provider,PRV0103,
NET-02 quiet clinic becomes one of the busiest right after an ownership change,NET,NET-02-R04,CLM37015485,provider,PRV0103,
NET-02 quiet clinic becomes one of the busiest right after an ownership change,NET,NET-02-R04,CLM19484949,provider,PRV0103,
NET-02 quiet clinic becomes one of the busiest right after an ownership change,NET,NET-02-R04,CLM28001437,provider,PRV0103,
NET-02 quiet clinic becomes one of the busiest right after an ownership change,NET,NET-02-R04,CLM98797500,provider,PRV0103,
NET-02 quiet clinic becomes one of the busiest right after an ownership change,NET,NET-02-R04,CLM95504358,provider,PRV0103,
NET-02 quiet clinic becomes one of the busiest right after an ownership change,NET,NET-02-R04,CLM81483906,provider,PRV0103,
NET-02 quiet clinic becomes one of the busiest right after an ownership change,NET,NET-02-R04,CLM55312865,provider,PRV0103,
NET-02 quiet clinic becomes one of the busiest right after an ownership change,NET,NET-02-R04,CLM90058936,provider,PRV0103,
NET-02 quiet clinic becomes one of the busiest right after an ownership change,NET,NET-02-R04,CLM31218412,provider,PRV0103,
NET-02 quiet clinic becomes one of the busiest right after an ownership change,NET,NET-02-R04,CLM14655054,provider,PRV0103,
NET-02 quiet clinic becomes one of the busiest right after an ownership change,NET,NET-02-R04,CLM56477161,provider,PRV0103,
NET-02 quiet clinic becomes one of the busiest right after an ownership change,NET,NET-02-R04,CLM46779720,provider,PRV0103,
NET-02 quiet clinic becomes one of the busiest right after an ownership change,NET,NET-02-R04,CLM38981578,provider,PRV0103,
NET-02 quiet clinic becomes one of the busiest right after an ownership change,NET,NET-02-R04,CLM20697894,provider,PRV0103,
NET-02 quiet clinic becomes one of the busiest right after an ownership change,NET,NET-02-R04,CLM54541355,provider,PRV0103,
NET-02 quiet clinic becomes one of the busiest right after an ownership change,NET,NET-02-R04,CLM95450377,provider,PRV0103,
NET-02 quiet clinic becomes one of the busiest right after an ownership change,NET,NET-02-R04,CLM52366209,provider,PRV0103,
NET-02 quiet clinic becomes one of the busiest right after an ownership change,NET,NET-02-R04,CLM88888965,provider,PRV0103,
NET-02 quiet clinic becomes one of the busiest right after an ownership change,NET,NET-02-R04,CLM97286748,provider,PRV0103,
NET-02 quiet clinic becomes one of the busiest right after an ownership change,NET,NET-02-R04,CLM85711898,provider,PRV0103,
NET-02 quiet clinic becomes one of the busiest right after an ownership change,NET,NET-02-R04,CLM20401623,provider,PRV0103,
NET-02 quiet clinic becomes one of the busiest right after an ownership change,NET,NET-02-R04,CLM11737717,provider,PRV0103,
NET-02 quiet clinic becomes one of the busiest right after an ownership change,NET,NET-02-R04,CLM73416551,provider,PRV0103,
NET-02 quiet clinic becomes one of the busiest right after an ownership change,NET,NET-02-R04,CLM75734721,provider,PRV0103,
NET-02 quiet clinic becomes one of the busiest right after an ownership change,NET,NET-02-R04,CLM25834319,provider,PRV0103,
NET-02 quiet clinic becomes one of the busiest right after an ownership change,NET,NET-02-R04,CLM14132320,provider,PRV0103,
NET-02 quiet clinic becomes one of the busiest right after an ownership change,NET,NET-02-R04,CLM43722685,provider,PRV0103,
NET-02 quiet clinic becomes one of the busiest right after an ownership change,NET,NET-02-R04,CLM47055328,provider,PRV0103,
NET-02 quiet clinic becomes one of the busiest right after an ownership change,NET,NET-02-R04,CLM86803711,provider,PRV0103,
NET-02 quiet clinic becomes one of the busiest right after an ownership change,NET,NET-02-R04,CLM46739408,provider,PRV0103,
NET-02 quiet clinic becomes one of the busiest right after an ownership change,NET,NET-02-R04,CLM13208500,provider,PRV0103,
NET-02 quiet clinic becomes one of the busiest right after an ownership change,NET,NET-02-R04,CLM77865208,provider,PRV0103,
NET-02 quiet clinic becomes one of the busiest right after an ownership change,NET,NET-02-R04,CLM26632548,provider,PRV0103,
NET-02 quiet clinic becomes one of the busiest right after an ownership change,NET,NET-02-R04,CLM20444752,provider,PRV0103,
NET-02 quiet clinic becomes one of the busiest right after an ownership change,NET,NET-02-R04,CLM70869063,provider,PRV0103,
NET-02 quiet clinic becomes one of the busiest right after an ownership change,NET,NET-02-R04,CLM12769299,provider,PRV0103,
NET-02 quiet clinic becomes one of the busiest right after an ownership change,NET,NET-02-R04,CLM44223242,provider,PRV0103,
NET-02 quiet clinic becomes one of the busiest right after an ownership change,NET,NET-02-R04,CLM25563030,provider,PRV0103,
NET-02 quiet clinic becomes one of the busiest right after an ownership change,NET,NET-02-R04,CLM74456436,provider,PRV0103,
NET-02 quiet clinic becomes one of the busiest right after an ownership change,NET,NET-02-R04,CLM84504943,provider,PRV0103,
NET-02 quiet clinic becomes one of the busiest right after an ownership change,NET,NET-02-R04,CLM84341188,provider,PRV0103,
NET-02 quiet clinic becomes one of the busiest right after an ownership change,NET,NET-02-R04,CLM60467533,provider,PRV0103,
NET-02 quiet clinic becomes one of the busiest right after an ownership change,NET,NET-02-R04,CLM73691334,provider,PRV0103,
NET-02 quiet clinic becomes one of the busiest right after an ownership change,NET,NET-02-R04,CLM73668733,provider,PRV0103,
NET-02 quiet clinic becomes one of the busiest right after an ownership change,NET,NET-02-R04,CLM56696687,provider,PRV0103,
NET-02 quiet clinic becomes one of the busiest right after an ownership change,NET,NET-02-R04,CLM14236722,provider,PRV0103,
NET-02 quiet clinic becomes one of the busiest right after an ownership change,NET,NET-02-R04,CLM30353423,provider,PRV0103,
NET-02 quiet clinic becomes one of the busiest right after an ownership change,NET,NET-02-R04,CLM33307930,provider,PRV0103,
NET-02 quiet clinic becomes one of the busiest right after an ownership change,NET,NET-02-R04,CLM50534934,provider,PRV0103,
NET-02 quiet clinic becomes one of the busiest right after an ownership change,NET,NET-02-R04,CLM73834647,provider,PRV0103,
NET-02 quiet clinic becomes one of the busiest right after an ownership change,NET,NET-02-R04,CLM86873703,provider,PRV0103,
NET-02 quiet clinic becomes one of the busiest right after an ownership change,NET,NET-02-R04,CLM71097053,provider,PRV0103,
NET-02 quiet clinic becomes one of the busiest right after an ownership change,NET,NET-02-R04,CLM85713939,provider,PRV0103,
NET-02 quiet clinic becomes one of the busiest right after an ownership change,NET,NET-02-R04,CLM64440389,provider,PRV0103,
NET-02 quiet clinic becomes one of the busiest right after an ownership change,NET,NET-02-R04,CLM15581386,provider,PRV0103,
NET-02 quiet clinic becomes one of the busiest right after an ownership change,NET,NET-02-R04,CLM83482316,provider,PRV0103,
NET-02 quiet clinic becomes one of the busiest right after an ownership change,NET,NET-02-R04,CLM38649760,provider,PRV0103,
NET-02 quiet clinic becomes one of the busiest right after an ownership change,NET,NET-02-R04,CLM20802710,provider,PRV0103,
NET-02 quiet clinic becomes one of the busiest right after an ownership change,NET,NET-02-R04,CLM60270352,provider,PRV0103,
NET-02 quiet clinic becomes one of the busiest right after an ownership change,NET,NET-02-R04,CLM45949375,provider,PRV0103,
NET-02 quiet clinic becomes one of the busiest right after an ownership change,NET,NET-02-R04,CLM36394338,provider,PRV0103,
NET-02 quiet clinic becomes one of the busiest right after an ownership change,NET,NET-02-R04,CLM16029457,provider,PRV0103,
NET-02 quiet clinic becomes one of the busiest right after an ownership change,NET,NET-02-R04,CLM46719183,provider,PRV0103,
NET-02 quiet clinic becomes one of the busiest right after an ownership change,NET,NET-02-R04,CLM80169906,provider,PRV0103,
NET-02 quiet clinic becomes one of the busiest right after an ownership change,NET,NET-02-R04,CLM65056255,provider,PRV0103,
NET-02 quiet clinic becomes one of the busiest right after an ownership change,NET,NET-02-R04,CLM67902093,provider,PRV0103,
NET-02 quiet clinic becomes one of the busiest right after an ownership change,NET,NET-02-R04,CLM46040946,provider,PRV0103,
NET-02 quiet clinic becomes one of the busiest right after an ownership change,NET,NET-02-R04,CLM99638208,provider,PRV0103,
NET-02 quiet clinic becomes one of the busiest right after an ownership change,NET,NET-02-R04,CLM98727867,provider,PRV0103,
NET-02 quiet clinic becomes one of the busiest right after an ownership change,NET,NET-02-R04,CLM49245288,provider,PRV0103,
NET-02 quiet clinic becomes one of the busiest right after an ownership change,NET,NET-02-R04,CLM63125362,provider,PRV0103,
NET-02 quiet clinic becomes one of the busiest right after an ownership change,NET,NET-02-R04,CLM60070701,provider,PRV0103,
NET-02 quiet clinic becomes one of the busiest right after an ownership change,NET,NET-02-R04,CLM59581215,provider,PRV0103,
NET-02 quiet clinic becomes one of the busiest right after an ownership change,NET,NET-02-R04,CLM41940920,provider,PRV0103,
NET-02 quiet clinic becomes one of the busiest right after an ownership change,NET,NET-02-R04,CLM92542817,provider,PRV0103,
NET-02 quiet clinic becomes one of the busiest right after an ownership change,NET,NET-02-R04,CLM58705843,provider,PRV0103,
NET-02 quiet clinic becomes one of the busiest right after an ownership change,NET,NET-02-R04,CLM14288172,provider,PRV0103,
NET-02 quiet clinic becomes one of the busiest right after an ownership change,NET,NET-02-R04,CLM58341741,provider,PRV0103,
NET-02 quiet clinic becomes one of the busiest right after an ownership change,NET,NET-02-R04,CLM75795321,provider,PRV0103,
NET-02 quiet clinic becomes one of the busiest right after an ownership change,NET,NET-02-R04,CLM83590014,provider,PRV0103,
NET-02 quiet clinic becomes one of the busiest right after an ownership change,NET,NET-02-R04,CLM17417378,provider,PRV0103,
NET-02 quiet clinic becomes one of the busiest right after an ownership change,NET,NET-02-R04,CLM73561253,provider,PRV0103,
NET-02 quiet clinic becomes one of the busiest right after an ownership change,NET,NET-02-R04,CLM90628166,provider,PRV0103,
NET-02 quiet clinic becomes one of the busiest right after an ownership change,NET,NET-02-R04,CLM17716432,provider,PRV0103,
NET-02 quiet clinic becomes one of the busiest right after an ownership change,NET,NET-02-R04,CLM74779622,provider,PRV0103,
NET-02 quiet clinic becomes one of the busiest right after an ownership change,NET,NET-02-R04,CLM50142618,provider,PRV0103,
NET-02 quiet clinic becomes one of the busiest right after an ownership change,NET,NET-02-R04,CLM77681100,provider,PRV0103,
NET-02 quiet clinic becomes one of the busiest right after an ownership change,NET,NET-02-R04,CLM49526931,provider,PRV0103,
NET-02 quiet clinic grows fast after joining a new payer network,NET,NET-02-R04,CLM87022842,provider,PRV0063,New-contract exclusion: a contract starting as the growth begins explains it.
NET-02 quiet clinic grows fast after joining a new payer network,NET,NET-02-R04,CLM68086678,provider,PRV0063,New-contract exclusion: a contract starting as the growth begins explains it.
NET-02 quiet clinic grows fast after joining a new payer network,NET,NET-02-R04,CLM92476392,provider,PRV0063,New-contract exclusion: a contract starting as the growth begins explains it.
NET-02 quiet clinic grows fast after joining a new payer network,NET,NET-02-R04,CLM83556808,provider,PRV0063,New-contract exclusion: a contract starting as the growth begins explains it.
NET-02 quiet clinic grows fast after joining a new payer network,NET,NET-02-R04,CLM39002656,provider,PRV0063,New-contract exclusion: a contract starting as the growth begins explains it.
NET-02 quiet clinic grows fast after joining a new payer network,NET,NET-02-R04,CLM12983475,provider,PRV0063,New-contract exclusion: a contract starting as the growth begins explains it.
NET-02 quiet clinic grows fast after joining a new payer network,NET,NET-02-R04,CLM60240426,provider,PRV0063,New-contract exclusion: a contract starting as the growth begins explains it.
NET-02 quiet clinic grows fast after joining a new payer network,NET,NET-02-R04,CLM15630212,provider,PRV0063,New-contract exclusion: a contract starting as the growth begins explains it.
NET-02 quiet clinic grows fast after joining a new payer network,NET,NET-02-R04,CLM32707325,provider,PRV0063,New-contract exclusion: a contract starting as the growth begins explains it.
NET-02 quiet clinic grows fast after joining a new payer network,NET,NET-02-R04,CLM83215730,provider,PRV0063,New-contract exclusion: a contract starting as the growth begins explains it.
NET-02 quiet clinic grows fast after joining a new payer network,NET,NET-02-R04,CLM20741973,provider,PRV0063,New-contract exclusion: a contract starting as the growth begins explains it.
NET-02 quiet clinic grows fast after joining a new payer network,NET,NET-02-R04,CLM54651652,provider,PRV0063,New-contract exclusion: a contract starting as the growth begins explains it.
NET-02 quiet clinic grows fast after joining a new payer network,NET,NET-02-R04,CLM36321409,provider,PRV0063,New-contract exclusion: a contract starting as the growth begins explains it.
NET-02 quiet clinic grows fast after joining a new payer network,NET,NET-02-R04,CLM91004182,provider,PRV0063,New-contract exclusion: a contract starting as the growth begins explains it.
NET-02 quiet clinic grows fast after joining a new payer network,NET,NET-02-R04,CLM37978884,provider,PRV0063,New-contract exclusion: a contract starting as the growth begins explains it.
NET-02 quiet clinic grows fast after joining a new payer network,NET,NET-02-R04,CLM60297216,provider,PRV0063,New-contract exclusion: a contract starting as the growth begins explains it.
NET-02 quiet clinic grows fast after joining a new payer network,NET,NET-02-R04,CLM93198459,provider,PRV0063,New-contract exclusion: a contract starting as the growth begins explains it.
NET-02 quiet clinic grows fast after joining a new payer network,NET,NET-02-R04,CLM53728831,provider,PRV0063,New-contract exclusion: a contract starting as the growth begins explains it.
NET-02 quiet clinic grows fast after joining a new payer network,NET,NET-02-R04,CLM68406809,provider,PRV0063,New-contract exclusion: a contract starting as the growth begins explains it.
NET-02 quiet clinic grows fast after joining a new payer network,NET,NET-02-R04,CLM27733024,provider,PRV0063,New-contract exclusion: a contract starting as the growth begins explains it.
NET-02 quiet clinic grows fast after joining a new payer network,NET,NET-02-R04,CLM65097391,provider,PRV0063,New-contract exclusion: a contract starting as the growth begins explains it.
NET-02 quiet clinic grows fast after joining a new payer network,NET,NET-02-R04,CLM80460166,provider,PRV0063,New-contract exclusion: a contract starting as the growth begins explains it.
NET-02 quiet clinic grows fast after joining a new payer network,NET,NET-02-R04,CLM77390548,provider,PRV0063,New-contract exclusion: a contract starting as the growth begins explains it.
NET-02 quiet clinic grows fast after joining a new payer network,NET,NET-02-R04,CLM86287855,provider,PRV0063,New-contract exclusion: a contract starting as the growth begins explains it.
NET-02 quiet clinic grows fast after joining a new payer network,NET,NET-02-R04,CLM49227839,provider,PRV0063,New-contract exclusion: a contract starting as the growth begins explains it.
NET-02 quiet clinic grows fast after joining a new payer network,NET,NET-02-R04,CLM82230665,provider,PRV0063,New-contract exclusion: a contract starting as the growth begins explains it.
NET-02 quiet clinic grows fast after joining a new payer network,NET,NET-02-R04,CLM81555568,provider,PRV0063,New-contract exclusion: a contract starting as the growth begins explains it.
NET-02 quiet clinic grows fast after joining a new payer network,NET,NET-02-R04,CLM86115223,provider,PRV0063,New-contract exclusion: a contract starting as the growth begins explains it.
NET-02 quiet clinic grows fast after joining a new payer network,NET,NET-02-R04,CLM92625122,provider,PRV0063,New-contract exclusion: a contract starting as the growth begins explains it.
NET-02 quiet clinic grows fast after joining a new payer network,NET,NET-02-R04,CLM50826903,provider,PRV0063,New-contract exclusion: a contract starting as the growth begins explains it.
NET-02 quiet clinic grows fast after joining a new payer network,NET,NET-02-R04,CLM72385616,provider,PRV0063,New-contract exclusion: a contract starting as the growth begins explains it.
NET-02 quiet clinic grows fast after joining a new payer network,NET,NET-02-R04,CLM50862349,provider,PRV0063,New-contract exclusion: a contract starting as the growth begins explains it.
NET-02 quiet clinic grows fast after joining a new payer network,NET,NET-02-R04,CLM39156884,provider,PRV0063,New-contract exclusion: a contract starting as the growth begins explains it.
NET-02 quiet clinic grows fast after joining a new payer network,NET,NET-02-R04,CLM30871997,provider,PRV0063,New-contract exclusion: a contract starting as the growth begins explains it.
NET-02 quiet clinic grows fast after joining a new payer network,NET,NET-02-R04,CLM97695320,provider,PRV0063,New-contract exclusion: a contract starting as the growth begins explains it.
NET-02 quiet clinic grows fast after joining a new payer network,NET,NET-02-R04,CLM11620375,provider,PRV0063,New-contract exclusion: a contract starting as the growth begins explains it.
NET-02 quiet clinic grows fast after joining a new payer network,NET,NET-02-R04,CLM63352203,provider,PRV0063,New-contract exclusion: a contract starting as the growth begins explains it.
NET-02 quiet clinic grows fast after joining a new payer network,NET,NET-02-R04,CLM66235117,provider,PRV0063,New-contract exclusion: a contract starting as the growth begins explains it.
NET-02 quiet clinic grows fast after joining a new payer network,NET,NET-02-R04,CLM34303796,provider,PRV0063,New-contract exclusion: a contract starting as the growth begins explains it.
NET-02 quiet clinic grows fast after joining a new payer network,NET,NET-02-R04,CLM43282252,provider,PRV0063,New-contract exclusion: a contract starting as the growth begins explains it.
NET-02 quiet clinic grows fast after joining a new payer network,NET,NET-02-R04,CLM33825214,provider,PRV0063,New-contract exclusion: a contract starting as the growth begins explains it.
NET-02 quiet clinic grows fast after joining a new payer network,NET,NET-02-R04,CLM32540392,provider,PRV0063,New-contract exclusion: a contract starting as the growth begins explains it.
NET-02 quiet clinic grows fast after joining a new payer network,NET,NET-02-R04,CLM65965732,provider,PRV0063,New-contract exclusion: a contract starting as the growth begins explains it.
NET-02 quiet clinic grows fast after joining a new payer network,NET,NET-02-R04,CLM69877573,provider,PRV0063,New-contract exclusion: a contract starting as the growth begins explains it.
NET-02 quiet clinic grows fast after joining a new payer network,NET,NET-02-R04,CLM20450169,provider,PRV0063,New-contract exclusion: a contract starting as the growth begins explains it.
NET-02 quiet clinic grows fast after joining a new payer network,NET,NET-02-R04,CLM93657602,provider,PRV0063,New-contract exclusion: a contract starting as the growth begins explains it.
NET-02 quiet clinic grows fast after joining a new payer network,NET,NET-02-R04,CLM66370525,provider,PRV0063,New-contract exclusion: a contract starting as the growth begins explains it.
NET-02 quiet clinic grows fast after joining a new payer network,NET,NET-02-R04,CLM27496684,provider,PRV0063,New-contract exclusion: a contract starting as the growth begins explains it.
NET-02 quiet clinic grows fast after joining a new payer network,NET,NET-02-R04,CLM95324805,provider,PRV0063,New-contract exclusion: a contract starting as the growth begins explains it.
NET-02 quiet clinic grows fast after joining a new payer network,NET,NET-02-R04,CLM91972781,provider,PRV0063,New-contract exclusion: a contract starting as the growth begins explains it.
NET-02 quiet clinic grows fast after joining a new payer network,NET,NET-02-R04,CLM77394651,provider,PRV0063,New-contract exclusion: a contract starting as the growth begins explains it.
NET-02 quiet clinic grows fast after joining a new payer network,NET,NET-02-R04,CLM54385365,provider,PRV0063,New-contract exclusion: a contract starting as the growth begins explains it.
NET-02 quiet clinic grows fast after joining a new payer network,NET,NET-02-R04,CLM64467381,provider,PRV0063,New-contract exclusion: a contract starting as the growth begins explains it.
NET-02 quiet clinic grows fast after joining a new payer network,NET,NET-02-R04,CLM74796221,provider,PRV0063,New-contract exclusion: a contract starting as the growth begins explains it.
NET-02 quiet clinic grows fast after joining a new payer network,NET,NET-02-R04,CLM80106882,provider,PRV0063,New-contract exclusion: a contract starting as the growth begins explains it.
NET-02 quiet clinic grows fast after joining a new payer network,NET,NET-02-R04,CLM37948329,provider,PRV0063,New-contract exclusion: a contract starting as the growth begins explains it.
NET-02 quiet clinic grows fast after joining a new payer network,NET,NET-02-R04,CLM19550080,provider,PRV0063,New-contract exclusion: a contract starting as the growth begins explains it.
NET-02 quiet clinic grows fast after joining a new payer network,NET,NET-02-R04,CLM40067317,provider,PRV0063,New-contract exclusion: a contract starting as the growth begins explains it.
NET-02 quiet clinic grows fast after joining a new payer network,NET,NET-02-R04,CLM62683852,provider,PRV0063,New-contract exclusion: a contract starting as the growth begins explains it.
NET-02 quiet clinic grows fast after joining a new payer network,NET,NET-02-R04,CLM16735902,provider,PRV0063,New-contract exclusion: a contract starting as the growth begins explains it.
NET-02 quiet clinic grows fast after joining a new payer network,NET,NET-02-R04,CLM42889621,provider,PRV0063,New-contract exclusion: a contract starting as the growth begins explains it.
NET-02 quiet clinic grows fast after joining a new payer network,NET,NET-02-R04,CLM68724618,provider,PRV0063,New-contract exclusion: a contract starting as the growth begins explains it.
NET-02 quiet clinic grows fast after joining a new payer network,NET,NET-02-R04,CLM77760725,provider,PRV0063,New-contract exclusion: a contract starting as the growth begins explains it.
NET-02 quiet clinic grows fast after joining a new payer network,NET,NET-02-R04,CLM68281726,provider,PRV0063,New-contract exclusion: a contract starting as the growth begins explains it.
NET-02 quiet clinic grows fast after joining a new payer network,NET,NET-02-R04,CLM70927920,provider,PRV0063,New-contract exclusion: a contract starting as the growth begins explains it.
NET-02 quiet clinic grows fast after joining a new payer network,NET,NET-02-R04,CLM43517636,provider,PRV0063,New-contract exclusion: a contract starting as the growth begins explains it.
NET-02 quiet clinic grows fast after joining a new payer network,NET,NET-02-R04,CLM72258508,provider,PRV0063,New-contract exclusion: a contract starting as the growth begins explains it.
NET-02 quiet clinic grows fast after joining a new payer network,NET,NET-02-R04,CLM22615845,provider,PRV0063,New-contract exclusion: a contract starting as the growth begins explains it.
NET-02 quiet clinic grows fast after joining a new payer network,NET,NET-02-R04,CLM53303973,provider,PRV0063,New-contract exclusion: a contract starting as the growth begins explains it.
NET-02 quiet clinic grows fast after joining a new payer network,NET,NET-02-R04,CLM92552831,provider,PRV0063,New-contract exclusion: a contract starting as the growth begins explains it.
NET-02 quiet clinic grows fast after joining a new payer network,NET,NET-02-R04,CLM69518212,provider,PRV0063,New-contract exclusion: a contract starting as the growth begins explains it.
NET-02 quiet clinic grows fast after joining a new payer network,NET,NET-02-R04,CLM67023894,provider,PRV0063,New-contract exclusion: a contract starting as the growth begins explains it.
NET-02 quiet clinic grows fast after joining a new payer network,NET,NET-02-R04,CLM31970747,provider,PRV0063,New-contract exclusion: a contract starting as the growth begins explains it.
NET-02 quiet clinic grows fast after joining a new payer network,NET,NET-02-R04,CLM40224790,provider,PRV0063,New-contract exclusion: a contract starting as the growth begins explains it.
NET-02 quiet clinic grows fast after joining a new payer network,NET,NET-02-R04,CLM95758555,provider,PRV0063,New-contract exclusion: a contract starting as the growth begins explains it.
NET-02 quiet clinic grows fast after joining a new payer network,NET,NET-02-R04,CLM17916291,provider,PRV0063,New-contract exclusion: a contract starting as the growth begins explains it.
NET-02 quiet clinic grows fast after joining a new payer network,NET,NET-02-R04,CLM90507232,provider,PRV0063,New-contract exclusion: a contract starting as the growth begins explains it.
NET-02 quiet clinic grows fast after joining a new payer network,NET,NET-02-R04,CLM76241789,provider,PRV0063,New-contract exclusion: a contract starting as the growth begins explains it.
NET-02 quiet clinic grows fast after joining a new payer network,NET,NET-02-R04,CLM58690392,provider,PRV0063,New-contract exclusion: a contract starting as the growth begins explains it.
NET-02 quiet clinic grows fast after joining a new payer network,NET,NET-02-R04,CLM32475744,provider,PRV0063,New-contract exclusion: a contract starting as the growth begins explains it.
NET-02 quiet clinic grows fast after joining a new payer network,NET,NET-02-R04,CLM62584637,provider,PRV0063,New-contract exclusion: a contract starting as the growth begins explains it.
NET-02 quiet clinic grows fast after joining a new payer network,NET,NET-02-R04,CLM99773950,provider,PRV0063,New-contract exclusion: a contract starting as the growth begins explains it.
NET-02 quiet clinic grows fast after joining a new payer network,NET,NET-02-R04,CLM80741280,provider,PRV0063,New-contract exclusion: a contract starting as the growth begins explains it.
NET-02 quiet clinic grows fast after joining a new payer network,NET,NET-02-R04,CLM13168354,provider,PRV0063,New-contract exclusion: a contract starting as the growth begins explains it.
NET-02 quiet clinic grows fast after joining a new payer network,NET,NET-02-R04,CLM68310860,provider,PRV0063,New-contract exclusion: a contract starting as the growth begins explains it.
NET-02 quiet clinic grows fast after joining a new payer network,NET,NET-02-R04,CLM34561987,provider,PRV0063,New-contract exclusion: a contract starting as the growth begins explains it.
NET-02 quiet clinic grows fast after joining a new payer network,NET,NET-02-R04,CLM62189759,provider,PRV0063,New-contract exclusion: a contract starting as the growth begins explains it.
NET-02 quiet clinic grows fast after joining a new payer network,NET,NET-02-R04,CLM19402694,provider,PRV0063,New-contract exclusion: a contract starting as the growth begins explains it.
NET-02 quiet clinic grows fast after joining a new payer network,NET,NET-02-R04,CLM43604018,provider,PRV0063,New-contract exclusion: a contract starting as the growth begins explains it.
NET-02 quiet clinic grows fast after joining a new payer network,NET,NET-02-R04,CLM65270569,provider,PRV0063,New-contract exclusion: a contract starting as the growth begins explains it.
NET-02 quiet clinic grows fast after joining a new payer network,NET,NET-02-R04,CLM50125979,provider,PRV0063,New-contract exclusion: a contract starting as the growth begins explains it.
NET-02 quiet clinic grows fast after joining a new payer network,NET,NET-02-R04,CLM87152904,provider,PRV0063,New-contract exclusion: a contract starting as the growth begins explains it.
NET-02 quiet clinic grows fast after joining a new payer network,NET,NET-02-R04,CLM77465910,provider,PRV0063,New-contract exclusion: a contract starting as the growth begins explains it.
NET-02 quiet clinic grows fast after joining a new payer network,NET,NET-02-R04,CLM86729973,provider,PRV0063,New-contract exclusion: a contract starting as the growth begins explains it.
NET-02 quiet clinic grows fast after joining a new payer network,NET,NET-02-R04,CLM35272507,provider,PRV0063,New-contract exclusion: a contract starting as the growth begins explains it.
NET-02 quiet clinic grows fast after joining a new payer network,NET,NET-02-R04,CLM54410363,provider,PRV0063,New-contract exclusion: a contract starting as the growth begins explains it.
NET-02 quiet clinic grows fast after joining a new payer network,NET,NET-02-R04,CLM98224385,provider,PRV0063,New-contract exclusion: a contract starting as the growth begins explains it.
NET-02 quiet clinic grows fast after joining a new payer network,NET,NET-02-R04,CLM70062594,provider,PRV0063,New-contract exclusion: a contract starting as the growth begins explains it.
NET-02 quiet clinic grows fast after joining a new payer network,NET,NET-02-R04,CLM93249477,provider,PRV0063,New-contract exclusion: a contract starting as the growth begins explains it.
NET-02 quiet clinic grows fast after joining a new payer network,NET,NET-02-R04,CLM61035285,provider,PRV0063,New-contract exclusion: a contract starting as the growth begins explains it.
NET-02 quiet clinic grows fast after joining a new payer network,NET,NET-02-R04,CLM65306944,provider,PRV0063,New-contract exclusion: a contract starting as the growth begins explains it.
NET-02 quiet clinic grows fast after joining a new payer network,NET,NET-02-R04,CLM52955574,provider,PRV0063,New-contract exclusion: a contract starting as the growth begins explains it.
NET-02 quiet clinic grows fast after joining a new payer network,NET,NET-02-R04,CLM17190797,provider,PRV0063,New-contract exclusion: a contract starting as the growth begins explains it.
NET-02 quiet clinic grows fast after joining a new payer network,NET,NET-02-R04,CLM71888050,provider,PRV0063,New-contract exclusion: a contract starting as the growth begins explains it.
NET-02 quiet clinic grows fast after joining a new payer network,NET,NET-02-R04,CLM43011657,provider,PRV0063,New-contract exclusion: a contract starting as the growth begins explains it.
NET-02 quiet clinic grows fast after joining a new payer network,NET,NET-02-R04,CLM85126562,provider,PRV0063,New-contract exclusion: a contract starting as the growth begins explains it.
NET-02 quiet clinic grows fast after joining a new payer network,NET,NET-02-R04,CLM83803606,provider,PRV0063,New-contract exclusion: a contract starting as the growth begins explains it.
NET-02 quiet clinic grows fast after joining a new payer network,NET,NET-02-R04,CLM24337819,provider,PRV0063,New-contract exclusion: a contract starting as the growth begins explains it.
NET-02 quiet clinic grows fast after joining a new payer network,NET,NET-02-R04,CLM74028697,provider,PRV0063,New-contract exclusion: a contract starting as the growth begins explains it.
NET-02 quiet clinic grows fast after joining a new payer network,NET,NET-02-R04,CLM44907620,provider,PRV0063,New-contract exclusion: a contract starting as the growth begins explains it.
NET-02 quiet clinic grows fast after joining a new payer network,NET,NET-02-R04,CLM35103670,provider,PRV0063,New-contract exclusion: a contract starting as the growth begins explains it.
NET-02 quiet clinic grows fast after joining a new payer network,NET,NET-02-R04,CLM82610427,provider,PRV0063,New-contract exclusion: a contract starting as the growth begins explains it.
NET-03 one small employer's staff all treated by the same two clinics,NET,NET-03-R02,CLM94477323,provider,PRV0065;PRV0094,employer EMPX0003
NET-03 one small employer's staff all treated by the same two clinics,NET,NET-03-R02,CLM98263173,provider,PRV0065;PRV0094,employer EMPX0003
NET-03 one small employer's staff all treated by the same two clinics,NET,NET-03-R02,CLM58435442,provider,PRV0065;PRV0094,employer EMPX0003
NET-03 one small employer's staff all treated by the same two clinics,NET,NET-03-R02,CLM43390321,provider,PRV0065;PRV0094,employer EMPX0003
NET-03 one small employer's staff all treated by the same two clinics,NET,NET-03-R02,CLM12108337,provider,PRV0065;PRV0094,employer EMPX0003
NET-03 one small employer's staff all treated by the same two clinics,NET,NET-03-R02,CLM38203390,provider,PRV0065;PRV0094,employer EMPX0003
NET-03 one small employer's staff all treated by the same two clinics,NET,NET-03-R02,CLM18684904,provider,PRV0065;PRV0094,employer EMPX0003
NET-03 one small employer's staff all treated by the same two clinics,NET,NET-03-R02,CLM31411713,provider,PRV0065;PRV0094,employer EMPX0003
NET-03 one small employer's staff all treated by the same two clinics,NET,NET-03-R02,CLM22299393,provider,PRV0065;PRV0094,employer EMPX0003
NET-03 one small employer's staff all treated by the same two clinics,NET,NET-03-R02,CLM86398243,provider,PRV0065;PRV0094,employer EMPX0003
NET-03 one small employer's staff all treated by the same two clinics,NET,NET-03-R02,CLM58418398,provider,PRV0065;PRV0094,employer EMPX0003
NET-03 one small employer's staff all treated by the same two clinics,NET,NET-03-R02,CLM37399433,provider,PRV0065;PRV0094,employer EMPX0003
NET-03 one small employer's staff all treated by the same two clinics,NET,NET-03-R02,CLM69557049,provider,PRV0065;PRV0094,employer EMPX0003
NET-03 one small employer's staff all treated by the same two clinics,NET,NET-03-R02,CLM89778412,provider,PRV0065;PRV0094,employer EMPX0003
NET-03 one small employer's staff all treated by the same two clinics,NET,NET-03-R02,CLM52960204,provider,PRV0065;PRV0094,employer EMPX0003
NET-03 one small employer's staff all treated by the same two clinics,NET,NET-03-R02,CLM69937278,provider,PRV0065;PRV0094,employer EMPX0003
NET-03 one small employer's staff all treated by the same two clinics,NET,NET-03-R02,CLM10932301,provider,PRV0065;PRV0094,employer EMPX0003
NET-03 one small employer's staff all treated by the same two clinics,NET,NET-03-R02,CLM81726183,provider,PRV0065;PRV0094,employer EMPX0003
NET-03 one small employer's staff all treated by the same two clinics,NET,NET-03-R02,CLM86065714,provider,PRV0065;PRV0094,employer EMPX0003
NET-03 one small employer's staff all treated by the same two clinics,NET,NET-03-R02,CLM19053304,provider,PRV0065;PRV0094,employer EMPX0003
NET-03 one small employer's staff all treated by the same two clinics,NET,NET-03-R02,CLM35914601,provider,PRV0065;PRV0094,employer EMPX0003
NET-03 one small employer's staff all treated by the same two clinics,NET,NET-03-R02,CLM55988436,provider,PRV0065;PRV0094,employer EMPX0003
NET-03 one small employer's staff all treated by the same two clinics,NET,NET-03-R02,CLM59646215,provider,PRV0065;PRV0094,employer EMPX0003
NET-03 one small employer's staff all treated by the same two clinics,NET,NET-03-R02,CLM61900544,provider,PRV0065;PRV0094,employer EMPX0003
NET-03 one small employer's staff all treated by the same two clinics,NET,NET-03-R02,CLM37334498,provider,PRV0065;PRV0094,employer EMPX0003
NET-03 one small employer's staff all treated by the same two clinics,NET,NET-03-R02,CLM98691411,provider,PRV0065;PRV0094,employer EMPX0003
NET-03 one small employer's staff all treated by the same two clinics,NET,NET-03-R02,CLM78755546,provider,PRV0065;PRV0094,employer EMPX0003
NET-03 one small employer's staff all treated by the same two clinics,NET,NET-03-R02,CLM35311475,provider,PRV0065;PRV0094,employer EMPX0003
NET-03 one small employer's staff all treated by the same two clinics,NET,NET-03-R02,CLM73153335,provider,PRV0065;PRV0094,employer EMPX0003
NET-03 one small employer's staff all treated by the same two clinics,NET,NET-03-R02,CLM46168448,provider,PRV0065;PRV0094,employer EMPX0003
NET-03 one small employer's staff all treated by the same two clinics,NET,NET-03-R02,CLM66295447,provider,PRV0065;PRV0094,employer EMPX0003
NET-03 one small employer's staff all treated by the same two clinics,NET,NET-03-R02,CLM64186224,provider,PRV0065;PRV0094,employer EMPX0003
NET-03 one small employer's staff all treated by the same two clinics,NET,NET-03-R02,CLM93369977,provider,PRV0065;PRV0094,employer EMPX0003
NET-03 one small employer's staff all treated by the same two clinics,NET,NET-03-R02,CLM90213667,provider,PRV0065;PRV0094,employer EMPX0003
NET-03 one small employer's staff all treated by the same two clinics,NET,NET-03-R02,CLM95222459,provider,PRV0065;PRV0094,employer EMPX0003
NET-03 one small employer's staff all treated by the same two clinics,NET,NET-03-R02,CLM57550283,provider,PRV0065;PRV0094,employer EMPX0003
NET-03 one small employer's staff all treated by the same two clinics,NET,NET-03-R02,CLM56763144,provider,PRV0065;PRV0094,employer EMPX0003
NET-03 one small employer's staff all treated by the same two clinics,NET,NET-03-R02,CLM52969188,provider,PRV0065;PRV0094,employer EMPX0003
NET-03 one small employer's staff all treated by the same two clinics,NET,NET-03-R02,CLM18375671,provider,PRV0065;PRV0094,employer EMPX0003
NET-03 one small employer's staff all treated by the same two clinics,NET,NET-03-R02,CLM70382339,provider,PRV0065;PRV0094,employer EMPX0003
NET-03 one small employer's staff all treated by the same two clinics,NET,NET-03-R02,CLM28255305,provider,PRV0065;PRV0094,employer EMPX0003
NET-03 one small employer's staff all treated by the same two clinics,NET,NET-03-R02,CLM17007789,provider,PRV0065;PRV0094,employer EMPX0003
NET-03 employer's own on-site clinic serving its staff,NET,NET-03-R02;NET-04-R04,CLM34066752,provider,PRV0034,Employer on-site care / known corporate link: the declared exclusions.
NET-03 employer's own on-site clinic serving its staff,NET,NET-03-R02;NET-04-R04,CLM11548758,provider,PRV0034,Employer on-site care / known corporate link: the declared exclusions.
NET-03 employer's own on-site clinic serving its staff,NET,NET-03-R02;NET-04-R04,CLM37583221,provider,PRV0034,Employer on-site care / known corporate link: the declared exclusions.
NET-03 employer's own on-site clinic serving its staff,NET,NET-03-R02;NET-04-R04,CLM53118446,provider,PRV0034,Employer on-site care / known corporate link: the declared exclusions.
NET-03 employer's own on-site clinic serving its staff,NET,NET-03-R02;NET-04-R04,CLM32827170,provider,PRV0034,Employer on-site care / known corporate link: the declared exclusions.
NET-03 employer's own on-site clinic serving its staff,NET,NET-03-R02;NET-04-R04,CLM23823511,provider,PRV0034,Employer on-site care / known corporate link: the declared exclusions.
NET-03 employer's own on-site clinic serving its staff,NET,NET-03-R02;NET-04-R04,CLM33654990,provider,PRV0034,Employer on-site care / known corporate link: the declared exclusions.
NET-03 employer's own on-site clinic serving its staff,NET,NET-03-R02;NET-04-R04,CLM54793988,provider,PRV0034,Employer on-site care / known corporate link: the declared exclusions.
NET-03 employer's own on-site clinic serving its staff,NET,NET-03-R02;NET-04-R04,CLM93673232,provider,PRV0034,Employer on-site care / known corporate link: the declared exclusions.
NET-03 employer's own on-site clinic serving its staff,NET,NET-03-R02;NET-04-R04,CLM24808355,provider,PRV0034,Employer on-site care / known corporate link: the declared exclusions.
NET-03 employer's own on-site clinic serving its staff,NET,NET-03-R02;NET-04-R04,CLM59902990,provider,PRV0034,Employer on-site care / known corporate link: the declared exclusions.
NET-03 employer's own on-site clinic serving its staff,NET,NET-03-R02;NET-04-R04,CLM77194659,provider,PRV0034,Employer on-site care / known corporate link: the declared exclusions.
NET-03 employer's own on-site clinic serving its staff,NET,NET-03-R02;NET-04-R04,CLM51170446,provider,PRV0034,Employer on-site care / known corporate link: the declared exclusions.
NET-03 employer's own on-site clinic serving its staff,NET,NET-03-R02;NET-04-R04,CLM26553796,provider,PRV0034,Employer on-site care / known corporate link: the declared exclusions.
NET-03 employer's own on-site clinic serving its staff,NET,NET-03-R02;NET-04-R04,CLM48175710,provider,PRV0034,Employer on-site care / known corporate link: the declared exclusions.
NET-03 employer's own on-site clinic serving its staff,NET,NET-03-R02;NET-04-R04,CLM99770729,provider,PRV0034,Employer on-site care / known corporate link: the declared exclusions.
NET-03 employer's own on-site clinic serving its staff,NET,NET-03-R02;NET-04-R04,CLM52295089,provider,PRV0034,Employer on-site care / known corporate link: the declared exclusions.
NET-03 employer's own on-site clinic serving its staff,NET,NET-03-R02;NET-04-R04,CLM58381930,provider,PRV0034,Employer on-site care / known corporate link: the declared exclusions.
NET-03 employer's own on-site clinic serving its staff,NET,NET-03-R02;NET-04-R04,CLM55191905,provider,PRV0034,Employer on-site care / known corporate link: the declared exclusions.
NET-03 employer's own on-site clinic serving its staff,NET,NET-03-R02;NET-04-R04,CLM81975244,provider,PRV0034,Employer on-site care / known corporate link: the declared exclusions.
NET-03 clinic waiving patient share on repeated knee injections for a small patient group,NET,NET-03-R03,CLM47286081,provider,PRV0043,
NET-03 clinic waiving patient share on repeated knee injections for a small patient group,NET,NET-03-R03,CLM95418574,provider,PRV0043,
NET-03 clinic waiving patient share on repeated knee injections for a small patient group,NET,NET-03-R03,CLM16805636,provider,PRV0043,
NET-03 clinic waiving patient share on repeated knee injections for a small patient group,NET,NET-03-R03,CLM22670320,provider,PRV0043,
NET-03 clinic waiving patient share on repeated knee injections for a small patient group,NET,NET-03-R03,CLM77666966,provider,PRV0043,
NET-03 clinic waiving patient share on repeated knee injections for a small patient group,NET,NET-03-R03,CLM95103080,provider,PRV0043,
NET-03 clinic waiving patient share on repeated knee injections for a small patient group,NET,NET-03-R03,CLM13684675,provider,PRV0043,
NET-03 clinic waiving patient share on repeated knee injections for a small patient group,NET,NET-03-R03,CLM84852035,provider,PRV0043,
NET-03 clinic waiving patient share on repeated knee injections for a small patient group,NET,NET-03-R03,CLM82539035,provider,PRV0043,
NET-03 clinic waiving patient share on repeated knee injections for a small patient group,NET,NET-03-R03,CLM88073798,provider,PRV0043,
NET-03 clinic waiving patient share on repeated knee injections for a small patient group,NET,NET-03-R03,CLM42565513,provider,PRV0043,
NET-03 clinic waiving patient share on repeated knee injections for a small patient group,NET,NET-03-R03,CLM58428840,provider,PRV0043,
NET-03 clinic waiving patient share on repeated knee injections for a small patient group,NET,NET-03-R03,CLM17254087,provider,PRV0043,
NET-03 clinic waiving patient share on repeated knee injections for a small patient group,NET,NET-03-R03,CLM29245109,provider,PRV0043,
NET-03 clinic waiving patient share on repeated knee injections for a small patient group,NET,NET-03-R03,CLM98053800,provider,PRV0043,
NET-03 clinic waiving patient share on repeated knee injections for a small patient group,NET,NET-03-R03,CLM92334879,provider,PRV0043,
NET-03 clinic waiving patient share on repeated knee injections for a small patient group,NET,NET-03-R03,CLM21679866,provider,PRV0043,
NET-03 clinic waiving patient share on repeated knee injections for a small patient group,NET,NET-03-R03,CLM58280897,provider,PRV0043,
NET-03 clinic waiving patient share on repeated knee injections for a small patient group,NET,NET-03-R03,CLM99590507,provider,PRV0043,
NET-03 clinic waiving patient share on repeated knee injections for a small patient group,NET,NET-03-R03,CLM26197912,provider,PRV0043,
NET-03 clinic waiving patient share on repeated knee injections for a small patient group,NET,NET-03-R03,CLM79731433,provider,PRV0043,
NET-03 clinic waiving patient share on repeated knee injections for a small patient group,NET,NET-03-R03,CLM57115907,provider,PRV0043,
NET-03 clinic waiving patient share on repeated knee injections for a small patient group,NET,NET-03-R03,CLM29139676,provider,PRV0043,
NET-03 clinic waiving patient share on repeated knee injections for a small patient group,NET,NET-03-R03,CLM55885385,provider,PRV0043,
NET-03 clinic waiving patient share on repeated knee injections for a small patient group,NET,NET-03-R03,CLM88316230,provider,PRV0043,
NET-03 clinic waiving patient share on repeated knee injections for a small patient group,NET,NET-03-R03,CLM11535732,provider,PRV0043,
NET-03 clinic waiving patient share on repeated knee injections for a small patient group,NET,NET-03-R03,CLM37966336,provider,PRV0043,
NET-03 clinic waiving patient share on repeated knee injections for a small patient group,NET,NET-03-R03,CLM79691561,provider,PRV0043,
NET-03 clinic waiving patient share on repeated knee injections for a small patient group,NET,NET-03-R03,CLM57274965,provider,PRV0043,
NET-03 clinic waiving patient share on repeated knee injections for a small patient group,NET,NET-03-R03,CLM59912146,provider,PRV0043,
NET-03 clinic waiving patient share on repeated knee injections for a small patient group,NET,NET-03-R03,CLM46195011,provider,PRV0043,
NET-03 clinic waiving patient share on repeated knee injections for a small patient group,NET,NET-03-R03,CLM98504762,provider,PRV0043,
NET-03 several patients of one clinic say billed services were never given,NET,NET-03-R04,CLM29800176,provider,PRV0116,
NET-03 several patients of one clinic say billed services were never given,NET,NET-03-R04,CLM53500063,provider,PRV0116,
NET-03 several patients of one clinic say billed services were never given,NET,NET-03-R04,CLM92948074,provider,PRV0116,
NET-03 unverified web-form replies disputing visits,NET,NET-03-R04,CLM59454998,provider,PRV0059,Evidence-reliability exclusion: the channel is not authenticated.
NET-03 unverified web-form replies disputing visits,NET,NET-03-R04,CLM92623615,provider,PRV0059,Evidence-reliability exclusion: the channel is not authenticated.
NET-04 clinic owned by the agent who sold its patients' policies,NET,NET-04-R04,CLM14407615,provider,PRV0092,agent AGT044
NET-04 clinic owned by the agent who sold its patients' policies,NET,NET-04-R04,CLM40627256,provider,PRV0092,agent AGT044
NET-04 clinic owned by the agent who sold its patients' policies,NET,NET-04-R04,CLM17238824,provider,PRV0092,agent AGT044
NET-04 clinic owned by the agent who sold its patients' policies,NET,NET-04-R04,CLM82599613,provider,PRV0092,agent AGT044
NET-04 clinic owned by the agent who sold its patients' policies,NET,NET-04-R04,CLM64040774,provider,PRV0092,agent AGT044
NET-04 clinic owned by the agent who sold its patients' policies,NET,NET-04-R04,CLM77828432,provider,PRV0092,agent AGT044
NET-04 clinic owned by the agent who sold its patients' policies,NET,NET-04-R04,CLM17191305,provider,PRV0092,agent AGT044
NET-04 clinic owned by the agent who sold its patients' policies,NET,NET-04-R04,CLM29372006,provider,PRV0092,agent AGT044
NET-04 clinic owned by the agent who sold its patients' policies,NET,NET-04-R04,CLM62347757,provider,PRV0092,agent AGT044
NET-04 clinic owned by the agent who sold its patients' policies,NET,NET-04-R04,CLM34666695,provider,PRV0092,agent AGT044
